product_id,detail
P001,"## 제품 소개
비타민C 필링 로션은 각질 고민을 겪는 분들을 위해 만들었습니다. 지성을 기준으로 배합했고, 150ml 용량으로 담았습니다. 성분 하나를 넣고 빼는 데 오래 고민했습니다.

## 주요 성분
비타민C는 맑은 결을 만드는 데 널리 쓰이지만 공기와 빛에 약합니다. 이 제품은 안정화된 유도체를 사용했고 불투명 용기에 담았습니다.

전성분: 알란토인, 정제수, 에틸헥실글리세린, 베타인, 잔탄검, 부틸렌글라이콜, 비타민C 추출물, 향료

## 이런 분께 권합니다
지성이신 분, 각질 때문에 오래 고민하신 분께 권합니다. 처음 쓰시는 분도 부담 없이 시작하실 수 있습니다.

## 사용법
가벼운 마무리가 필요할 때 크림 대신 사용합니다. 아침에는 로션, 저녁에는 크림으로 나누어 쓰셔도 좋습니다.

## 주의사항
고농도 비타민C 유도체가 함유되어 있습니다. 민감성 피부에는 따가움이 느껴질 수 있으므로 사용을 권하지 않습니다. 개봉 후에는 색이 변할 수 있으니 3개월 이내에 사용해 주세요.
화장품 사용 시 또는 사용 후 직사광선에 의하여 사용 부위가 붉은 반점, 부어오름 또는 가려움증 등의 이상 증상이나 부작용이 있는 경우 전문의 등과 상담할 것.
상처가 있는 부위 등에는 사용을 자제할 것.
보관 및 취급 시의 주의사항 — 어린이의 손이 닿지 않는 곳에 보관할 것. 직사광선을 피해서 보관할 것.

## 사용성 평가
자체 진행한 사용성 평가 결과입니다. 시험 대상자 22명, 4주간 1일 2회 사용 조건입니다.

- 사용 직후 수분량 27% 증가 (기기 측정)
- 4주 후 피부 거칠기 25% 개선
- 사용자의 90%가 「다시 구매할 의향이 있다」고 응답
- 시험 기간 중 이상 반응을 보고한 대상자 없음

본 결과는 개인에 따라 다를 수 있으며 질병의 예방이나 치료를 위한 것이 아닙니다.

## 인증 및 시험
- 피부 자극 테스트 완료 (국내 임상시험 기관)
- 알레르기 유발 성분 20종 무첨가
- 동물 실험을 하지 않았습니다
- 환경을 생각한 재활용 가능 용기를 사용했습니다
- 화장품 책임판매업 등록 필증 보유

## 자주 묻는 질문
Q. 샘플을 받아볼 수 있나요?
A. 고객센터로 문의해 주시면 재고 상황에 따라 안내해 드리고 있습니다.

Q. 아침에도 쓸 수 있나요?
A. 네, 아침저녁 모두 사용하실 수 있습니다. 다만 아침에 사용하실 때는 자외선 차단제를 반드시 함께 발라 주세요.

Q. 용기가 펌프인가요?
A. 위생과 산화를 고려해 펌프 형태로 제작했습니다. 마지막까지 쓰실 수 있도록 용기 안쪽을 비스듬히 설계했습니다.

Q. 피부가 따가운데 계속 써도 되나요?
A. 사용을 중단하시고 상태를 지켜봐 주세요. 증상이 이어지면 전문의와 상담하시기 바랍니다.

Q. 유통기한이 어떻게 되나요?
A. 제조일로부터 30개월이며, 개봉 후에는 12개월 이내에 사용하시는 것을 권장합니다. 용기 하단에서 제조일자를 확인하실 수 있습니다.

## 배송 및 교환
평일 오후 2시 이전 결제 건은 당일 출고됩니다. 도서·산간 지역은 배송이 하루 이틀 더 걸릴 수 있습니다.
단순 변심에 의한 교환 및 반품은 수령일로부터 7일 이내에 가능하며 왕복 배송비가 부과됩니다.
개봉하였거나 사용한 흔적이 있는 상품은 교환 및 반품이 어렵습니다.
상품에 하자가 있는 경우에는 배송비 부담 없이 교환해 드립니다."
P002,"## 제품 소개
그린포레는 숲에서 자란 원료를 씁니다. 국내 청정 지역에서 재배한 식물을 저온에서 추출해 본래의 성질을 지켰습니다. 자연에 가까운 것이 결국 피부에도 가깝다고 믿습니다.

나이아신아마이드 트러블 토너은 트러블 고민을 겪는 분들을 위해 만들었습니다. 복합성을 기준으로 배합했고, 150ml 용량으로 담았습니다. 여러 차례의 사용성 평가를 거쳐 제형을 확정했습니다.

## 주요 성분
나이아신아마이드는 비타민B3 계열 성분으로, 칙칙해 보이는 기를 덜어내는 데 오래 쓰여 왔습니다. 함량을 2%로 잡아 부담을 낮췄습니다.

전성분: 글리세린, 카프릴릴글라이콜, 잔탄검, 베타인, 판테놀, 부틸렌글라이콜, 에틸헥실글리세린, 나이아신아마이드 추출물, 향료

## 이런 분께 권합니다
복합성이신 분, 트러블 때문에 오래 고민하신 분께 권합니다. 환절기마다 컨디션이 흔들리는 분께도 잘 맞습니다.

## 사용법
세안 후 가장 먼저 사용합니다. 화장솜에 적셔 결을 따라 부드럽게 닦아내거나, 손바닥에 덜어 얼굴 전체에 두드려 흡수시켜 주세요.

## 주의사항
화장품 사용 시 또는 사용 후 직사광선에 의하여 사용 부위가 붉은 반점, 부어오름 또는 가려움증 등의 이상 증상이나 부작용이 있는 경우 전문의 등과 상담할 것.
상처가 있는 부위 등에는 사용을 자제할 것.
보관 및 취급 시의 주의사항 — 어린이의 손이 닿지 않는 곳에 보관할 것. 직사광선을 피해서 보관할 것.

## 사용성 평가
자체 진행한 사용성 평가 결과입니다. 시험 대상자 31명, 8주간 1일 2회 사용 조건입니다.

- 사용 직후 수분량 57% 증가 (기기 측정)
- 8주 후 피부 거칠기 15% 개선
- 사용자의 86%가 「다시 구매할 의향이 있다」고 응답
- 시험 기간 중 이상 반응을 보고한 대상자 없음

본 결과는 개인에 따라 다를 수 있으며 질병의 예방이나 치료를 위한 것이 아닙니다.

## 인증 및 시험
- 피부 자극 테스트 완료 (국내 임상시험 기관)
- 알레르기 유발 성분 24종 무첨가
- 동물 실험을 하지 않았습니다
- 환경을 생각한 재활용 가능 용기를 사용했습니다
- 화장품 책임판매업 등록 필증 보유

## 자주 묻는 질문
Q. 유통기한이 어떻게 되나요?
A. 제조일로부터 30개월이며, 개봉 후에는 12개월 이내에 사용하시는 것을 권장합니다. 용기 하단에서 제조일자를 확인하실 수 있습니다.

Q. 임신 중에도 사용 가능한가요?
A. 제품 특성상 개인차가 있을 수 있으므로 임신 중이시라면 사용 전에 전문의와 상담하시기를 권해 드립니다.

Q. 다른 제품과 같이 써도 되나요?
A. 기초 단계 순서만 지켜 주시면 함께 사용하셔도 괜찮습니다. 묽은 것부터 되직한 것 순으로 발라 주세요.

Q. 샘플을 받아볼 수 있나요?
A. 고객센터로 문의해 주시면 재고 상황에 따라 안내해 드리고 있습니다.

Q. 피부가 따가운데 계속 써도 되나요?
A. 사용을 중단하시고 상태를 지켜봐 주세요. 증상이 이어지면 전문의와 상담하시기 바랍니다.

Q. 용기가 펌프인가요?
A. 위생과 산화를 고려해 펌프 형태로 제작했습니다. 마지막까지 쓰실 수 있도록 용기 안쪽을 비스듬히 설계했습니다.

## 배송 및 교환
평일 오후 2시 이전 결제 건은 당일 출고됩니다. 도서·산간 지역은 배송이 하루 이틀 더 걸릴 수 있습니다.
단순 변심에 의한 교환 및 반품은 수령일로부터 7일 이내에 가능하며 왕복 배송비가 부과됩니다.
개봉하였거나 사용한 흔적이 있는 상품은 교환 및 반품이 어렵습니다.
상품에 하자가 있는 경우에는 배송비 부담 없이 교환해 드립니다."
P003,"## 제품 소개
판테놀 수분 클렌징오일은 수분 고민을 겪는 분들을 위해 만들었습니다. 지성을 기준으로 배합했고, 150ml 용량으로 담았습니다. 여러 차례의 사용성 평가를 거쳐 제형을 확정했습니다.

## 주요 성분
판테놀은 프로비타민B5라고도 불리며, 붉게 달아오른 피부를 달래는 데 씁니다. 자극이 적어 예민한 시기에도 쓸 수 있는 편입니다.

전성분: 에틸헥실글리세린, 잔탄검, 알란토인, 트로메타민, 다이소듐이디티에이, 판테놀, 정제수, 글리세린, 1,2-헥산다이올, 소듐하이알루로네이트, 베타인, 부틸렌글라이콜, 카보머, 카프릴릴글라이콜, 판테놀 추출물, 향료

## 이런 분께 권합니다
지성이신 분, 수분 때문에 오래 고민하신 분께 권합니다. 환절기마다 컨디션이 흔들리는 분께도 잘 맞습니다.

## 사용법
마른 손과 마른 얼굴에 사용합니다. 얼굴 전체에 펴 발라 메이크업을 녹인 뒤 미온수를 조금씩 더해 유화시키고 헹궈냅니다.

## 주의사항
화장품 사용 시 또는 사용 후 직사광선에 의하여 사용 부위가 붉은 반점, 부어오름 또는 가려움증 등의 이상 증상이나 부작용이 있는 경우 전문의 등과 상담할 것.
상처가 있는 부위 등에는 사용을 자제할 것.
보관 및 취급 시의 주의사항 — 어린이의 손이 닿지 않는 곳에 보관할 것. 직사광선을 피해서 보관할 것.

## 인증 및 시험
- 피부 자극 테스트 완료 (국내 임상시험 기관)
- 알레르기 유발 성분 26종 무첨가
- 동물 실험을 하지 않았습니다
- 환경을 생각한 재활용 가능 용기를 사용했습니다
- 화장품 책임판매업 등록 필증 보유

## 배송 및 교환
평일 오후 2시 이전 결제 건은 당일 출고됩니다. 도서·산간 지역은 배송이 하루 이틀 더 걸릴 수 있습니다.
단순 변심에 의한 교환 및 반품은 수령일로부터 7일 이내에 가능하며 왕복 배송비가 부과됩니다.
개봉하였거나 사용한 흔적이 있는 상품은 교환 및 반품이 어렵습니다.
상품에 하자가 있는 경우에는 배송비 부담 없이 교환해 드립니다."
P004,"## 제품 소개
콜라겐 탄력 미스트은 탄력 고민을 겪는 분들을 위해 만들었습니다. 모든 피부을 기준으로 배합했고, 100ml 용량으로 담았습니다. 성분 하나를 넣고 빼는 데 오래 고민했습니다.

## 주요 성분
콜라겐은 탄력을 채우는 데 쓰이며, 이 제품에는 흡수를 고려해 저분자로 분해한 형태를 넣었습니다.

전성분: 글리세린, 부틸렌글라이콜, 다이소듐이디티에이, 알란토인, 판테놀, 에틸헥실글리세린, 베타인, 1,2-헥산다이올, 카프릴릴글라이콜, 카보머, 소듐하이알루로네이트, 잔탄검, 콜라겐 추출물, 향료

## 이런 분께 권합니다
모든 피부이신 분, 탄력 때문에 오래 고민하신 분께 권합니다. 처음 쓰시는 분도 부담 없이 시작하실 수 있습니다.

## 사용법
필요할 때마다 얼굴에서 20cm 정도 떨어뜨려 분사합니다. 메이크업 위에도 사용할 수 있습니다.

## 주의사항
화장품 사용 시 또는 사용 후 직사광선에 의하여 사용 부위가 붉은 반점, 부어오름 또는 가려움증 등의 이상 증상이나 부작용이 있는 경우 전문의 등과 상담할 것.
상처가 있는 부위 등에는 사용을 자제할 것.
보관 및 취급 시의 주의사항 — 어린이의 손이 닿지 않는 곳에 보관할 것. 직사광선을 피해서 보관할 것.

## 인증 및 시험
- 피부 자극 테스트 완료 (국내 임상시험 기관)
- 알레르기 유발 성분 21종 무첨가
- 동물 실험을 하지 않았습니다
- 환경을 생각한 재활용 가능 용기를 사용했습니다
- 화장품 책임판매업 등록 필증 보유

## 자주 묻는 질문
Q. 샘플을 받아볼 수 있나요?
A. 고객센터로 문의해 주시면 재고 상황에 따라 안내해 드리고 있습니다.

Q. 피부가 따가운데 계속 써도 되나요?
A. 사용을 중단하시고 상태를 지켜봐 주세요. 증상이 이어지면 전문의와 상담하시기 바랍니다.

Q. 용기가 펌프인가요?
A. 위생과 산화를 고려해 펌프 형태로 제작했습니다. 마지막까지 쓰실 수 있도록 용기 안쪽을 비스듬히 설계했습니다.

Q. 임신 중에도 사용 가능한가요?
A. 제품 특성상 개인차가 있을 수 있으므로 임신 중이시라면 사용 전에 전문의와 상담하시기를 권해 드립니다.

Q. 아침에도 쓸 수 있나요?
A. 네, 아침저녁 모두 사용하실 수 있습니다. 다만 아침에 사용하실 때는 자외선 차단제를 반드시 함께 발라 주세요.

## 배송 및 교환
평일 오후 2시 이전 결제 건은 당일 출고됩니다. 도서·산간 지역은 배송이 하루 이틀 더 걸릴 수 있습니다.
단순 변심에 의한 교환 및 반품은 수령일로부터 7일 이내에 가능하며 왕복 배송비가 부과됩니다.
개봉하였거나 사용한 흔적이 있는 상품은 교환 및 반품이 어렵습니다.
상품에 하자가 있는 경우에는 배송비 부담 없이 교환해 드립니다."
P005,"## 제품 소개
순수담은 담백한 것을 만듭니다. 향을 넣지 않고 색을 입히지 않으며, 꼭 필요한 것만 담습니다. 처음 써보시는 분도 부담 없이 시작하실 수 있도록 설계했습니다.

나이아신아마이드 포어 미스트은 모공 고민을 겪는 분들을 위해 만들었습니다. 민감성을 기준으로 배합했고, 100ml 용량으로 담았습니다. 성분 하나를 넣고 빼는 데 오래 고민했습니다.

## 주요 성분
나이아신아마이드는 비타민B3 계열 성분으로, 칙칙해 보이는 기를 덜어내는 데 오래 쓰여 왔습니다. 함량을 2%로 잡아 부담을 낮췄습니다.

전성분: 소듐하이알루로네이트, 1,2-헥산다이올, 잔탄검, 카보머, 부틸렌글라이콜, 트로메타민, 정제수, 다이소듐이디티에이, 베타인, 글리세린, 알란토인, 판테놀, 나이아신아마이드 추출물, 향료

## 사용법
필요할 때마다 얼굴에서 20cm 정도 떨어뜨려 분사합니다. 메이크업 위에도 사용할 수 있습니다.

## 주의사항
화장품 사용 시 또는 사용 후 직사광선에 의하여 사용 부위가 붉은 반점, 부어오름 또는 가려움증 등의 이상 증상이나 부작용이 있는 경우 전문의 등과 상담할 것.
상처가 있는 부위 등에는 사용을 자제할 것.
보관 및 취급 시의 주의사항 — 어린이의 손이 닿지 않는 곳에 보관할 것. 직사광선을 피해서 보관할 것.

## 인증 및 시험
- 피부 자극 테스트 완료 (국내 임상시험 기관)
- 알레르기 유발 성분 24종 무첨가
- 동물 실험을 하지 않았습니다
- 환경을 생각한 재활용 가능 용기를 사용했습니다
- 화장품 책임판매업 등록 필증 보유

## 자주 묻는 질문
Q. 유통기한이 어떻게 되나요?
A. 제조일로부터 30개월이며, 개봉 후에는 12개월 이내에 사용하시는 것을 권장합니다. 용기 하단에서 제조일자를 확인하실 수 있습니다.

Q. 샘플을 받아볼 수 있나요?
A. 고객센터로 문의해 주시면 재고 상황에 따라 안내해 드리고 있습니다.

Q. 임신 중에도 사용 가능한가요?
A. 제품 특성상 개인차가 있을 수 있으므로 임신 중이시라면 사용 전에 전문의와 상담하시기를 권해 드립니다.

Q. 아침에도 쓸 수 있나요?
A. 네, 아침저녁 모두 사용하실 수 있습니다. 다만 아침에 사용하실 때는 자외선 차단제를 반드시 함께 발라 주세요.

Q. 다른 제품과 같이 써도 되나요?
A. 기초 단계 순서만 지켜 주시면 함께 사용하셔도 괜찮습니다. 묽은 것부터 되직한 것 순으로 발라 주세요.

Q. 피부가 따가운데 계속 써도 되나요?
A. 사용을 중단하시고 상태를 지켜봐 주세요. 증상이 이어지면 전문의와 상담하시기 바랍니다.

Q. 남성이 써도 되나요?
A. 성별과 무관하게 사용하실 수 있습니다. 면도 직후에는 자극이 있을 수 있으니 시간을 두고 사용해 주세요.

Q. 용기가 펌프인가요?
A. 위생과 산화를 고려해 펌프 형태로 제작했습니다. 마지막까지 쓰실 수 있도록 용기 안쪽을 비스듬히 설계했습니다.

## 배송 및 교환
평일 오후 2시 이전 결제 건은 당일 출고됩니다. 도서·산간 지역은 배송이 하루 이틀 더 걸릴 수 있습니다.
단순 변심에 의한 교환 및 반품은 수령일로부터 7일 이내에 가능하며 왕복 배송비가 부과됩니다.
개봉하였거나 사용한 흔적이 있는 상품은 교환 및 반품이 어렵습니다.
상품에 하자가 있는 경우에는 배송비 부담 없이 교환해 드립니다."
P006,"## 제품 소개
판테놀 트러블 로션은 트러블 고민을 겪는 분들을 위해 만들었습니다. 건성을 기준으로 배합했고, 100ml 용량으로 담았습니다. 출시 전 3개월간 자체 모니터링을 진행했습니다.

## 주요 성분
판테놀은 프로비타민B5라고도 불리며, 붉게 달아오른 피부를 달래는 데 씁니다. 자극이 적어 예민한 시기에도 쓸 수 있는 편입니다.

전성분: 글리세린, 소듐하이알루로네이트, 정제수, 카보머, 트로메타민, 부틸렌글라이콜, 카프릴릴글라이콜, 베타인, 1,2-헥산다이올, 판테놀, 판테놀 추출물, 향료

## 이런 분께 권합니다
건성이신 분, 트러블 때문에 오래 고민하신 분께 권합니다. 환절기마다 컨디션이 흔들리는 분께도 잘 맞습니다.

## 사용법
가벼운 마무리가 필요할 때 크림 대신 사용합니다. 아침에는 로션, 저녁에는 크림으로 나누어 쓰셔도 좋습니다.

## 주의사항
화장품 사용 시 또는 사용 후 직사광선에 의하여 사용 부위가 붉은 반점, 부어오름 또는 가려움증 등의 이상 증상이나 부작용이 있는 경우 전문의 등과 상담할 것.
상처가 있는 부위 등에는 사용을 자제할 것.
보관 및 취급 시의 주의사항 — 어린이의 손이 닿지 않는 곳에 보관할 것. 직사광선을 피해서 보관할 것.

## 인증 및 시험
- 피부 자극 테스트 완료 (국내 임상시험 기관)
- 알레르기 유발 성분 24종 무첨가
- 동물 실험을 하지 않았습니다
- 환경을 생각한 재활용 가능 용기를 사용했습니다
- 화장품 책임판매업 등록 필증 보유

## 구매하신 분들의 이야기
구매하신 분들이 자주 남겨주신 이야기를 정리했습니다.

가장 많이 언급된 표현은 「자극이 없다」와 「흡수가 빠르다」였습니다. 특히 겨울철에 만족도가 높다는 의견이 많았고,
제형이 물처럼 묽은 편이라 이 점을 좋아하시는 분과 아쉬워하시는 분이 나뉘었습니다.
향에 대해서는 무향에 가깝다라는 점을 장점으로 꼽아 주신 분이 많았습니다.
재구매 의사를 밝혀 주신 분의 비율이 높은 편이며, 용량 대비 가격에 대한 의견은 엇갈립니다.

## 자주 묻는 질문
Q. 유통기한이 어떻게 되나요?
A. 제조일로부터 30개월이며, 개봉 후에는 12개월 이내에 사용하시는 것을 권장합니다. 용기 하단에서 제조일자를 확인하실 수 있습니다.

Q. 용기가 펌프인가요?
A. 위생과 산화를 고려해 펌프 형태로 제작했습니다. 마지막까지 쓰실 수 있도록 용기 안쪽을 비스듬히 설계했습니다.

Q. 남성이 써도 되나요?
A. 성별과 무관하게 사용하실 수 있습니다. 면도 직후에는 자극이 있을 수 있으니 시간을 두고 사용해 주세요.

Q. 임신 중에도 사용 가능한가요?
A. 제품 특성상 개인차가 있을 수 있으므로 임신 중이시라면 사용 전에 전문의와 상담하시기를 권해 드립니다.

Q. 다른 제품과 같이 써도 되나요?
A. 기초 단계 순서만 지켜 주시면 함께 사용하셔도 괜찮습니다. 묽은 것부터 되직한 것 순으로 발라 주세요.

## 배송 및 교환
평일 오후 2시 이전 결제 건은 당일 출고됩니다. 도서·산간 지역은 배송이 하루 이틀 더 걸릴 수 있습니다.
단순 변심에 의한 교환 및 반품은 수령일로부터 7일 이내에 가능하며 왕복 배송비가 부과됩니다.
개봉하였거나 사용한 흔적이 있는 상품은 교환 및 반품이 어렵습니다.
상품에 하자가 있는 경우에는 배송비 부담 없이 교환해 드립니다."
P007,"## 제품 소개
모이스트랩은 수분에 집중합니다. 겉만 촉촉한 것과 속까지 채우는 것은 다르다는 것을 여러 실험으로 확인했고, 그 차이를 제형에 담았습니다.

판테놀 포어 앰플은 모공 고민을 겪는 분들을 위해 만들었습니다. 지성을 기준으로 배합했고, 30ml 용량으로 담았습니다. 여러 차례의 사용성 평가를 거쳐 제형을 확정했습니다.

## 주요 성분
판테놀은 프로비타민B5라고도 불리며, 붉게 달아오른 피부를 달래는 데 씁니다. 자극이 적어 예민한 시기에도 쓸 수 있는 편입니다.

전성분: 다이소듐이디티에이, 카프릴릴글라이콜, 정제수, 부틸렌글라이콜, 소듐하이알루로네이트, 카보머, 잔탄검, 판테놀, 판테놀 추출물, 향료

## 사용법
집중 관리가 필요할 때 세럼 대신 또는 세럼 다음에 사용합니다. 매일 써도 되지만 주 2~3회 집중 사용도 좋습니다.

## 주의사항
화장품 사용 시 또는 사용 후 직사광선에 의하여 사용 부위가 붉은 반점, 부어오름 또는 가려움증 등의 이상 증상이나 부작용이 있는 경우 전문의 등과 상담할 것.
상처가 있는 부위 등에는 사용을 자제할 것.
보관 및 취급 시의 주의사항 — 어린이의 손이 닿지 않는 곳에 보관할 것. 직사광선을 피해서 보관할 것.

## 인증 및 시험
- 피부 자극 테스트 완료 (국내 임상시험 기관)
- 알레르기 유발 성분 24종 무첨가
- 동물 실험을 하지 않았습니다
- 환경을 생각한 재활용 가능 용기를 사용했습니다
- 화장품 책임판매업 등록 필증 보유

## 자주 묻는 질문
Q. 유통기한이 어떻게 되나요?
A. 제조일로부터 30개월이며, 개봉 후에는 12개월 이내에 사용하시는 것을 권장합니다. 용기 하단에서 제조일자를 확인하실 수 있습니다.

Q. 임신 중에도 사용 가능한가요?
A. 제품 특성상 개인차가 있을 수 있으므로 임신 중이시라면 사용 전에 전문의와 상담하시기를 권해 드립니다.

Q. 다른 제품과 같이 써도 되나요?
A. 기초 단계 순서만 지켜 주시면 함께 사용하셔도 괜찮습니다. 묽은 것부터 되직한 것 순으로 발라 주세요.

Q. 아침에도 쓸 수 있나요?
A. 네, 아침저녁 모두 사용하실 수 있습니다. 다만 아침에 사용하실 때는 자외선 차단제를 반드시 함께 발라 주세요.

## 배송 및 교환
평일 오후 2시 이전 결제 건은 당일 출고됩니다. 도서·산간 지역은 배송이 하루 이틀 더 걸릴 수 있습니다.
단순 변심에 의한 교환 및 반품은 수령일로부터 7일 이내에 가능하며 왕복 배송비가 부과됩니다.
개봉하였거나 사용한 흔적이 있는 상품은 교환 및 반품이 어렵습니다.
상품에 하자가 있는 경우에는 배송비 부담 없이 교환해 드립니다."
P008,"## 제품 소개
데일리랩은 매일 쓰는 것을 만듭니다. 특별한 날의 화려함보다 매일의 꾸준함이 피부를 바꾼다고 생각합니다. 그래서 가격도 매일 쓸 수 있게 맞췄습니다.

나이아신아마이드 포어 클렌징오일은 모공 고민을 겪는 분들을 위해 만들었습니다. 모든 피부을 기준으로 배합했고, 150ml 용량으로 담았습니다. 성분 하나를 넣고 빼는 데 오래 고민했습니다.

## 주요 성분
나이아신아마이드는 비타민B3 계열 성분으로, 칙칙해 보이는 기를 덜어내는 데 오래 쓰여 왔습니다. 함량을 2%로 잡아 부담을 낮췄습니다.

전성분: 카보머, 베타인, 정제수, 카프릴릴글라이콜, 잔탄검, 알란토인, 판테놀, 부틸렌글라이콜, 에틸헥실글리세린, 트로메타민, 나이아신아마이드 추출물, 향료

## 이런 분께 권합니다
모든 피부이신 분, 모공 때문에 오래 고민하신 분께 권합니다. 환절기마다 컨디션이 흔들리는 분께도 잘 맞습니다.

## 사용법
마른 손과 마른 얼굴에 사용합니다. 얼굴 전체에 펴 발라 메이크업을 녹인 뒤 미온수를 조금씩 더해 유화시키고 헹궈냅니다.

## 주의사항
화장품 사용 시 또는 사용 후 직사광선에 의하여 사용 부위가 붉은 반점, 부어오름 또는 가려움증 등의 이상 증상이나 부작용이 있는 경우 전문의 등과 상담할 것.
상처가 있는 부위 등에는 사용을 자제할 것.
보관 및 취급 시의 주의사항 — 어린이의 손이 닿지 않는 곳에 보관할 것. 직사광선을 피해서 보관할 것.

## 사용성 평가
자체 진행한 사용성 평가 결과입니다. 시험 대상자 21명, 4주간 1일 2회 사용 조건입니다.

- 사용 직후 수분량 36% 증가 (기기 측정)
- 4주 후 피부 거칠기 31% 개선
- 사용자의 86%가 「다시 구매할 의향이 있다」고 응답
- 시험 기간 중 이상 반응을 보고한 대상자 없음

본 결과는 개인에 따라 다를 수 있으며 질병의 예방이나 치료를 위한 것이 아닙니다.

## 자주 묻는 질문
Q. 아침에도 쓸 수 있나요?
A. 네, 아침저녁 모두 사용하실 수 있습니다. 다만 아침에 사용하실 때는 자외선 차단제를 반드시 함께 발라 주세요.

Q. 다른 제품과 같이 써도 되나요?
A. 기초 단계 순서만 지켜 주시면 함께 사용하셔도 괜찮습니다. 묽은 것부터 되직한 것 순으로 발라 주세요.

Q. 피부가 따가운데 계속 써도 되나요?
A. 사용을 중단하시고 상태를 지켜봐 주세요. 증상이 이어지면 전문의와 상담하시기 바랍니다.

Q. 샘플을 받아볼 수 있나요?
A. 고객센터로 문의해 주시면 재고 상황에 따라 안내해 드리고 있습니다.

Q. 용기가 펌프인가요?
A. 위생과 산화를 고려해 펌프 형태로 제작했습니다. 마지막까지 쓰실 수 있도록 용기 안쪽을 비스듬히 설계했습니다.

Q. 임신 중에도 사용 가능한가요?
A. 제품 특성상 개인차가 있을 수 있으므로 임신 중이시라면 사용 전에 전문의와 상담하시기를 권해 드립니다.

Q. 남성이 써도 되나요?
A. 성별과 무관하게 사용하실 수 있습니다. 면도 직후에는 자극이 있을 수 있으니 시간을 두고 사용해 주세요.

## 배송 및 교환
평일 오후 2시 이전 결제 건은 당일 출고됩니다. 도서·산간 지역은 배송이 하루 이틀 더 걸릴 수 있습니다.
단순 변심에 의한 교환 및 반품은 수령일로부터 7일 이내에 가능하며 왕복 배송비가 부과됩니다.
개봉하였거나 사용한 흔적이 있는 상품은 교환 및 반품이 어렵습니다.
상품에 하자가 있는 경우에는 배송비 부담 없이 교환해 드립니다."
P009,"## 제품 소개
피부일기는 매일의 기록에서 출발했습니다. 하루하루 달라지는 피부 상태를 오래 관찰하며, 계절과 컨디션에 따라 달리 쓸 수 있는 제품을 만들어 왔습니다.

약산성 아미노산 수분 로션은 수분 고민을 겪는 분들을 위해 만들었습니다. 민감성을 기준으로 배합했고, 150ml 용량으로 담았습니다. 출시 전 3개월간 자체 모니터링을 진행했습니다.

## 주요 성분
약산성 아미노산 계면활성제를 사용했습니다. 세정력은 유지하면서 씻고 난 뒤 당김을 줄이는 데 초점을 맞췄습니다.

전성분: 부틸렌글라이콜, 정제수, 에틸헥실글리세린, 잔탄검, 베타인, 카보머, 알란토인, 글리세린, 약산성 아미노산 추출물, 향료

## 사용법
가벼운 마무리가 필요할 때 크림 대신 사용합니다. 아침에는 로션, 저녁에는 크림으로 나누어 쓰셔도 좋습니다.

## 주의사항
화장품 사용 시 또는 사용 후 직사광선에 의하여 사용 부위가 붉은 반점, 부어오름 또는 가려움증 등의 이상 증상이나 부작용이 있는 경우 전문의 등과 상담할 것.
상처가 있는 부위 등에는 사용을 자제할 것.
보관 및 취급 시의 주의사항 — 어린이의 손이 닿지 않는 곳에 보관할 것. 직사광선을 피해서 보관할 것.

## 인증 및 시험
- 피부 자극 테스트 완료 (국내 임상시험 기관)
- 알레르기 유발 성분 24종 무첨가
- 동물 실험을 하지 않았습니다
- 환경을 생각한 재활용 가능 용기를 사용했습니다
- 화장품 책임판매업 등록 필증 보유

## 배송 및 교환
평일 오후 2시 이전 결제 건은 당일 출고됩니다. 도서·산간 지역은 배송이 하루 이틀 더 걸릴 수 있습니다.
단순 변심에 의한 교환 및 반품은 수령일로부터 7일 이내에 가능하며 왕복 배송비가 부과됩니다.
개봉하였거나 사용한 흔적이 있는 상품은 교환 및 반품이 어렵습니다.
상품에 하자가 있는 경우에는 배송비 부담 없이 교환해 드립니다."
P010,"## 제품 소개
콜라겐 시카 에센스은 진정 고민을 겪는 분들을 위해 만들었습니다. 지성을 기준으로 배합했고, 100ml 용량으로 담았습니다. 출시 전 3개월간 자체 모니터링을 진행했습니다.

## 주요 성분
콜라겐은 탄력을 채우는 데 쓰이며, 이 제품에는 흡수를 고려해 저분자로 분해한 형태를 넣었습니다.

전성분: 카프릴릴글라이콜, 카보머, 에틸헥실글리세린, 소듐하이알루로네이트, 잔탄검, 트로메타민, 판테놀, 정제수, 1,2-헥산다이올, 베타인, 다이소듐이디티에이, 콜라겐 추출물, 향료

## 사용법
토너로 결을 정리한 뒤 사용합니다. 2~3회 펌핑해 얼굴 전체에 펴 바르고 가볍게 두드려 흡수시켜 주세요.

## 주의사항
화장품 사용 시 또는 사용 후 직사광선에 의하여 사용 부위가 붉은 반점, 부어오름 또는 가려움증 등의 이상 증상이나 부작용이 있는 경우 전문의 등과 상담할 것.
상처가 있는 부위 등에는 사용을 자제할 것.
보관 및 취급 시의 주의사항 — 어린이의 손이 닿지 않는 곳에 보관할 것. 직사광선을 피해서 보관할 것.

## 인증 및 시험
- 피부 자극 테스트 완료 (국내 임상시험 기관)
- 알레르기 유발 성분 21종 무첨가
- 동물 실험을 하지 않았습니다
- 환경을 생각한 재활용 가능 용기를 사용했습니다
- 화장품 책임판매업 등록 필증 보유

## 자주 묻는 질문
Q. 다른 제품과 같이 써도 되나요?
A. 기초 단계 순서만 지켜 주시면 함께 사용하셔도 괜찮습니다. 묽은 것부터 되직한 것 순으로 발라 주세요.

Q. 샘플을 받아볼 수 있나요?
A. 고객센터로 문의해 주시면 재고 상황에 따라 안내해 드리고 있습니다.

Q. 임신 중에도 사용 가능한가요?
A. 제품 특성상 개인차가 있을 수 있으므로 임신 중이시라면 사용 전에 전문의와 상담하시기를 권해 드립니다.

## 배송 및 교환
평일 오후 2시 이전 결제 건은 당일 출고됩니다. 도서·산간 지역은 배송이 하루 이틀 더 걸릴 수 있습니다.
단순 변심에 의한 교환 및 반품은 수령일로부터 7일 이내에 가능하며 왕복 배송비가 부과됩니다.
개봉하였거나 사용한 흔적이 있는 상품은 교환 및 반품이 어렵습니다.
상품에 하자가 있는 경우에는 배송비 부담 없이 교환해 드립니다."
P011,"## 제품 소개
세라마이드 필링 로션은 각질 고민을 겪는 분들을 위해 만들었습니다. 모든 피부을 기준으로 배합했고, 100ml 용량으로 담았습니다. 여러 차례의 사용성 평가를 거쳐 제형을 확정했습니다.

## 주요 성분
세라마이드는 원래 피부 각질층에 있는 지질 성분입니다. 나이가 들거나 건조한 환경에 오래 있으면 줄어드는데, 이 제품은 그 빈자리를 채우는 것을 목표로 배합했습니다.

전성분: 1,2-헥산다이올, 정제수, 알란토인, 다이소듐이디티에이, 카프릴릴글라이콜, 에틸헥실글리세린, 부틸렌글라이콜, 판테놀, 글리세린, 소듐하이알루로네이트, 베타인, 카보머, 잔탄검, 세라마이드 추출물, 향료

## 이런 분께 권합니다
모든 피부이신 분, 각질 때문에 오래 고민하신 분께 권합니다. 환절기마다 컨디션이 흔들리는 분께도 잘 맞습니다.

## 사용법
가벼운 마무리가 필요할 때 크림 대신 사용합니다. 아침에는 로션, 저녁에는 크림으로 나누어 쓰셔도 좋습니다.

## 주의사항
화장품 사용 시 또는 사용 후 직사광선에 의하여 사용 부위가 붉은 반점, 부어오름 또는 가려움증 등의 이상 증상이나 부작용이 있는 경우 전문의 등과 상담할 것.
상처가 있는 부위 등에는 사용을 자제할 것.
보관 및 취급 시의 주의사항 — 어린이의 손이 닿지 않는 곳에 보관할 것. 직사광선을 피해서 보관할 것.

## 인증 및 시험
- 피부 자극 테스트 완료 (국내 임상시험 기관)
- 알레르기 유발 성분 26종 무첨가
- 동물 실험을 하지 않았습니다
- 환경을 생각한 재활용 가능 용기를 사용했습니다
- 화장품 책임판매업 등록 필증 보유

## 구매하신 분들의 이야기
구매하신 분들이 자주 남겨주신 이야기를 정리했습니다.

가장 많이 언급된 표현은 「순하다」와 「흡수가 빠르다」였습니다. 특히 봄가을 환절철에 만족도가 높다는 의견이 많았고,
제형이 물처럼 묽은 편이라 이 점을 좋아하시는 분과 아쉬워하시는 분이 나뉘었습니다.
향에 대해서는 인공적이지 않다라는 점을 장점으로 꼽아 주신 분이 많았습니다.
재구매 의사를 밝혀 주신 분의 비율이 높은 편이며, 용량 대비 가격에 대한 의견은 엇갈립니다.

## 자주 묻는 질문
Q. 남성이 써도 되나요?
A. 성별과 무관하게 사용하실 수 있습니다. 면도 직후에는 자극이 있을 수 있으니 시간을 두고 사용해 주세요.

Q. 임신 중에도 사용 가능한가요?
A. 제품 특성상 개인차가 있을 수 있으므로 임신 중이시라면 사용 전에 전문의와 상담하시기를 권해 드립니다.

Q. 다른 제품과 같이 써도 되나요?
A. 기초 단계 순서만 지켜 주시면 함께 사용하셔도 괜찮습니다. 묽은 것부터 되직한 것 순으로 발라 주세요.

Q. 유통기한이 어떻게 되나요?
A. 제조일로부터 30개월이며, 개봉 후에는 12개월 이내에 사용하시는 것을 권장합니다. 용기 하단에서 제조일자를 확인하실 수 있습니다.

Q. 아침에도 쓸 수 있나요?
A. 네, 아침저녁 모두 사용하실 수 있습니다. 다만 아침에 사용하실 때는 자외선 차단제를 반드시 함께 발라 주세요.

Q. 샘플을 받아볼 수 있나요?
A. 고객센터로 문의해 주시면 재고 상황에 따라 안내해 드리고 있습니다.

## 배송 및 교환
평일 오후 2시 이전 결제 건은 당일 출고됩니다. 도서·산간 지역은 배송이 하루 이틀 더 걸릴 수 있습니다.
단순 변심에 의한 교환 및 반품은 수령일로부터 7일 이내에 가능하며 왕복 배송비가 부과됩니다.
개봉하였거나 사용한 흔적이 있는 상품은 교환 및 반품이 어렵습니다.
상품에 하자가 있는 경우에는 배송비 부담 없이 교환해 드립니다."
P012,"## 제품 소개
라온셀은 2009년 작은 연구실에서 시작했습니다. 피부에 얹는 것은 적을수록 좋다는 생각으로 불필요한 성분을 덜어내는 일에 오래 매달려 왔습니다. 화려한 광고 대신 성분표로 이야기하겠습니다.

비타민C 필링 아이크림은 각질 고민을 겪는 분들을 위해 만들었습니다. 모든 피부을 기준으로 배합했고, 30ml 용량으로 담았습니다. 성분 하나를 넣고 빼는 데 오래 고민했습니다.

## 주요 성분
비타민C는 맑은 결을 만드는 데 널리 쓰이지만 공기와 빛에 약합니다. 이 제품은 안정화된 유도체를 사용했고 불투명 용기에 담았습니다.

전성분: 잔탄검, 글리세린, 부틸렌글라이콜, 에틸헥실글리세린, 카보머, 판테놀, 베타인, 소듐하이알루로네이트, 알란토인, 정제수, 1,2-헥산다이올, 비타민C 추출물, 향료

## 이런 분께 권합니다
모든 피부이신 분, 각질 때문에 오래 고민하신 분께 권합니다. 기초 단계를 줄이고 싶은 분께 적합합니다.

## 사용법
기초 마지막 단계에 눈가에 사용합니다. 약지로 톡톡 두드려 흡수시켜 주세요. 눈에 직접 닿지 않도록 주의합니다.

## 주의사항
고농도 비타민C 유도체가 함유되어 있습니다. 민감성 피부에는 따가움이 느껴질 수 있으므로 사용을 권하지 않습니다. 개봉 후에는 색이 변할 수 있으니 3개월 이내에 사용해 주세요.
화장품 사용 시 또는 사용 후 직사광선에 의하여 사용 부위가 붉은 반점, 부어오름 또는 가려움증 등의 이상 증상이나 부작용이 있는 경우 전문의 등과 상담할 것.
상처가 있는 부위 등에는 사용을 자제할 것.
보관 및 취급 시의 주의사항 — 어린이의 손이 닿지 않는 곳에 보관할 것. 직사광선을 피해서 보관할 것.

## 사용성 평가
자체 진행한 사용성 평가 결과입니다. 시험 대상자 25명, 2주간 1일 2회 사용 조건입니다.

- 사용 직후 수분량 60% 증가 (기기 측정)
- 2주 후 피부 거칠기 12% 개선
- 사용자의 94%가 「다시 구매할 의향이 있다」고 응답
- 시험 기간 중 이상 반응을 보고한 대상자 없음

본 결과는 개인에 따라 다를 수 있으며 질병의 예방이나 치료를 위한 것이 아닙니다.

## 구매하신 분들의 이야기
구매하신 분들이 자주 남겨주신 이야기를 정리했습니다.

가장 많이 언급된 표현은 「부담 없다」와 「가성비가 좋다」였습니다. 특히 장마철에 만족도가 높다는 의견이 많았고,
제형이 꾸덕한 편이라 이 점을 좋아하시는 분과 아쉬워하시는 분이 나뉘었습니다.
향에 대해서는 무향에 가깝다라는 점을 장점으로 꼽아 주신 분이 많았습니다.
재구매 의사를 밝혀 주신 분의 비율이 높은 편이며, 용량 대비 가격에 대한 의견은 엇갈립니다.

## 배송 및 교환
평일 오후 2시 이전 결제 건은 당일 출고됩니다. 도서·산간 지역은 배송이 하루 이틀 더 걸릴 수 있습니다.
단순 변심에 의한 교환 및 반품은 수령일로부터 7일 이내에 가능하며 왕복 배송비가 부과됩니다.
개봉하였거나 사용한 흔적이 있는 상품은 교환 및 반품이 어렵습니다.
상품에 하자가 있는 경우에는 배송비 부담 없이 교환해 드립니다."
P013,"## 제품 소개
청담수는 맑은 물처럼 투명한 제품을 지향합니다. 무엇이 들어갔는지 숨기지 않고 전 성분을 함량 순으로 공개합니다. 신뢰는 정보에서 나온다고 봅니다.

비타민C 시카 미스트은 진정 고민을 겪는 분들을 위해 만들었습니다. 복합성을 기준으로 배합했고, 100ml 용량으로 담았습니다. 여러 차례의 사용성 평가를 거쳐 제형을 확정했습니다.

## 주요 성분
비타민C는 맑은 결을 만드는 데 널리 쓰이지만 공기와 빛에 약합니다. 이 제품은 안정화된 유도체를 사용했고 불투명 용기에 담았습니다.

전성분: 소듐하이알루로네이트, 카프릴릴글라이콜, 베타인, 부틸렌글라이콜, 카보머, 트로메타민, 알란토인, 1,2-헥산다이올, 잔탄검, 글리세린, 에틸헥실글리세린, 다이소듐이디티에이, 정제수, 비타민C 추출물, 향료

## 사용법
필요할 때마다 얼굴에서 20cm 정도 떨어뜨려 분사합니다. 메이크업 위에도 사용할 수 있습니다.

## 주의사항
고농도 비타민C 유도체가 함유되어 있습니다. 민감성 피부에는 따가움이 느껴질 수 있으므로 사용을 권하지 않습니다. 개봉 후에는 색이 변할 수 있으니 3개월 이내에 사용해 주세요.
화장품 사용 시 또는 사용 후 직사광선에 의하여 사용 부위가 붉은 반점, 부어오름 또는 가려움증 등의 이상 증상이나 부작용이 있는 경우 전문의 등과 상담할 것.
상처가 있는 부위 등에는 사용을 자제할 것.
보관 및 취급 시의 주의사항 — 어린이의 손이 닿지 않는 곳에 보관할 것. 직사광선을 피해서 보관할 것.

## 사용성 평가
자체 진행한 사용성 평가 결과입니다. 시험 대상자 25명, 2주간 1일 2회 사용 조건입니다.

- 사용 직후 수분량 18% 증가 (기기 측정)
- 2주 후 피부 거칠기 34% 개선
- 사용자의 93%가 「다시 구매할 의향이 있다」고 응답
- 시험 기간 중 이상 반응을 보고한 대상자 없음

본 결과는 개인에 따라 다를 수 있으며 질병의 예방이나 치료를 위한 것이 아닙니다.

## 구매하신 분들의 이야기
구매하신 분들이 자주 남겨주신 이야기를 정리했습니다.

가장 많이 언급된 표현은 「부담 없다」와 「향이 은은하다」였습니다. 특히 장마철에 만족도가 높다는 의견이 많았고,
제형이 가벼운 편이라 이 점을 좋아하시는 분과 아쉬워하시는 분이 나뉘었습니다.
향에 대해서는 인공적이지 않다라는 점을 장점으로 꼽아 주신 분이 많았습니다.
재구매 의사를 밝혀 주신 분의 비율이 높은 편이며, 용량 대비 가격에 대한 의견은 엇갈립니다.

## 배송 및 교환
평일 오후 2시 이전 결제 건은 당일 출고됩니다. 도서·산간 지역은 배송이 하루 이틀 더 걸릴 수 있습니다.
단순 변심에 의한 교환 및 반품은 수령일로부터 7일 이내에 가능하며 왕복 배송비가 부과됩니다.
개봉하였거나 사용한 흔적이 있는 상품은 교환 및 반품이 어렵습니다.
상품에 하자가 있는 경우에는 배송비 부담 없이 교환해 드립니다."
P014,"## 제품 소개
어성초 트러블 클렌징오일은 트러블 고민을 겪는 분들을 위해 만들었습니다. 건성을 기준으로 배합했고, 200ml 용량으로 담았습니다. 출시 전 3개월간 자체 모니터링을 진행했습니다.

## 주요 성분
어성초는 예로부터 열감을 식히는 데 써온 식물입니다. 이 제품은 잎과 줄기를 저온에서 우려낸 추출물을 정제수 대신 사용했습니다.

전성분: 글리세린, 판테놀, 소듐하이알루로네이트, 베타인, 부틸렌글라이콜, 에틸헥실글리세린, 알란토인, 정제수, 다이소듐이디티에이, 어성초 추출물, 향료

## 사용법
마른 손과 마른 얼굴에 사용합니다. 얼굴 전체에 펴 발라 메이크업을 녹인 뒤 미온수를 조금씩 더해 유화시키고 헹궈냅니다.

## 주의사항
화장품 사용 시 또는 사용 후 직사광선에 의하여 사용 부위가 붉은 반점, 부어오름 또는 가려움증 등의 이상 증상이나 부작용이 있는 경우 전문의 등과 상담할 것.
상처가 있는 부위 등에는 사용을 자제할 것.
보관 및 취급 시의 주의사항 — 어린이의 손이 닿지 않는 곳에 보관할 것. 직사광선을 피해서 보관할 것.

## 사용성 평가
자체 진행한 사용성 평가 결과입니다. 시험 대상자 22명, 8주간 1일 2회 사용 조건입니다.

- 사용 직후 수분량 44% 증가 (기기 측정)
- 8주 후 피부 거칠기 19% 개선
- 사용자의 76%가 「다시 구매할 의향이 있다」고 응답
- 시험 기간 중 이상 반응을 보고한 대상자 없음

본 결과는 개인에 따라 다를 수 있으며 질병의 예방이나 치료를 위한 것이 아닙니다.

## 인증 및 시험
- 피부 자극 테스트 완료 (국내 임상시험 기관)
- 알레르기 유발 성분 26종 무첨가
- 동물 실험을 하지 않았습니다
- 환경을 생각한 재활용 가능 용기를 사용했습니다
- 화장품 책임판매업 등록 필증 보유

## 구매하신 분들의 이야기
구매하신 분들이 자주 남겨주신 이야기를 정리했습니다.

가장 많이 언급된 표현은 「순하다」와 「흡수가 빠르다」였습니다. 특히 겨울철에 만족도가 높다는 의견이 많았고,
제형이 물처럼 묽은 편이라 이 점을 좋아하시는 분과 아쉬워하시는 분이 나뉘었습니다.
향에 대해서는 인공적이지 않다라는 점을 장점으로 꼽아 주신 분이 많았습니다.
재구매 의사를 밝혀 주신 분의 비율이 높은 편이며, 용량 대비 가격에 대한 의견은 엇갈립니다.

## 배송 및 교환
평일 오후 2시 이전 결제 건은 당일 출고됩니다. 도서·산간 지역은 배송이 하루 이틀 더 걸릴 수 있습니다.
단순 변심에 의한 교환 및 반품은 수령일로부터 7일 이내에 가능하며 왕복 배송비가 부과됩니다.
개봉하였거나 사용한 흔적이 있는 상품은 교환 및 반품이 어렵습니다.
상품에 하자가 있는 경우에는 배송비 부담 없이 교환해 드립니다."
P015,"## 제품 소개
피부일기는 매일의 기록에서 출발했습니다. 하루하루 달라지는 피부 상태를 오래 관찰하며, 계절과 컨디션에 따라 달리 쓸 수 있는 제품을 만들어 왔습니다.

약산성 아미노산 수분 클렌징폼은 수분 고민을 겪는 분들을 위해 만들었습니다. 민감성을 기준으로 배합했고, 120ml 용량으로 담았습니다. 성분 하나를 넣고 빼는 데 오래 고민했습니다.

## 주요 성분
약산성 아미노산 계면활성제를 사용했습니다. 세정력은 유지하면서 씻고 난 뒤 당김을 줄이는 데 초점을 맞췄습니다.

전성분: 소듐하이알루로네이트, 알란토인, 부틸렌글라이콜, 다이소듐이디티에이, 잔탄검, 글리세린, 1,2-헥산다이올, 약산성 아미노산 추출물, 향료

## 이런 분께 권합니다
민감성이신 분, 수분 때문에 오래 고민하신 분께 권합니다. 환절기마다 컨디션이 흔들리는 분께도 잘 맞습니다.

## 사용법
미온수로 얼굴을 적신 뒤 적당량을 손에 덜어 거품을 충분히 낸 다음 얼굴에 올려 부드럽게 굴리듯 세안합니다.

## 주의사항
화장품 사용 시 또는 사용 후 직사광선에 의하여 사용 부위가 붉은 반점, 부어오름 또는 가려움증 등의 이상 증상이나 부작용이 있는 경우 전문의 등과 상담할 것.
상처가 있는 부위 등에는 사용을 자제할 것.
보관 및 취급 시의 주의사항 — 어린이의 손이 닿지 않는 곳에 보관할 것. 직사광선을 피해서 보관할 것.

## 배송 및 교환
평일 오후 2시 이전 결제 건은 당일 출고됩니다. 도서·산간 지역은 배송이 하루 이틀 더 걸릴 수 있습니다.
단순 변심에 의한 교환 및 반품은 수령일로부터 7일 이내에 가능하며 왕복 배송비가 부과됩니다.
개봉하였거나 사용한 흔적이 있는 상품은 교환 및 반품이 어렵습니다.
상품에 하자가 있는 경우에는 배송비 부담 없이 교환해 드립니다."
P016,"## 제품 소개
포레스트힐은 언덕 위 작은 농장에서 시작했습니다. 직접 기른 원료로 만들던 방식을 지금도 이어가고 있으며, 생산량이 적어 품절이 잦은 점 양해 부탁드립니다.

병풀 링클 클렌징폼은 주름 고민을 겪는 분들을 위해 만들었습니다. 복합성을 기준으로 배합했고, 150ml 용량으로 담았습니다. 성분 하나를 넣고 빼는 데 오래 고민했습니다.

## 주요 성분
병풀 추출물은 예민해진 피부를 진정시키는 데 쓰입니다. 마데카소사이드를 포함한 네 가지 지표 성분을 함께 담았습니다.

전성분: 소듐하이알루로네이트, 글리세린, 베타인, 카보머, 부틸렌글라이콜, 잔탄검, 병풀 추출물, 향료

## 이런 분께 권합니다
복합성이신 분, 주름 때문에 오래 고민하신 분께 권합니다. 처음 쓰시는 분도 부담 없이 시작하실 수 있습니다.

## 사용법
미온수로 얼굴을 적신 뒤 적당량을 손에 덜어 거품을 충분히 낸 다음 얼굴에 올려 부드럽게 굴리듯 세안합니다.

## 주의사항
화장품 사용 시 또는 사용 후 직사광선에 의하여 사용 부위가 붉은 반점, 부어오름 또는 가려움증 등의 이상 증상이나 부작용이 있는 경우 전문의 등과 상담할 것.
상처가 있는 부위 등에는 사용을 자제할 것.
보관 및 취급 시의 주의사항 — 어린이의 손이 닿지 않는 곳에 보관할 것. 직사광선을 피해서 보관할 것.

## 사용성 평가
자체 진행한 사용성 평가 결과입니다. 시험 대상자 31명, 2주간 1일 2회 사용 조건입니다.

- 사용 직후 수분량 57% 증가 (기기 측정)
- 2주 후 피부 거칠기 26% 개선
- 사용자의 87%가 「다시 구매할 의향이 있다」고 응답
- 시험 기간 중 이상 반응을 보고한 대상자 없음

본 결과는 개인에 따라 다를 수 있으며 질병의 예방이나 치료를 위한 것이 아닙니다.

## 인증 및 시험
- 피부 자극 테스트 완료 (국내 임상시험 기관)
- 알레르기 유발 성분 20종 무첨가
- 동물 실험을 하지 않았습니다
- 환경을 생각한 재활용 가능 용기를 사용했습니다
- 화장품 책임판매업 등록 필증 보유

## 자주 묻는 질문
Q. 피부가 따가운데 계속 써도 되나요?
A. 사용을 중단하시고 상태를 지켜봐 주세요. 증상이 이어지면 전문의와 상담하시기 바랍니다.

Q. 다른 제품과 같이 써도 되나요?
A. 기초 단계 순서만 지켜 주시면 함께 사용하셔도 괜찮습니다. 묽은 것부터 되직한 것 순으로 발라 주세요.

Q. 용기가 펌프인가요?
A. 위생과 산화를 고려해 펌프 형태로 제작했습니다. 마지막까지 쓰실 수 있도록 용기 안쪽을 비스듬히 설계했습니다.

## 배송 및 교환
평일 오후 2시 이전 결제 건은 당일 출고됩니다. 도서·산간 지역은 배송이 하루 이틀 더 걸릴 수 있습니다.
단순 변심에 의한 교환 및 반품은 수령일로부터 7일 이내에 가능하며 왕복 배송비가 부과됩니다.
개봉하였거나 사용한 흔적이 있는 상품은 교환 및 반품이 어렵습니다.
상품에 하자가 있는 경우에는 배송비 부담 없이 교환해 드립니다."
P017,"## 제품 소개
그린포레는 숲에서 자란 원료를 씁니다. 국내 청정 지역에서 재배한 식물을 저온에서 추출해 본래의 성질을 지켰습니다. 자연에 가까운 것이 결국 피부에도 가깝다고 믿습니다.

병풀 필링 크림은 각질 고민을 겪는 분들을 위해 만들었습니다. 건성을 기준으로 배합했고, 50ml 용량으로 담았습니다. 여러 차례의 사용성 평가를 거쳐 제형을 확정했습니다.

## 주요 성분
병풀 추출물은 예민해진 피부를 진정시키는 데 쓰입니다. 마데카소사이드를 포함한 네 가지 지표 성분을 함께 담았습니다.

전성분: 에틸헥실글리세린, 판테놀, 카보머, 소듐하이알루로네이트, 글리세린, 트로메타민, 베타인, 카프릴릴글라이콜, 부틸렌글라이콜, 1,2-헥산다이올, 병풀 추출물, 향료

## 이런 분께 권합니다
건성이신 분, 각질 때문에 오래 고민하신 분께 권합니다. 환절기마다 컨디션이 흔들리는 분께도 잘 맞습니다.

## 사용법
기초 단계의 마지막에 사용합니다. 적당량을 덜어 얼굴 안쪽에서 바깥쪽으로 펴 발라 주세요.

## 주의사항
화장품 사용 시 또는 사용 후 직사광선에 의하여 사용 부위가 붉은 반점, 부어오름 또는 가려움증 등의 이상 증상이나 부작용이 있는 경우 전문의 등과 상담할 것.
상처가 있는 부위 등에는 사용을 자제할 것.
보관 및 취급 시의 주의사항 — 어린이의 손이 닿지 않는 곳에 보관할 것. 직사광선을 피해서 보관할 것.

## 인증 및 시험
- 피부 자극 테스트 완료 (국내 임상시험 기관)
- 알레르기 유발 성분 20종 무첨가
- 동물 실험을 하지 않았습니다
- 환경을 생각한 재활용 가능 용기를 사용했습니다
- 화장품 책임판매업 등록 필증 보유

## 자주 묻는 질문
Q. 남성이 써도 되나요?
A. 성별과 무관하게 사용하실 수 있습니다. 면도 직후에는 자극이 있을 수 있으니 시간을 두고 사용해 주세요.

Q. 용기가 펌프인가요?
A. 위생과 산화를 고려해 펌프 형태로 제작했습니다. 마지막까지 쓰실 수 있도록 용기 안쪽을 비스듬히 설계했습니다.

## 배송 및 교환
평일 오후 2시 이전 결제 건은 당일 출고됩니다. 도서·산간 지역은 배송이 하루 이틀 더 걸릴 수 있습니다.
단순 변심에 의한 교환 및 반품은 수령일로부터 7일 이내에 가능하며 왕복 배송비가 부과됩니다.
개봉하였거나 사용한 흔적이 있는 상품은 교환 및 반품이 어렵습니다.
상품에 하자가 있는 경우에는 배송비 부담 없이 교환해 드립니다."
P018,"## 제품 소개
데일리랩은 매일 쓰는 것을 만듭니다. 특별한 날의 화려함보다 매일의 꾸준함이 피부를 바꾼다고 생각합니다. 그래서 가격도 매일 쓸 수 있게 맞췄습니다.

쌀겨 탄력 세럼은 탄력 고민을 겪는 분들을 위해 만들었습니다. 지성을 기준으로 배합했고, 30ml 용량으로 담았습니다. 성분 하나를 넣고 빼는 데 오래 고민했습니다.

## 주요 성분
쌀겨 추출물과 미세 분말이 묵은 각질을 부드럽게 녹입니다. 알갱이로 문지르는 방식이 아니라 녹여내는 방식이라 마찰이 적습니다.

전성분: 알란토인, 다이소듐이디티에이, 판테놀, 카보머, 잔탄검, 카프릴릴글라이콜, 쌀겨 추출물, 향료

## 이런 분께 권합니다
지성이신 분, 탄력 때문에 오래 고민하신 분께 권합니다. 처음 쓰시는 분도 부담 없이 시작하실 수 있습니다.

## 사용법
에센스 다음 단계에서 사용합니다. 건조한 부위에는 한 번 더 덧발라 주세요.

## 주의사항
각질 관리 성분이 함유되어 있습니다. 민감성 피부 및 상처가 있는 부위에는 사용하지 마세요. 사용 빈도는 주 2회를 넘기지 않는 것을 권합니다.
화장품 사용 시 또는 사용 후 직사광선에 의하여 사용 부위가 붉은 반점, 부어오름 또는 가려움증 등의 이상 증상이나 부작용이 있는 경우 전문의 등과 상담할 것.
상처가 있는 부위 등에는 사용을 자제할 것.
보관 및 취급 시의 주의사항 — 어린이의 손이 닿지 않는 곳에 보관할 것. 직사광선을 피해서 보관할 것.

## 배송 및 교환
평일 오후 2시 이전 결제 건은 당일 출고됩니다. 도서·산간 지역은 배송이 하루 이틀 더 걸릴 수 있습니다.
단순 변심에 의한 교환 및 반품은 수령일로부터 7일 이내에 가능하며 왕복 배송비가 부과됩니다.
개봉하였거나 사용한 흔적이 있는 상품은 교환 및 반품이 어렵습니다.
상품에 하자가 있는 경우에는 배송비 부담 없이 교환해 드립니다."
P019,"## 제품 소개
허브노트는 허브의 향과 성질을 함께 담습니다. 합성 향료 대신 원료 본연의 향을 살렸고, 그래서 제품마다 향이 조금씩 다릅니다.

콜라겐 포어 세럼은 모공 고민을 겪는 분들을 위해 만들었습니다. 모든 피부을 기준으로 배합했고, 30ml 용량으로 담았습니다. 출시 전 3개월간 자체 모니터링을 진행했습니다.

## 주요 성분
콜라겐은 탄력을 채우는 데 쓰이며, 이 제품에는 흡수를 고려해 저분자로 분해한 형태를 넣었습니다.

전성분: 글리세린, 카프릴릴글라이콜, 판테놀, 트로메타민, 알란토인, 잔탄검, 콜라겐 추출물, 향료

## 이런 분께 권합니다
모든 피부이신 분, 모공 때문에 오래 고민하신 분께 권합니다. 환절기마다 컨디션이 흔들리는 분께도 잘 맞습니다.

## 사용법
에센스 다음 단계에서 사용합니다. 건조한 부위에는 한 번 더 덧발라 주세요.

## 주의사항
화장품 사용 시 또는 사용 후 직사광선에 의하여 사용 부위가 붉은 반점, 부어오름 또는 가려움증 등의 이상 증상이나 부작용이 있는 경우 전문의 등과 상담할 것.
상처가 있는 부위 등에는 사용을 자제할 것.
보관 및 취급 시의 주의사항 — 어린이의 손이 닿지 않는 곳에 보관할 것. 직사광선을 피해서 보관할 것.

## 사용성 평가
자체 진행한 사용성 평가 결과입니다. 시험 대상자 21명, 8주간 1일 2회 사용 조건입니다.

- 사용 직후 수분량 39% 증가 (기기 측정)
- 8주 후 피부 거칠기 12% 개선
- 사용자의 82%가 「다시 구매할 의향이 있다」고 응답
- 시험 기간 중 이상 반응을 보고한 대상자 없음

본 결과는 개인에 따라 다를 수 있으며 질병의 예방이나 치료를 위한 것이 아닙니다.

## 인증 및 시험
- 피부 자극 테스트 완료 (국내 임상시험 기관)
- 알레르기 유발 성분 21종 무첨가
- 동물 실험을 하지 않았습니다
- 환경을 생각한 재활용 가능 용기를 사용했습니다
- 화장품 책임판매업 등록 필증 보유

## 구매하신 분들의 이야기
구매하신 분들이 자주 남겨주신 이야기를 정리했습니다.

가장 많이 언급된 표현은 「산뜻하다」와 「흡수가 빠르다」였습니다. 특히 여름철에 만족도가 높다는 의견이 많았고,
제형이 꾸덕한 편이라 이 점을 좋아하시는 분과 아쉬워하시는 분이 나뉘었습니다.
향에 대해서는 인공적이지 않다라는 점을 장점으로 꼽아 주신 분이 많았습니다.
재구매 의사를 밝혀 주신 분의 비율이 높은 편이며, 용량 대비 가격에 대한 의견은 엇갈립니다.

## 배송 및 교환
평일 오후 2시 이전 결제 건은 당일 출고됩니다. 도서·산간 지역은 배송이 하루 이틀 더 걸릴 수 있습니다.
단순 변심에 의한 교환 및 반품은 수령일로부터 7일 이내에 가능하며 왕복 배송비가 부과됩니다.
개봉하였거나 사용한 흔적이 있는 상품은 교환 및 반품이 어렵습니다.
상품에 하자가 있는 경우에는 배송비 부담 없이 교환해 드립니다."
P020,"## 제품 소개
순수담은 담백한 것을 만듭니다. 향을 넣지 않고 색을 입히지 않으며, 꼭 필요한 것만 담습니다. 처음 써보시는 분도 부담 없이 시작하실 수 있도록 설계했습니다.

약산성 아미노산 브라이트닝 에센스은 미백 고민을 겪는 분들을 위해 만들었습니다. 복합성을 기준으로 배합했고, 100ml 용량으로 담았습니다. 성분 하나를 넣고 빼는 데 오래 고민했습니다.

## 주요 성분
약산성 아미노산 계면활성제를 사용했습니다. 세정력은 유지하면서 씻고 난 뒤 당김을 줄이는 데 초점을 맞췄습니다.

전성분: 다이소듐이디티에이, 잔탄검, 부틸렌글라이콜, 카프릴릴글라이콜, 베타인, 카보머, 1,2-헥산다이올, 판테놀, 에틸헥실글리세린, 트로메타민, 약산성 아미노산 추출물, 향료

## 이런 분께 권합니다
복합성이신 분, 미백 때문에 오래 고민하신 분께 권합니다. 기초 단계를 줄이고 싶은 분께 적합합니다.

## 사용법
토너로 결을 정리한 뒤 사용합니다. 2~3회 펌핑해 얼굴 전체에 펴 바르고 가볍게 두드려 흡수시켜 주세요.

## 주의사항
화장품 사용 시 또는 사용 후 직사광선에 의하여 사용 부위가 붉은 반점, 부어오름 또는 가려움증 등의 이상 증상이나 부작용이 있는 경우 전문의 등과 상담할 것.
상처가 있는 부위 등에는 사용을 자제할 것.
보관 및 취급 시의 주의사항 — 어린이의 손이 닿지 않는 곳에 보관할 것. 직사광선을 피해서 보관할 것.

## 인증 및 시험
- 피부 자극 테스트 완료 (국내 임상시험 기관)
- 알레르기 유발 성분 24종 무첨가
- 동물 실험을 하지 않았습니다
- 환경을 생각한 재활용 가능 용기를 사용했습니다
- 화장품 책임판매업 등록 필증 보유

## 자주 묻는 질문
Q. 임신 중에도 사용 가능한가요?
A. 제품 특성상 개인차가 있을 수 있으므로 임신 중이시라면 사용 전에 전문의와 상담하시기를 권해 드립니다.

Q. 용기가 펌프인가요?
A. 위생과 산화를 고려해 펌프 형태로 제작했습니다. 마지막까지 쓰실 수 있도록 용기 안쪽을 비스듬히 설계했습니다.

Q. 다른 제품과 같이 써도 되나요?
A. 기초 단계 순서만 지켜 주시면 함께 사용하셔도 괜찮습니다. 묽은 것부터 되직한 것 순으로 발라 주세요.

Q. 남성이 써도 되나요?
A. 성별과 무관하게 사용하실 수 있습니다. 면도 직후에는 자극이 있을 수 있으니 시간을 두고 사용해 주세요.

Q. 피부가 따가운데 계속 써도 되나요?
A. 사용을 중단하시고 상태를 지켜봐 주세요. 증상이 이어지면 전문의와 상담하시기 바랍니다.

Q. 아침에도 쓸 수 있나요?
A. 네, 아침저녁 모두 사용하실 수 있습니다. 다만 아침에 사용하실 때는 자외선 차단제를 반드시 함께 발라 주세요.

## 배송 및 교환
평일 오후 2시 이전 결제 건은 당일 출고됩니다. 도서·산간 지역은 배송이 하루 이틀 더 걸릴 수 있습니다.
단순 변심에 의한 교환 및 반품은 수령일로부터 7일 이내에 가능하며 왕복 배송비가 부과됩니다.
개봉하였거나 사용한 흔적이 있는 상품은 교환 및 반품이 어렵습니다.
상품에 하자가 있는 경우에는 배송비 부담 없이 교환해 드립니다."
P021,"## 제품 소개
세라마이드 트러블 선크림은 트러블 고민을 겪는 분들을 위해 만들었습니다. 복합성을 기준으로 배합했고, 50ml 용량으로 담았습니다. 출시 전 3개월간 자체 모니터링을 진행했습니다.

## 주요 성분
세라마이드는 원래 피부 각질층에 있는 지질 성분입니다. 나이가 들거나 건조한 환경에 오래 있으면 줄어드는데, 이 제품은 그 빈자리를 채우는 것을 목표로 배합했습니다.

전성분: 부틸렌글라이콜, 정제수, 1,2-헥산다이올, 글리세린, 카프릴릴글라이콜, 다이소듐이디티에이, 알란토인, 베타인, 세라마이드 추출물, 향료

## 이런 분께 권합니다
복합성이신 분, 트러블 때문에 오래 고민하신 분께 권합니다. 처음 쓰시는 분도 부담 없이 시작하실 수 있습니다.

## 사용법
기초 마지막 단계에 사용합니다. 외출 20분 전에 충분한 양을 바르고, 야외 활동 시에는 2~3시간마다 덧발라 주세요.

## 주의사항
화장품 사용 시 또는 사용 후 직사광선에 의하여 사용 부위가 붉은 반점, 부어오름 또는 가려움증 등의 이상 증상이나 부작용이 있는 경우 전문의 등과 상담할 것.
상처가 있는 부위 등에는 사용을 자제할 것.
보관 및 취급 시의 주의사항 — 어린이의 손이 닿지 않는 곳에 보관할 것. 직사광선을 피해서 보관할 것.

## 인증 및 시험
- 피부 자극 테스트 완료 (국내 임상시험 기관)
- 알레르기 유발 성분 20종 무첨가
- 동물 실험을 하지 않았습니다
- 환경을 생각한 재활용 가능 용기를 사용했습니다
- 화장품 책임판매업 등록 필증 보유

## 구매하신 분들의 이야기
구매하신 분들이 자주 남겨주신 이야기를 정리했습니다.

가장 많이 언급된 표현은 「자극이 없다」와 「흡수가 빠르다」였습니다. 특히 여름철에 만족도가 높다는 의견이 많았고,
제형이 꾸덕한 편이라 이 점을 좋아하시는 분과 아쉬워하시는 분이 나뉘었습니다.
향에 대해서는 무향에 가깝다라는 점을 장점으로 꼽아 주신 분이 많았습니다.
재구매 의사를 밝혀 주신 분의 비율이 높은 편이며, 용량 대비 가격에 대한 의견은 엇갈립니다.

## 배송 및 교환
평일 오후 2시 이전 결제 건은 당일 출고됩니다. 도서·산간 지역은 배송이 하루 이틀 더 걸릴 수 있습니다.
단순 변심에 의한 교환 및 반품은 수령일로부터 7일 이내에 가능하며 왕복 배송비가 부과됩니다.
개봉하였거나 사용한 흔적이 있는 상품은 교환 및 반품이 어렵습니다.
상품에 하자가 있는 경우에는 배송비 부담 없이 교환해 드립니다."
P022,"## 제품 소개
물빛연구소는 물의 결을 닮은 제형을 연구합니다. 무겁게 덮는 대신 스미게 하는 것, 그 한 가지를 위해 십수 년간 배합비를 고쳐 왔습니다. 오늘도 실험실의 불은 늦게까지 켜져 있습니다.

녹차 필링 마스크팩은 각질 고민을 겪는 분들을 위해 만들었습니다. 건성을 기준으로 배합했고, 30매 용량으로 담았습니다. 출시 전 3개월간 자체 모니터링을 진행했습니다.

## 주요 성분
녹차 추출물은 산뜻하게 정돈하는 느낌을 줍니다. 국내 재배 녹차를 첫물로 수확해 사용했습니다.

전성분: 에틸헥실글리세린, 글리세린, 잔탄검, 1,2-헥산다이올, 판테놀, 베타인, 카보머, 정제수, 부틸렌글라이콜, 알란토인, 카프릴릴글라이콜, 트로메타민, 다이소듐이디티에이, 녹차 추출물, 향료

## 이런 분께 권합니다
건성이신 분, 각질 때문에 오래 고민하신 분께 권합니다. 기초 단계를 줄이고 싶은 분께 적합합니다.

## 사용법
토너로 결을 정리한 뒤 시트를 얼굴에 밀착시켜 15~20분간 둡니다. 떼어낸 뒤 남은 에센스는 두드려 흡수시켜 주세요.

## 주의사항
화장품 사용 시 또는 사용 후 직사광선에 의하여 사용 부위가 붉은 반점, 부어오름 또는 가려움증 등의 이상 증상이나 부작용이 있는 경우 전문의 등과 상담할 것.
상처가 있는 부위 등에는 사용을 자제할 것.
보관 및 취급 시의 주의사항 — 어린이의 손이 닿지 않는 곳에 보관할 것. 직사광선을 피해서 보관할 것.

## 사용성 평가
자체 진행한 사용성 평가 결과입니다. 시험 대상자 30명, 4주간 1일 2회 사용 조건입니다.

- 사용 직후 수분량 48% 증가 (기기 측정)
- 4주 후 피부 거칠기 18% 개선
- 사용자의 77%가 「다시 구매할 의향이 있다」고 응답
- 시험 기간 중 이상 반응을 보고한 대상자 없음

본 결과는 개인에 따라 다를 수 있으며 질병의 예방이나 치료를 위한 것이 아닙니다.

## 인증 및 시험
- 피부 자극 테스트 완료 (국내 임상시험 기관)
- 알레르기 유발 성분 24종 무첨가
- 동물 실험을 하지 않았습니다
- 환경을 생각한 재활용 가능 용기를 사용했습니다
- 화장품 책임판매업 등록 필증 보유

## 구매하신 분들의 이야기
구매하신 분들이 자주 남겨주신 이야기를 정리했습니다.

가장 많이 언급된 표현은 「부담 없다」와 「가성비가 좋다」였습니다. 특히 장마철에 만족도가 높다는 의견이 많았고,
제형이 젤 같은 편이라 이 점을 좋아하시는 분과 아쉬워하시는 분이 나뉘었습니다.
향에 대해서는 무향에 가깝다라는 점을 장점으로 꼽아 주신 분이 많았습니다.
재구매 의사를 밝혀 주신 분의 비율이 높은 편이며, 용량 대비 가격에 대한 의견은 엇갈립니다.

## 자주 묻는 질문
Q. 아침에도 쓸 수 있나요?
A. 네, 아침저녁 모두 사용하실 수 있습니다. 다만 아침에 사용하실 때는 자외선 차단제를 반드시 함께 발라 주세요.

Q. 남성이 써도 되나요?
A. 성별과 무관하게 사용하실 수 있습니다. 면도 직후에는 자극이 있을 수 있으니 시간을 두고 사용해 주세요.

Q. 임신 중에도 사용 가능한가요?
A. 제품 특성상 개인차가 있을 수 있으므로 임신 중이시라면 사용 전에 전문의와 상담하시기를 권해 드립니다.

Q. 용기가 펌프인가요?
A. 위생과 산화를 고려해 펌프 형태로 제작했습니다. 마지막까지 쓰실 수 있도록 용기 안쪽을 비스듬히 설계했습니다.

## 배송 및 교환
평일 오후 2시 이전 결제 건은 당일 출고됩니다. 도서·산간 지역은 배송이 하루 이틀 더 걸릴 수 있습니다.
단순 변심에 의한 교환 및 반품은 수령일로부터 7일 이내에 가능하며 왕복 배송비가 부과됩니다.
개봉하였거나 사용한 흔적이 있는 상품은 교환 및 반품이 어렵습니다.
상품에 하자가 있는 경우에는 배송비 부담 없이 교환해 드립니다."
P023,"## 제품 소개
데일리랩은 매일 쓰는 것을 만듭니다. 특별한 날의 화려함보다 매일의 꾸준함이 피부를 바꾼다고 생각합니다. 그래서 가격도 매일 쓸 수 있게 맞췄습니다.

콜라겐 링클 토너은 주름 고민을 겪는 분들을 위해 만들었습니다. 민감성을 기준으로 배합했고, 200ml 용량으로 담았습니다. 출시 전 3개월간 자체 모니터링을 진행했습니다.

## 주요 성분
콜라겐은 탄력을 채우는 데 쓰이며, 이 제품에는 흡수를 고려해 저분자로 분해한 형태를 넣었습니다.

전성분: 1,2-헥산다이올, 글리세린, 판테놀, 정제수, 베타인, 트로메타민, 소듐하이알루로네이트, 카프릴릴글라이콜, 알란토인, 콜라겐 추출물, 향료

## 사용법
세안 후 가장 먼저 사용합니다. 화장솜에 적셔 결을 따라 부드럽게 닦아내거나, 손바닥에 덜어 얼굴 전체에 두드려 흡수시켜 주세요.

## 주의사항
화장품 사용 시 또는 사용 후 직사광선에 의하여 사용 부위가 붉은 반점, 부어오름 또는 가려움증 등의 이상 증상이나 부작용이 있는 경우 전문의 등과 상담할 것.
상처가 있는 부위 등에는 사용을 자제할 것.
보관 및 취급 시의 주의사항 — 어린이의 손이 닿지 않는 곳에 보관할 것. 직사광선을 피해서 보관할 것.

## 사용성 평가
자체 진행한 사용성 평가 결과입니다. 시험 대상자 21명, 8주간 1일 2회 사용 조건입니다.

- 사용 직후 수분량 29% 증가 (기기 측정)
- 8주 후 피부 거칠기 22% 개선
- 사용자의 74%가 「다시 구매할 의향이 있다」고 응답
- 시험 기간 중 이상 반응을 보고한 대상자 없음

본 결과는 개인에 따라 다를 수 있으며 질병의 예방이나 치료를 위한 것이 아닙니다.

## 인증 및 시험
- 피부 자극 테스트 완료 (국내 임상시험 기관)
- 알레르기 유발 성분 20종 무첨가
- 동물 실험을 하지 않았습니다
- 환경을 생각한 재활용 가능 용기를 사용했습니다
- 화장품 책임판매업 등록 필증 보유

## 구매하신 분들의 이야기
구매하신 분들이 자주 남겨주신 이야기를 정리했습니다.

가장 많이 언급된 표현은 「부담 없다」와 「흡수가 빠르다」였습니다. 특히 여름철에 만족도가 높다는 의견이 많았고,
제형이 가벼운 편이라 이 점을 좋아하시는 분과 아쉬워하시는 분이 나뉘었습니다.
향에 대해서는 무향에 가깝다라는 점을 장점으로 꼽아 주신 분이 많았습니다.
재구매 의사를 밝혀 주신 분의 비율이 높은 편이며, 용량 대비 가격에 대한 의견은 엇갈립니다.

## 배송 및 교환
평일 오후 2시 이전 결제 건은 당일 출고됩니다. 도서·산간 지역은 배송이 하루 이틀 더 걸릴 수 있습니다.
단순 변심에 의한 교환 및 반품은 수령일로부터 7일 이내에 가능하며 왕복 배송비가 부과됩니다.
개봉하였거나 사용한 흔적이 있는 상품은 교환 및 반품이 어렵습니다.
상품에 하자가 있는 경우에는 배송비 부담 없이 교환해 드립니다."
P024,"## 제품 소개
모이스트랩은 수분에 집중합니다. 겉만 촉촉한 것과 속까지 채우는 것은 다르다는 것을 여러 실험으로 확인했고, 그 차이를 제형에 담았습니다.

레티놀 탄력 로션은 탄력 고민을 겪는 분들을 위해 만들었습니다. 모든 피부을 기준으로 배합했고, 150ml 용량으로 담았습니다. 출시 전 3개월간 자체 모니터링을 진행했습니다.

## 주요 성분
레티놀은 잔주름 관리에 쓰이는 대표적인 성분입니다. 다만 처음 쓰면 각질이 일거나 따가울 수 있어, 이 제품은 저농도로 시작하도록 설계했습니다.

전성분: 알란토인, 부틸렌글라이콜, 에틸헥실글리세린, 트로메타민, 1,2-헥산다이올, 소듐하이알루로네이트, 카보머, 다이소듐이디티에이, 정제수, 판테놀, 레티놀 추출물, 향료

## 사용법
가벼운 마무리가 필요할 때 크림 대신 사용합니다. 아침에는 로션, 저녁에는 크림으로 나누어 쓰셔도 좋습니다.

## 주의사항
레티놀 성분이 함유되어 있습니다. 민감성 피부는 사용을 권하지 않으며, 처음 사용하시는 분은 주 1~2회 저녁에만 소량으로 시작해 주세요. 임산부 및 수유부는 사용 전 전문의와 상담하시기 바랍니다. 사용 중 자외선 차단제를 반드시 함께 사용해 주세요.
화장품 사용 시 또는 사용 후 직사광선에 의하여 사용 부위가 붉은 반점, 부어오름 또는 가려움증 등의 이상 증상이나 부작용이 있는 경우 전문의 등과 상담할 것.
상처가 있는 부위 등에는 사용을 자제할 것.
보관 및 취급 시의 주의사항 — 어린이의 손이 닿지 않는 곳에 보관할 것. 직사광선을 피해서 보관할 것.

## 사용성 평가
자체 진행한 사용성 평가 결과입니다. 시험 대상자 25명, 6주간 1일 2회 사용 조건입니다.

- 사용 직후 수분량 19% 증가 (기기 측정)
- 6주 후 피부 거칠기 15% 개선
- 사용자의 93%가 「다시 구매할 의향이 있다」고 응답
- 시험 기간 중 이상 반응을 보고한 대상자 없음

본 결과는 개인에 따라 다를 수 있으며 질병의 예방이나 치료를 위한 것이 아닙니다.

## 구매하신 분들의 이야기
구매하신 분들이 자주 남겨주신 이야기를 정리했습니다.

가장 많이 언급된 표현은 「순하다」와 「겉돌지 않는다」였습니다. 특히 겨울철에 만족도가 높다는 의견이 많았고,
제형이 가벼운 편이라 이 점을 좋아하시는 분과 아쉬워하시는 분이 나뉘었습니다.
향에 대해서는 무향에 가깝다라는 점을 장점으로 꼽아 주신 분이 많았습니다.
재구매 의사를 밝혀 주신 분의 비율이 높은 편이며, 용량 대비 가격에 대한 의견은 엇갈립니다.

## 자주 묻는 질문
Q. 유통기한이 어떻게 되나요?
A. 제조일로부터 30개월이며, 개봉 후에는 12개월 이내에 사용하시는 것을 권장합니다. 용기 하단에서 제조일자를 확인하실 수 있습니다.

Q. 피부가 따가운데 계속 써도 되나요?
A. 사용을 중단하시고 상태를 지켜봐 주세요. 증상이 이어지면 전문의와 상담하시기 바랍니다.

Q. 샘플을 받아볼 수 있나요?
A. 고객센터로 문의해 주시면 재고 상황에 따라 안내해 드리고 있습니다.

Q. 아침에도 쓸 수 있나요?
A. 네, 아침저녁 모두 사용하실 수 있습니다. 다만 아침에 사용하실 때는 자외선 차단제를 반드시 함께 발라 주세요.

Q. 다른 제품과 같이 써도 되나요?
A. 기초 단계 순서만 지켜 주시면 함께 사용하셔도 괜찮습니다. 묽은 것부터 되직한 것 순으로 발라 주세요.

## 배송 및 교환
평일 오후 2시 이전 결제 건은 당일 출고됩니다. 도서·산간 지역은 배송이 하루 이틀 더 걸릴 수 있습니다.
단순 변심에 의한 교환 및 반품은 수령일로부터 7일 이내에 가능하며 왕복 배송비가 부과됩니다.
개봉하였거나 사용한 흔적이 있는 상품은 교환 및 반품이 어렵습니다.
상품에 하자가 있는 경우에는 배송비 부담 없이 교환해 드립니다."
P025,"## 제품 소개
청담수는 맑은 물처럼 투명한 제품을 지향합니다. 무엇이 들어갔는지 숨기지 않고 전 성분을 함량 순으로 공개합니다. 신뢰는 정보에서 나온다고 봅니다.

나이아신아마이드 수분 앰플은 수분 고민을 겪는 분들을 위해 만들었습니다. 건성을 기준으로 배합했고, 30ml 용량으로 담았습니다. 성분 하나를 넣고 빼는 데 오래 고민했습니다.

## 주요 성분
나이아신아마이드는 비타민B3 계열 성분으로, 칙칙해 보이는 기를 덜어내는 데 오래 쓰여 왔습니다. 함량을 2%로 잡아 부담을 낮췄습니다.

전성분: 1,2-헥산다이올, 에틸헥실글리세린, 카보머, 다이소듐이디티에이, 알란토인, 정제수, 트로메타민, 나이아신아마이드 추출물, 향료

## 사용법
집중 관리가 필요할 때 세럼 대신 또는 세럼 다음에 사용합니다. 매일 써도 되지만 주 2~3회 집중 사용도 좋습니다.

## 주의사항
화장품 사용 시 또는 사용 후 직사광선에 의하여 사용 부위가 붉은 반점, 부어오름 또는 가려움증 등의 이상 증상이나 부작용이 있는 경우 전문의 등과 상담할 것.
상처가 있는 부위 등에는 사용을 자제할 것.
보관 및 취급 시의 주의사항 — 어린이의 손이 닿지 않는 곳에 보관할 것. 직사광선을 피해서 보관할 것.

## 사용성 평가
자체 진행한 사용성 평가 결과입니다. 시험 대상자 25명, 4주간 1일 2회 사용 조건입니다.

- 사용 직후 수분량 48% 증가 (기기 측정)
- 4주 후 피부 거칠기 22% 개선
- 사용자의 83%가 「다시 구매할 의향이 있다」고 응답
- 시험 기간 중 이상 반응을 보고한 대상자 없음

본 결과는 개인에 따라 다를 수 있으며 질병의 예방이나 치료를 위한 것이 아닙니다.

## 인증 및 시험
- 피부 자극 테스트 완료 (국내 임상시험 기관)
- 알레르기 유발 성분 20종 무첨가
- 동물 실험을 하지 않았습니다
- 환경을 생각한 재활용 가능 용기를 사용했습니다
- 화장품 책임판매업 등록 필증 보유

## 자주 묻는 질문
Q. 샘플을 받아볼 수 있나요?
A. 고객센터로 문의해 주시면 재고 상황에 따라 안내해 드리고 있습니다.

Q. 다른 제품과 같이 써도 되나요?
A. 기초 단계 순서만 지켜 주시면 함께 사용하셔도 괜찮습니다. 묽은 것부터 되직한 것 순으로 발라 주세요.

Q. 임신 중에도 사용 가능한가요?
A. 제품 특성상 개인차가 있을 수 있으므로 임신 중이시라면 사용 전에 전문의와 상담하시기를 권해 드립니다.

Q. 피부가 따가운데 계속 써도 되나요?
A. 사용을 중단하시고 상태를 지켜봐 주세요. 증상이 이어지면 전문의와 상담하시기 바랍니다.

Q. 유통기한이 어떻게 되나요?
A. 제조일로부터 30개월이며, 개봉 후에는 12개월 이내에 사용하시는 것을 권장합니다. 용기 하단에서 제조일자를 확인하실 수 있습니다.

Q. 아침에도 쓸 수 있나요?
A. 네, 아침저녁 모두 사용하실 수 있습니다. 다만 아침에 사용하실 때는 자외선 차단제를 반드시 함께 발라 주세요.

Q. 남성이 써도 되나요?
A. 성별과 무관하게 사용하실 수 있습니다. 면도 직후에는 자극이 있을 수 있으니 시간을 두고 사용해 주세요.

Q. 용기가 펌프인가요?
A. 위생과 산화를 고려해 펌프 형태로 제작했습니다. 마지막까지 쓰실 수 있도록 용기 안쪽을 비스듬히 설계했습니다.

## 배송 및 교환
평일 오후 2시 이전 결제 건은 당일 출고됩니다. 도서·산간 지역은 배송이 하루 이틀 더 걸릴 수 있습니다.
단순 변심에 의한 교환 및 반품은 수령일로부터 7일 이내에 가능하며 왕복 배송비가 부과됩니다.
개봉하였거나 사용한 흔적이 있는 상품은 교환 및 반품이 어렵습니다.
상품에 하자가 있는 경우에는 배송비 부담 없이 교환해 드립니다."
P026,"## 제품 소개
모이스트랩은 수분에 집중합니다. 겉만 촉촉한 것과 속까지 채우는 것은 다르다는 것을 여러 실험으로 확인했고, 그 차이를 제형에 담았습니다.

판테놀 시카 에센스은 진정 고민을 겪는 분들을 위해 만들었습니다. 복합성을 기준으로 배합했고, 80ml 용량으로 담았습니다. 성분 하나를 넣고 빼는 데 오래 고민했습니다.

## 주요 성분
판테놀은 프로비타민B5라고도 불리며, 붉게 달아오른 피부를 달래는 데 씁니다. 자극이 적어 예민한 시기에도 쓸 수 있는 편입니다.

전성분: 글리세린, 카프릴릴글라이콜, 소듐하이알루로네이트, 다이소듐이디티에이, 카보머, 부틸렌글라이콜, 알란토인, 판테놀 추출물, 향료

## 이런 분께 권합니다
복합성이신 분, 진정 때문에 오래 고민하신 분께 권합니다. 기초 단계를 줄이고 싶은 분께 적합합니다.

## 사용법
토너로 결을 정리한 뒤 사용합니다. 2~3회 펌핑해 얼굴 전체에 펴 바르고 가볍게 두드려 흡수시켜 주세요.

## 주의사항
화장품 사용 시 또는 사용 후 직사광선에 의하여 사용 부위가 붉은 반점, 부어오름 또는 가려움증 등의 이상 증상이나 부작용이 있는 경우 전문의 등과 상담할 것.
상처가 있는 부위 등에는 사용을 자제할 것.
보관 및 취급 시의 주의사항 — 어린이의 손이 닿지 않는 곳에 보관할 것. 직사광선을 피해서 보관할 것.

## 인증 및 시험
- 피부 자극 테스트 완료 (국내 임상시험 기관)
- 알레르기 유발 성분 20종 무첨가
- 동물 실험을 하지 않았습니다
- 환경을 생각한 재활용 가능 용기를 사용했습니다
- 화장품 책임판매업 등록 필증 보유

## 구매하신 분들의 이야기
구매하신 분들이 자주 남겨주신 이야기를 정리했습니다.

가장 많이 언급된 표현은 「산뜻하다」와 「흡수가 빠르다」였습니다. 특히 봄가을 환절철에 만족도가 높다는 의견이 많았고,
제형이 물처럼 묽은 편이라 이 점을 좋아하시는 분과 아쉬워하시는 분이 나뉘었습니다.
향에 대해서는 은은하다라는 점을 장점으로 꼽아 주신 분이 많았습니다.
재구매 의사를 밝혀 주신 분의 비율이 높은 편이며, 용량 대비 가격에 대한 의견은 엇갈립니다.

## 배송 및 교환
평일 오후 2시 이전 결제 건은 당일 출고됩니다. 도서·산간 지역은 배송이 하루 이틀 더 걸릴 수 있습니다.
단순 변심에 의한 교환 및 반품은 수령일로부터 7일 이내에 가능하며 왕복 배송비가 부과됩니다.
개봉하였거나 사용한 흔적이 있는 상품은 교환 및 반품이 어렵습니다.
상품에 하자가 있는 경우에는 배송비 부담 없이 교환해 드립니다."
P027,"## 제품 소개
알로에 링클 클렌징폼은 주름 고민을 겪는 분들을 위해 만들었습니다. 복합성을 기준으로 배합했고, 150ml 용량으로 담았습니다. 성분 하나를 넣고 빼는 데 오래 고민했습니다.

## 주요 성분
알로에 잎의 겔 부분만 골라 담았습니다. 수분을 오래 붙잡아두는 성질이 있어 여름철 진정용으로도 많이 찾으십니다.

전성분: 부틸렌글라이콜, 정제수, 1,2-헥산다이올, 트로메타민, 판테놀, 소듐하이알루로네이트, 카보머, 글리세린, 다이소듐이디티에이, 알란토인, 베타인, 잔탄검, 알로에 추출물, 향료

## 이런 분께 권합니다
복합성이신 분, 주름 때문에 오래 고민하신 분께 권합니다. 기초 단계를 줄이고 싶은 분께 적합합니다.

## 사용법
미온수로 얼굴을 적신 뒤 적당량을 손에 덜어 거품을 충분히 낸 다음 얼굴에 올려 부드럽게 굴리듯 세안합니다.

## 주의사항
화장품 사용 시 또는 사용 후 직사광선에 의하여 사용 부위가 붉은 반점, 부어오름 또는 가려움증 등의 이상 증상이나 부작용이 있는 경우 전문의 등과 상담할 것.
상처가 있는 부위 등에는 사용을 자제할 것.
보관 및 취급 시의 주의사항 — 어린이의 손이 닿지 않는 곳에 보관할 것. 직사광선을 피해서 보관할 것.

## 인증 및 시험
- 피부 자극 테스트 완료 (국내 임상시험 기관)
- 알레르기 유발 성분 24종 무첨가
- 동물 실험을 하지 않았습니다
- 환경을 생각한 재활용 가능 용기를 사용했습니다
- 화장품 책임판매업 등록 필증 보유

## 배송 및 교환
평일 오후 2시 이전 결제 건은 당일 출고됩니다. 도서·산간 지역은 배송이 하루 이틀 더 걸릴 수 있습니다.
단순 변심에 의한 교환 및 반품은 수령일로부터 7일 이내에 가능하며 왕복 배송비가 부과됩니다.
개봉하였거나 사용한 흔적이 있는 상품은 교환 및 반품이 어렵습니다.
상품에 하자가 있는 경우에는 배송비 부담 없이 교환해 드립니다."
P028,"## 제품 소개
판테놀 수분 로션은 수분 고민을 겪는 분들을 위해 만들었습니다. 지성을 기준으로 배합했고, 150ml 용량으로 담았습니다. 성분 하나를 넣고 빼는 데 오래 고민했습니다.

## 주요 성분
판테놀은 프로비타민B5라고도 불리며, 붉게 달아오른 피부를 달래는 데 씁니다. 자극이 적어 예민한 시기에도 쓸 수 있는 편입니다.

전성분: 정제수, 부틸렌글라이콜, 카보머, 글리세린, 트로메타민, 다이소듐이디티에이, 판테놀 추출물, 향료

## 이런 분께 권합니다
지성이신 분, 수분 때문에 오래 고민하신 분께 권합니다. 환절기마다 컨디션이 흔들리는 분께도 잘 맞습니다.

## 사용법
가벼운 마무리가 필요할 때 크림 대신 사용합니다. 아침에는 로션, 저녁에는 크림으로 나누어 쓰셔도 좋습니다.

## 주의사항
화장품 사용 시 또는 사용 후 직사광선에 의하여 사용 부위가 붉은 반점, 부어오름 또는 가려움증 등의 이상 증상이나 부작용이 있는 경우 전문의 등과 상담할 것.
상처가 있는 부위 등에는 사용을 자제할 것.
보관 및 취급 시의 주의사항 — 어린이의 손이 닿지 않는 곳에 보관할 것. 직사광선을 피해서 보관할 것.

## 자주 묻는 질문
Q. 샘플을 받아볼 수 있나요?
A. 고객센터로 문의해 주시면 재고 상황에 따라 안내해 드리고 있습니다.

Q. 임신 중에도 사용 가능한가요?
A. 제품 특성상 개인차가 있을 수 있으므로 임신 중이시라면 사용 전에 전문의와 상담하시기를 권해 드립니다.

Q. 남성이 써도 되나요?
A. 성별과 무관하게 사용하실 수 있습니다. 면도 직후에는 자극이 있을 수 있으니 시간을 두고 사용해 주세요.

Q. 피부가 따가운데 계속 써도 되나요?
A. 사용을 중단하시고 상태를 지켜봐 주세요. 증상이 이어지면 전문의와 상담하시기 바랍니다.

Q. 유통기한이 어떻게 되나요?
A. 제조일로부터 30개월이며, 개봉 후에는 12개월 이내에 사용하시는 것을 권장합니다. 용기 하단에서 제조일자를 확인하실 수 있습니다.

Q. 아침에도 쓸 수 있나요?
A. 네, 아침저녁 모두 사용하실 수 있습니다. 다만 아침에 사용하실 때는 자외선 차단제를 반드시 함께 발라 주세요.

## 배송 및 교환
평일 오후 2시 이전 결제 건은 당일 출고됩니다. 도서·산간 지역은 배송이 하루 이틀 더 걸릴 수 있습니다.
단순 변심에 의한 교환 및 반품은 수령일로부터 7일 이내에 가능하며 왕복 배송비가 부과됩니다.
개봉하였거나 사용한 흔적이 있는 상품은 교환 및 반품이 어렵습니다.
상품에 하자가 있는 경우에는 배송비 부담 없이 교환해 드립니다."
P029,"## 제품 소개
물빛연구소는 물의 결을 닮은 제형을 연구합니다. 무겁게 덮는 대신 스미게 하는 것, 그 한 가지를 위해 십수 년간 배합비를 고쳐 왔습니다. 오늘도 실험실의 불은 늦게까지 켜져 있습니다.

콜라겐 필링 마스크팩은 각질 고민을 겪는 분들을 위해 만들었습니다. 복합성을 기준으로 배합했고, 10매 용량으로 담았습니다. 성분 하나를 넣고 빼는 데 오래 고민했습니다.

## 주요 성분
콜라겐은 탄력을 채우는 데 쓰이며, 이 제품에는 흡수를 고려해 저분자로 분해한 형태를 넣었습니다.

전성분: 카프릴릴글라이콜, 소듐하이알루로네이트, 정제수, 잔탄검, 트로메타민, 카보머, 알란토인, 판테놀, 베타인, 에틸헥실글리세린, 다이소듐이디티에이, 콜라겐 추출물, 향료

## 이런 분께 권합니다
복합성이신 분, 각질 때문에 오래 고민하신 분께 권합니다. 처음 쓰시는 분도 부담 없이 시작하실 수 있습니다.

## 사용법
토너로 결을 정리한 뒤 시트를 얼굴에 밀착시켜 15~20분간 둡니다. 떼어낸 뒤 남은 에센스는 두드려 흡수시켜 주세요.

## 주의사항
화장품 사용 시 또는 사용 후 직사광선에 의하여 사용 부위가 붉은 반점, 부어오름 또는 가려움증 등의 이상 증상이나 부작용이 있는 경우 전문의 등과 상담할 것.
상처가 있는 부위 등에는 사용을 자제할 것.
보관 및 취급 시의 주의사항 — 어린이의 손이 닿지 않는 곳에 보관할 것. 직사광선을 피해서 보관할 것.

## 구매하신 분들의 이야기
구매하신 분들이 자주 남겨주신 이야기를 정리했습니다.

가장 많이 언급된 표현은 「촉촉하다」와 「겉돌지 않는다」였습니다. 특히 봄가을 환절철에 만족도가 높다는 의견이 많았고,
제형이 젤 같은 편이라 이 점을 좋아하시는 분과 아쉬워하시는 분이 나뉘었습니다.
향에 대해서는 은은하다라는 점을 장점으로 꼽아 주신 분이 많았습니다.
재구매 의사를 밝혀 주신 분의 비율이 높은 편이며, 용량 대비 가격에 대한 의견은 엇갈립니다.

## 배송 및 교환
평일 오후 2시 이전 결제 건은 당일 출고됩니다. 도서·산간 지역은 배송이 하루 이틀 더 걸릴 수 있습니다.
단순 변심에 의한 교환 및 반품은 수령일로부터 7일 이내에 가능하며 왕복 배송비가 부과됩니다.
개봉하였거나 사용한 흔적이 있는 상품은 교환 및 반품이 어렵습니다.
상품에 하자가 있는 경우에는 배송비 부담 없이 교환해 드립니다."
P030,"## 제품 소개
피부일기는 매일의 기록에서 출발했습니다. 하루하루 달라지는 피부 상태를 오래 관찰하며, 계절과 컨디션에 따라 달리 쓸 수 있는 제품을 만들어 왔습니다.

병풀 시카 앰플은 진정 고민을 겪는 분들을 위해 만들었습니다. 민감성을 기준으로 배합했고, 50ml 용량으로 담았습니다. 성분 하나를 넣고 빼는 데 오래 고민했습니다.

## 주요 성분
병풀 추출물은 예민해진 피부를 진정시키는 데 쓰입니다. 마데카소사이드를 포함한 네 가지 지표 성분을 함께 담았습니다.

전성분: 트로메타민, 알란토인, 소듐하이알루로네이트, 부틸렌글라이콜, 카보머, 다이소듐이디티에이, 병풀 추출물, 향료

## 사용법
집중 관리가 필요할 때 세럼 대신 또는 세럼 다음에 사용합니다. 매일 써도 되지만 주 2~3회 집중 사용도 좋습니다.

## 주의사항
화장품 사용 시 또는 사용 후 직사광선에 의하여 사용 부위가 붉은 반점, 부어오름 또는 가려움증 등의 이상 증상이나 부작용이 있는 경우 전문의 등과 상담할 것.
상처가 있는 부위 등에는 사용을 자제할 것.
보관 및 취급 시의 주의사항 — 어린이의 손이 닿지 않는 곳에 보관할 것. 직사광선을 피해서 보관할 것.

## 사용성 평가
자체 진행한 사용성 평가 결과입니다. 시험 대상자 25명, 4주간 1일 2회 사용 조건입니다.

- 사용 직후 수분량 41% 증가 (기기 측정)
- 4주 후 피부 거칠기 15% 개선
- 사용자의 92%가 「다시 구매할 의향이 있다」고 응답
- 시험 기간 중 이상 반응을 보고한 대상자 없음

본 결과는 개인에 따라 다를 수 있으며 질병의 예방이나 치료를 위한 것이 아닙니다.

## 인증 및 시험
- 피부 자극 테스트 완료 (국내 임상시험 기관)
- 알레르기 유발 성분 20종 무첨가
- 동물 실험을 하지 않았습니다
- 환경을 생각한 재활용 가능 용기를 사용했습니다
- 화장품 책임판매업 등록 필증 보유

## 구매하신 분들의 이야기
구매하신 분들이 자주 남겨주신 이야기를 정리했습니다.

가장 많이 언급된 표현은 「산뜻하다」와 「가성비가 좋다」였습니다. 특히 봄가을 환절철에 만족도가 높다는 의견이 많았고,
제형이 꾸덕한 편이라 이 점을 좋아하시는 분과 아쉬워하시는 분이 나뉘었습니다.
향에 대해서는 무향에 가깝다라는 점을 장점으로 꼽아 주신 분이 많았습니다.
재구매 의사를 밝혀 주신 분의 비율이 높은 편이며, 용량 대비 가격에 대한 의견은 엇갈립니다.

## 배송 및 교환
평일 오후 2시 이전 결제 건은 당일 출고됩니다. 도서·산간 지역은 배송이 하루 이틀 더 걸릴 수 있습니다.
단순 변심에 의한 교환 및 반품은 수령일로부터 7일 이내에 가능하며 왕복 배송비가 부과됩니다.
개봉하였거나 사용한 흔적이 있는 상품은 교환 및 반품이 어렵습니다.
상품에 하자가 있는 경우에는 배송비 부담 없이 교환해 드립니다."
P031,"## 제품 소개
라온셀은 2009년 작은 연구실에서 시작했습니다. 피부에 얹는 것은 적을수록 좋다는 생각으로 불필요한 성분을 덜어내는 일에 오래 매달려 왔습니다. 화려한 광고 대신 성분표로 이야기하겠습니다.

판테놀 수분 크림은 수분 고민을 겪는 분들을 위해 만들었습니다. 복합성을 기준으로 배합했고, 50ml 용량으로 담았습니다. 여러 차례의 사용성 평가를 거쳐 제형을 확정했습니다.

## 주요 성분
판테놀은 프로비타민B5라고도 불리며, 붉게 달아오른 피부를 달래는 데 씁니다. 자극이 적어 예민한 시기에도 쓸 수 있는 편입니다.

전성분: 1,2-헥산다이올, 소듐하이알루로네이트, 트로메타민, 부틸렌글라이콜, 알란토인, 카프릴릴글라이콜, 다이소듐이디티에이, 글리세린, 에틸헥실글리세린, 잔탄검, 카보머, 베타인, 판테놀, 판테놀 추출물, 향료

## 이런 분께 권합니다
복합성이신 분, 수분 때문에 오래 고민하신 분께 권합니다. 환절기마다 컨디션이 흔들리는 분께도 잘 맞습니다.

## 사용법
기초 단계의 마지막에 사용합니다. 적당량을 덜어 얼굴 안쪽에서 바깥쪽으로 펴 발라 주세요.

## 주의사항
화장품 사용 시 또는 사용 후 직사광선에 의하여 사용 부위가 붉은 반점, 부어오름 또는 가려움증 등의 이상 증상이나 부작용이 있는 경우 전문의 등과 상담할 것.
상처가 있는 부위 등에는 사용을 자제할 것.
보관 및 취급 시의 주의사항 — 어린이의 손이 닿지 않는 곳에 보관할 것. 직사광선을 피해서 보관할 것.

## 사용성 평가
자체 진행한 사용성 평가 결과입니다. 시험 대상자 31명, 6주간 1일 2회 사용 조건입니다.

- 사용 직후 수분량 24% 증가 (기기 측정)
- 6주 후 피부 거칠기 23% 개선
- 사용자의 96%가 「다시 구매할 의향이 있다」고 응답
- 시험 기간 중 이상 반응을 보고한 대상자 없음

본 결과는 개인에 따라 다를 수 있으며 질병의 예방이나 치료를 위한 것이 아닙니다.

## 구매하신 분들의 이야기
구매하신 분들이 자주 남겨주신 이야기를 정리했습니다.

가장 많이 언급된 표현은 「자극이 없다」와 「가성비가 좋다」였습니다. 특히 봄가을 환절철에 만족도가 높다는 의견이 많았고,
제형이 젤 같은 편이라 이 점을 좋아하시는 분과 아쉬워하시는 분이 나뉘었습니다.
향에 대해서는 인공적이지 않다라는 점을 장점으로 꼽아 주신 분이 많았습니다.
재구매 의사를 밝혀 주신 분의 비율이 높은 편이며, 용량 대비 가격에 대한 의견은 엇갈립니다.

## 자주 묻는 질문
Q. 다른 제품과 같이 써도 되나요?
A. 기초 단계 순서만 지켜 주시면 함께 사용하셔도 괜찮습니다. 묽은 것부터 되직한 것 순으로 발라 주세요.

Q. 피부가 따가운데 계속 써도 되나요?
A. 사용을 중단하시고 상태를 지켜봐 주세요. 증상이 이어지면 전문의와 상담하시기 바랍니다.

## 배송 및 교환
평일 오후 2시 이전 결제 건은 당일 출고됩니다. 도서·산간 지역은 배송이 하루 이틀 더 걸릴 수 있습니다.
단순 변심에 의한 교환 및 반품은 수령일로부터 7일 이내에 가능하며 왕복 배송비가 부과됩니다.
개봉하였거나 사용한 흔적이 있는 상품은 교환 및 반품이 어렵습니다.
상품에 하자가 있는 경우에는 배송비 부담 없이 교환해 드립니다."
P032,"## 제품 소개
세라마이드 시카 에센스은 진정 고민을 겪는 분들을 위해 만들었습니다. 건성을 기준으로 배합했고, 100ml 용량으로 담았습니다. 성분 하나를 넣고 빼는 데 오래 고민했습니다.

## 주요 성분
세라마이드는 원래 피부 각질층에 있는 지질 성분입니다. 나이가 들거나 건조한 환경에 오래 있으면 줄어드는데, 이 제품은 그 빈자리를 채우는 것을 목표로 배합했습니다.

전성분: 알란토인, 정제수, 트로메타민, 글리세린, 베타인, 카보머, 소듐하이알루로네이트, 카프릴릴글라이콜, 판테놀, 부틸렌글라이콜, 잔탄검, 1,2-헥산다이올, 세라마이드 추출물, 향료

## 이런 분께 권합니다
건성이신 분, 진정 때문에 오래 고민하신 분께 권합니다. 처음 쓰시는 분도 부담 없이 시작하실 수 있습니다.

## 사용법
토너로 결을 정리한 뒤 사용합니다. 2~3회 펌핑해 얼굴 전체에 펴 바르고 가볍게 두드려 흡수시켜 주세요.

## 주의사항
화장품 사용 시 또는 사용 후 직사광선에 의하여 사용 부위가 붉은 반점, 부어오름 또는 가려움증 등의 이상 증상이나 부작용이 있는 경우 전문의 등과 상담할 것.
상처가 있는 부위 등에는 사용을 자제할 것.
보관 및 취급 시의 주의사항 — 어린이의 손이 닿지 않는 곳에 보관할 것. 직사광선을 피해서 보관할 것.

## 인증 및 시험
- 피부 자극 테스트 완료 (국내 임상시험 기관)
- 알레르기 유발 성분 20종 무첨가
- 동물 실험을 하지 않았습니다
- 환경을 생각한 재활용 가능 용기를 사용했습니다
- 화장품 책임판매업 등록 필증 보유

## 자주 묻는 질문
Q. 용기가 펌프인가요?
A. 위생과 산화를 고려해 펌프 형태로 제작했습니다. 마지막까지 쓰실 수 있도록 용기 안쪽을 비스듬히 설계했습니다.

Q. 아침에도 쓸 수 있나요?
A. 네, 아침저녁 모두 사용하실 수 있습니다. 다만 아침에 사용하실 때는 자외선 차단제를 반드시 함께 발라 주세요.

## 배송 및 교환
평일 오후 2시 이전 결제 건은 당일 출고됩니다. 도서·산간 지역은 배송이 하루 이틀 더 걸릴 수 있습니다.
단순 변심에 의한 교환 및 반품은 수령일로부터 7일 이내에 가능하며 왕복 배송비가 부과됩니다.
개봉하였거나 사용한 흔적이 있는 상품은 교환 및 반품이 어렵습니다.
상품에 하자가 있는 경우에는 배송비 부담 없이 교환해 드립니다."
P033,"## 제품 소개
미니멀스킨은 덜어내는 브랜드입니다. 성분 수를 줄이고 공정을 줄이고 포장을 줄였습니다. 남은 것은 꼭 필요한 것뿐입니다.

히알루론산 시카 세럼은 진정 고민을 겪는 분들을 위해 만들었습니다. 민감성을 기준으로 배합했고, 50ml 용량으로 담았습니다. 출시 전 3개월간 자체 모니터링을 진행했습니다.

## 주요 성분
히알루론산은 자기 무게의 수백 배에 달하는 수분을 끌어안는 성분입니다. 이 제품에는 분자 크기가 다른 세 종류를 함께 넣어 겉과 속에 나누어 자리 잡도록 했습니다.

전성분: 다이소듐이디티에이, 에틸헥실글리세린, 정제수, 알란토인, 1,2-헥산다이올, 카보머, 글리세린, 카프릴릴글라이콜, 베타인, 잔탄검, 판테놀, 히알루론산 추출물, 향료

## 사용법
에센스 다음 단계에서 사용합니다. 건조한 부위에는 한 번 더 덧발라 주세요.

## 주의사항
화장품 사용 시 또는 사용 후 직사광선에 의하여 사용 부위가 붉은 반점, 부어오름 또는 가려움증 등의 이상 증상이나 부작용이 있는 경우 전문의 등과 상담할 것.
상처가 있는 부위 등에는 사용을 자제할 것.
보관 및 취급 시의 주의사항 — 어린이의 손이 닿지 않는 곳에 보관할 것. 직사광선을 피해서 보관할 것.

## 사용성 평가
자체 진행한 사용성 평가 결과입니다. 시험 대상자 25명, 6주간 1일 2회 사용 조건입니다.

- 사용 직후 수분량 47% 증가 (기기 측정)
- 6주 후 피부 거칠기 10% 개선
- 사용자의 75%가 「다시 구매할 의향이 있다」고 응답
- 시험 기간 중 이상 반응을 보고한 대상자 없음

본 결과는 개인에 따라 다를 수 있으며 질병의 예방이나 치료를 위한 것이 아닙니다.

## 인증 및 시험
- 피부 자극 테스트 완료 (국내 임상시험 기관)
- 알레르기 유발 성분 26종 무첨가
- 동물 실험을 하지 않았습니다
- 환경을 생각한 재활용 가능 용기를 사용했습니다
- 화장품 책임판매업 등록 필증 보유

## 자주 묻는 질문
Q. 아침에도 쓸 수 있나요?
A. 네, 아침저녁 모두 사용하실 수 있습니다. 다만 아침에 사용하실 때는 자외선 차단제를 반드시 함께 발라 주세요.

Q. 임신 중에도 사용 가능한가요?
A. 제품 특성상 개인차가 있을 수 있으므로 임신 중이시라면 사용 전에 전문의와 상담하시기를 권해 드립니다.

## 배송 및 교환
평일 오후 2시 이전 결제 건은 당일 출고됩니다. 도서·산간 지역은 배송이 하루 이틀 더 걸릴 수 있습니다.
단순 변심에 의한 교환 및 반품은 수령일로부터 7일 이내에 가능하며 왕복 배송비가 부과됩니다.
개봉하였거나 사용한 흔적이 있는 상품은 교환 및 반품이 어렵습니다.
상품에 하자가 있는 경우에는 배송비 부담 없이 교환해 드립니다."
P034,"## 제품 소개
레티놀 수분 마스크팩은 수분 고민을 겪는 분들을 위해 만들었습니다. 복합성을 기준으로 배합했고, 20매 용량으로 담았습니다. 출시 전 3개월간 자체 모니터링을 진행했습니다.

## 주요 성분
레티놀은 잔주름 관리에 쓰이는 대표적인 성분입니다. 다만 처음 쓰면 각질이 일거나 따가울 수 있어, 이 제품은 저농도로 시작하도록 설계했습니다.

전성분: 글리세린, 카프릴릴글라이콜, 1,2-헥산다이올, 에틸헥실글리세린, 알란토인, 다이소듐이디티에이, 베타인, 부틸렌글라이콜, 레티놀 추출물, 향료

## 사용법
토너로 결을 정리한 뒤 시트를 얼굴에 밀착시켜 15~20분간 둡니다. 떼어낸 뒤 남은 에센스는 두드려 흡수시켜 주세요.

## 주의사항
레티놀 성분이 함유되어 있습니다. 민감성 피부는 사용을 권하지 않으며, 처음 사용하시는 분은 주 1~2회 저녁에만 소량으로 시작해 주세요. 임산부 및 수유부는 사용 전 전문의와 상담하시기 바랍니다. 사용 중 자외선 차단제를 반드시 함께 사용해 주세요.
화장품 사용 시 또는 사용 후 직사광선에 의하여 사용 부위가 붉은 반점, 부어오름 또는 가려움증 등의 이상 증상이나 부작용이 있는 경우 전문의 등과 상담할 것.
상처가 있는 부위 등에는 사용을 자제할 것.
보관 및 취급 시의 주의사항 — 어린이의 손이 닿지 않는 곳에 보관할 것. 직사광선을 피해서 보관할 것.

## 사용성 평가
자체 진행한 사용성 평가 결과입니다. 시험 대상자 25명, 8주간 1일 2회 사용 조건입니다.

- 사용 직후 수분량 54% 증가 (기기 측정)
- 8주 후 피부 거칠기 21% 개선
- 사용자의 94%가 「다시 구매할 의향이 있다」고 응답
- 시험 기간 중 이상 반응을 보고한 대상자 없음

본 결과는 개인에 따라 다를 수 있으며 질병의 예방이나 치료를 위한 것이 아닙니다.

## 구매하신 분들의 이야기
구매하신 분들이 자주 남겨주신 이야기를 정리했습니다.

가장 많이 언급된 표현은 「자극이 없다」와 「가성비가 좋다」였습니다. 특히 장마철에 만족도가 높다는 의견이 많았고,
제형이 물처럼 묽은 편이라 이 점을 좋아하시는 분과 아쉬워하시는 분이 나뉘었습니다.
향에 대해서는 은은하다라는 점을 장점으로 꼽아 주신 분이 많았습니다.
재구매 의사를 밝혀 주신 분의 비율이 높은 편이며, 용량 대비 가격에 대한 의견은 엇갈립니다.

## 배송 및 교환
평일 오후 2시 이전 결제 건은 당일 출고됩니다. 도서·산간 지역은 배송이 하루 이틀 더 걸릴 수 있습니다.
단순 변심에 의한 교환 및 반품은 수령일로부터 7일 이내에 가능하며 왕복 배송비가 부과됩니다.
개봉하였거나 사용한 흔적이 있는 상품은 교환 및 반품이 어렵습니다.
상품에 하자가 있는 경우에는 배송비 부담 없이 교환해 드립니다."
P035,"## 제품 소개
히알루론산 포어 로션은 모공 고민을 겪는 분들을 위해 만들었습니다. 민감성을 기준으로 배합했고, 100ml 용량으로 담았습니다. 출시 전 3개월간 자체 모니터링을 진행했습니다.

## 주요 성분
히알루론산은 자기 무게의 수백 배에 달하는 수분을 끌어안는 성분입니다. 이 제품에는 분자 크기가 다른 세 종류를 함께 넣어 겉과 속에 나누어 자리 잡도록 했습니다.

전성분: 1,2-헥산다이올, 에틸헥실글리세린, 부틸렌글라이콜, 소듐하이알루로네이트, 알란토인, 트로메타민, 잔탄검, 판테놀, 글리세린, 카프릴릴글라이콜, 히알루론산 추출물, 향료

## 사용법
가벼운 마무리가 필요할 때 크림 대신 사용합니다. 아침에는 로션, 저녁에는 크림으로 나누어 쓰셔도 좋습니다.

## 주의사항
화장품 사용 시 또는 사용 후 직사광선에 의하여 사용 부위가 붉은 반점, 부어오름 또는 가려움증 등의 이상 증상이나 부작용이 있는 경우 전문의 등과 상담할 것.
상처가 있는 부위 등에는 사용을 자제할 것.
보관 및 취급 시의 주의사항 — 어린이의 손이 닿지 않는 곳에 보관할 것. 직사광선을 피해서 보관할 것.

## 인증 및 시험
- 피부 자극 테스트 완료 (국내 임상시험 기관)
- 알레르기 유발 성분 26종 무첨가
- 동물 실험을 하지 않았습니다
- 환경을 생각한 재활용 가능 용기를 사용했습니다
- 화장품 책임판매업 등록 필증 보유

## 구매하신 분들의 이야기
구매하신 분들이 자주 남겨주신 이야기를 정리했습니다.

가장 많이 언급된 표현은 「부담 없다」와 「흡수가 빠르다」였습니다. 특히 겨울철에 만족도가 높다는 의견이 많았고,
제형이 젤 같은 편이라 이 점을 좋아하시는 분과 아쉬워하시는 분이 나뉘었습니다.
향에 대해서는 인공적이지 않다라는 점을 장점으로 꼽아 주신 분이 많았습니다.
재구매 의사를 밝혀 주신 분의 비율이 높은 편이며, 용량 대비 가격에 대한 의견은 엇갈립니다.

## 배송 및 교환
평일 오후 2시 이전 결제 건은 당일 출고됩니다. 도서·산간 지역은 배송이 하루 이틀 더 걸릴 수 있습니다.
단순 변심에 의한 교환 및 반품은 수령일로부터 7일 이내에 가능하며 왕복 배송비가 부과됩니다.
개봉하였거나 사용한 흔적이 있는 상품은 교환 및 반품이 어렵습니다.
상품에 하자가 있는 경우에는 배송비 부담 없이 교환해 드립니다."
P036,"## 제품 소개
세라마이드 트러블 에센스은 트러블 고민을 겪는 분들을 위해 만들었습니다. 모든 피부을 기준으로 배합했고, 50ml 용량으로 담았습니다. 성분 하나를 넣고 빼는 데 오래 고민했습니다.

## 주요 성분
세라마이드는 원래 피부 각질층에 있는 지질 성분입니다. 나이가 들거나 건조한 환경에 오래 있으면 줄어드는데, 이 제품은 그 빈자리를 채우는 것을 목표로 배합했습니다.

전성분: 소듐하이알루로네이트, 잔탄검, 판테놀, 다이소듐이디티에이, 부틸렌글라이콜, 트로메타민, 정제수, 알란토인, 에틸헥실글리세린, 세라마이드 추출물, 향료

## 이런 분께 권합니다
모든 피부이신 분, 트러블 때문에 오래 고민하신 분께 권합니다. 환절기마다 컨디션이 흔들리는 분께도 잘 맞습니다.

## 사용법
토너로 결을 정리한 뒤 사용합니다. 2~3회 펌핑해 얼굴 전체에 펴 바르고 가볍게 두드려 흡수시켜 주세요.

## 주의사항
화장품 사용 시 또는 사용 후 직사광선에 의하여 사용 부위가 붉은 반점, 부어오름 또는 가려움증 등의 이상 증상이나 부작용이 있는 경우 전문의 등과 상담할 것.
상처가 있는 부위 등에는 사용을 자제할 것.
보관 및 취급 시의 주의사항 — 어린이의 손이 닿지 않는 곳에 보관할 것. 직사광선을 피해서 보관할 것.

## 사용성 평가
자체 진행한 사용성 평가 결과입니다. 시험 대상자 21명, 2주간 1일 2회 사용 조건입니다.

- 사용 직후 수분량 33% 증가 (기기 측정)
- 2주 후 피부 거칠기 13% 개선
- 사용자의 95%가 「다시 구매할 의향이 있다」고 응답
- 시험 기간 중 이상 반응을 보고한 대상자 없음

본 결과는 개인에 따라 다를 수 있으며 질병의 예방이나 치료를 위한 것이 아닙니다.

## 인증 및 시험
- 피부 자극 테스트 완료 (국내 임상시험 기관)
- 알레르기 유발 성분 26종 무첨가
- 동물 실험을 하지 않았습니다
- 환경을 생각한 재활용 가능 용기를 사용했습니다
- 화장품 책임판매업 등록 필증 보유

## 자주 묻는 질문
Q. 용기가 펌프인가요?
A. 위생과 산화를 고려해 펌프 형태로 제작했습니다. 마지막까지 쓰실 수 있도록 용기 안쪽을 비스듬히 설계했습니다.

Q. 다른 제품과 같이 써도 되나요?
A. 기초 단계 순서만 지켜 주시면 함께 사용하셔도 괜찮습니다. 묽은 것부터 되직한 것 순으로 발라 주세요.

Q. 아침에도 쓸 수 있나요?
A. 네, 아침저녁 모두 사용하실 수 있습니다. 다만 아침에 사용하실 때는 자외선 차단제를 반드시 함께 발라 주세요.

## 배송 및 교환
평일 오후 2시 이전 결제 건은 당일 출고됩니다. 도서·산간 지역은 배송이 하루 이틀 더 걸릴 수 있습니다.
단순 변심에 의한 교환 및 반품은 수령일로부터 7일 이내에 가능하며 왕복 배송비가 부과됩니다.
개봉하였거나 사용한 흔적이 있는 상품은 교환 및 반품이 어렵습니다.
상품에 하자가 있는 경우에는 배송비 부담 없이 교환해 드립니다."
P037,"## 제품 소개
데일리랩은 매일 쓰는 것을 만듭니다. 특별한 날의 화려함보다 매일의 꾸준함이 피부를 바꾼다고 생각합니다. 그래서 가격도 매일 쓸 수 있게 맞췄습니다.

녹차 브라이트닝 크림은 미백 고민을 겪는 분들을 위해 만들었습니다. 지성을 기준으로 배합했고, 50ml 용량으로 담았습니다. 여러 차례의 사용성 평가를 거쳐 제형을 확정했습니다.

## 주요 성분
녹차 추출물은 산뜻하게 정돈하는 느낌을 줍니다. 국내 재배 녹차를 첫물로 수확해 사용했습니다.

전성분: 글리세린, 소듐하이알루로네이트, 판테놀, 베타인, 트로메타민, 카보머, 알란토인, 녹차 추출물, 향료

## 이런 분께 권합니다
지성이신 분, 미백 때문에 오래 고민하신 분께 권합니다. 기초 단계를 줄이고 싶은 분께 적합합니다.

## 사용법
기초 단계의 마지막에 사용합니다. 적당량을 덜어 얼굴 안쪽에서 바깥쪽으로 펴 발라 주세요.

## 주의사항
화장품 사용 시 또는 사용 후 직사광선에 의하여 사용 부위가 붉은 반점, 부어오름 또는 가려움증 등의 이상 증상이나 부작용이 있는 경우 전문의 등과 상담할 것.
상처가 있는 부위 등에는 사용을 자제할 것.
보관 및 취급 시의 주의사항 — 어린이의 손이 닿지 않는 곳에 보관할 것. 직사광선을 피해서 보관할 것.

## 인증 및 시험
- 피부 자극 테스트 완료 (국내 임상시험 기관)
- 알레르기 유발 성분 21종 무첨가
- 동물 실험을 하지 않았습니다
- 환경을 생각한 재활용 가능 용기를 사용했습니다
- 화장품 책임판매업 등록 필증 보유

## 자주 묻는 질문
Q. 남성이 써도 되나요?
A. 성별과 무관하게 사용하실 수 있습니다. 면도 직후에는 자극이 있을 수 있으니 시간을 두고 사용해 주세요.

Q. 아침에도 쓸 수 있나요?
A. 네, 아침저녁 모두 사용하실 수 있습니다. 다만 아침에 사용하실 때는 자외선 차단제를 반드시 함께 발라 주세요.

## 배송 및 교환
평일 오후 2시 이전 결제 건은 당일 출고됩니다. 도서·산간 지역은 배송이 하루 이틀 더 걸릴 수 있습니다.
단순 변심에 의한 교환 및 반품은 수령일로부터 7일 이내에 가능하며 왕복 배송비가 부과됩니다.
개봉하였거나 사용한 흔적이 있는 상품은 교환 및 반품이 어렵습니다.
상품에 하자가 있는 경우에는 배송비 부담 없이 교환해 드립니다."
P038,"## 제품 소개
알로에 링클 미스트은 주름 고민을 겪는 분들을 위해 만들었습니다. 건성을 기준으로 배합했고, 100ml 용량으로 담았습니다. 성분 하나를 넣고 빼는 데 오래 고민했습니다.

## 주요 성분
알로에 잎의 겔 부분만 골라 담았습니다. 수분을 오래 붙잡아두는 성질이 있어 여름철 진정용으로도 많이 찾으십니다.

전성분: 부틸렌글라이콜, 1,2-헥산다이올, 에틸헥실글리세린, 잔탄검, 글리세린, 정제수, 트로메타민, 다이소듐이디티에이, 카보머, 알란토인, 베타인, 알로에 추출물, 향료

## 이런 분께 권합니다
건성이신 분, 주름 때문에 오래 고민하신 분께 권합니다. 환절기마다 컨디션이 흔들리는 분께도 잘 맞습니다.

## 사용법
필요할 때마다 얼굴에서 20cm 정도 떨어뜨려 분사합니다. 메이크업 위에도 사용할 수 있습니다.

## 주의사항
화장품 사용 시 또는 사용 후 직사광선에 의하여 사용 부위가 붉은 반점, 부어오름 또는 가려움증 등의 이상 증상이나 부작용이 있는 경우 전문의 등과 상담할 것.
상처가 있는 부위 등에는 사용을 자제할 것.
보관 및 취급 시의 주의사항 — 어린이의 손이 닿지 않는 곳에 보관할 것. 직사광선을 피해서 보관할 것.

## 자주 묻는 질문
Q. 샘플을 받아볼 수 있나요?
A. 고객센터로 문의해 주시면 재고 상황에 따라 안내해 드리고 있습니다.

Q. 용기가 펌프인가요?
A. 위생과 산화를 고려해 펌프 형태로 제작했습니다. 마지막까지 쓰실 수 있도록 용기 안쪽을 비스듬히 설계했습니다.

Q. 유통기한이 어떻게 되나요?
A. 제조일로부터 30개월이며, 개봉 후에는 12개월 이내에 사용하시는 것을 권장합니다. 용기 하단에서 제조일자를 확인하실 수 있습니다.

Q. 다른 제품과 같이 써도 되나요?
A. 기초 단계 순서만 지켜 주시면 함께 사용하셔도 괜찮습니다. 묽은 것부터 되직한 것 순으로 발라 주세요.

Q. 피부가 따가운데 계속 써도 되나요?
A. 사용을 중단하시고 상태를 지켜봐 주세요. 증상이 이어지면 전문의와 상담하시기 바랍니다.

## 배송 및 교환
평일 오후 2시 이전 결제 건은 당일 출고됩니다. 도서·산간 지역은 배송이 하루 이틀 더 걸릴 수 있습니다.
단순 변심에 의한 교환 및 반품은 수령일로부터 7일 이내에 가능하며 왕복 배송비가 부과됩니다.
개봉하였거나 사용한 흔적이 있는 상품은 교환 및 반품이 어렵습니다.
상품에 하자가 있는 경우에는 배송비 부담 없이 교환해 드립니다."
P039,"## 제품 소개
모이스트랩은 수분에 집중합니다. 겉만 촉촉한 것과 속까지 채우는 것은 다르다는 것을 여러 실험으로 확인했고, 그 차이를 제형에 담았습니다.

레티놀 링클 마스크팩은 주름 고민을 겪는 분들을 위해 만들었습니다. 지성을 기준으로 배합했고, 10매 용량으로 담았습니다. 출시 전 3개월간 자체 모니터링을 진행했습니다.

## 주요 성분
레티놀은 잔주름 관리에 쓰이는 대표적인 성분입니다. 다만 처음 쓰면 각질이 일거나 따가울 수 있어, 이 제품은 저농도로 시작하도록 설계했습니다.

전성분: 알란토인, 1,2-헥산다이올, 트로메타민, 카보머, 판테놀, 소듐하이알루로네이트, 정제수, 잔탄검, 카프릴릴글라이콜, 다이소듐이디티에이, 에틸헥실글리세린, 베타인, 레티놀 추출물, 향료

## 이런 분께 권합니다
지성이신 분, 주름 때문에 오래 고민하신 분께 권합니다. 처음 쓰시는 분도 부담 없이 시작하실 수 있습니다.

## 사용법
토너로 결을 정리한 뒤 시트를 얼굴에 밀착시켜 15~20분간 둡니다. 떼어낸 뒤 남은 에센스는 두드려 흡수시켜 주세요.

## 주의사항
레티놀 성분이 함유되어 있습니다. 민감성 피부는 사용을 권하지 않으며, 처음 사용하시는 분은 주 1~2회 저녁에만 소량으로 시작해 주세요. 임산부 및 수유부는 사용 전 전문의와 상담하시기 바랍니다. 사용 중 자외선 차단제를 반드시 함께 사용해 주세요.
화장품 사용 시 또는 사용 후 직사광선에 의하여 사용 부위가 붉은 반점, 부어오름 또는 가려움증 등의 이상 증상이나 부작용이 있는 경우 전문의 등과 상담할 것.
상처가 있는 부위 등에는 사용을 자제할 것.
보관 및 취급 시의 주의사항 — 어린이의 손이 닿지 않는 곳에 보관할 것. 직사광선을 피해서 보관할 것.

## 인증 및 시험
- 피부 자극 테스트 완료 (국내 임상시험 기관)
- 알레르기 유발 성분 21종 무첨가
- 동물 실험을 하지 않았습니다
- 환경을 생각한 재활용 가능 용기를 사용했습니다
- 화장품 책임판매업 등록 필증 보유

## 자주 묻는 질문
Q. 유통기한이 어떻게 되나요?
A. 제조일로부터 30개월이며, 개봉 후에는 12개월 이내에 사용하시는 것을 권장합니다. 용기 하단에서 제조일자를 확인하실 수 있습니다.

Q. 샘플을 받아볼 수 있나요?
A. 고객센터로 문의해 주시면 재고 상황에 따라 안내해 드리고 있습니다.

Q. 다른 제품과 같이 써도 되나요?
A. 기초 단계 순서만 지켜 주시면 함께 사용하셔도 괜찮습니다. 묽은 것부터 되직한 것 순으로 발라 주세요.

Q. 남성이 써도 되나요?
A. 성별과 무관하게 사용하실 수 있습니다. 면도 직후에는 자극이 있을 수 있으니 시간을 두고 사용해 주세요.

## 배송 및 교환
평일 오후 2시 이전 결제 건은 당일 출고됩니다. 도서·산간 지역은 배송이 하루 이틀 더 걸릴 수 있습니다.
단순 변심에 의한 교환 및 반품은 수령일로부터 7일 이내에 가능하며 왕복 배송비가 부과됩니다.
개봉하였거나 사용한 흔적이 있는 상품은 교환 및 반품이 어렵습니다.
상품에 하자가 있는 경우에는 배송비 부담 없이 교환해 드립니다."
P040,"## 제품 소개
데일리랩은 매일 쓰는 것을 만듭니다. 특별한 날의 화려함보다 매일의 꾸준함이 피부를 바꾼다고 생각합니다. 그래서 가격도 매일 쓸 수 있게 맞췄습니다.

병풀 필링 마스크팩은 각질 고민을 겪는 분들을 위해 만들었습니다. 지성을 기준으로 배합했고, 20매 용량으로 담았습니다. 성분 하나를 넣고 빼는 데 오래 고민했습니다.

## 주요 성분
병풀 추출물은 예민해진 피부를 진정시키는 데 쓰입니다. 마데카소사이드를 포함한 네 가지 지표 성분을 함께 담았습니다.

전성분: 알란토인, 1,2-헥산다이올, 정제수, 소듐하이알루로네이트, 잔탄검, 판테놀, 글리세린, 다이소듐이디티에이, 카프릴릴글라이콜, 부틸렌글라이콜, 에틸헥실글리세린, 베타인, 카보머, 병풀 추출물, 향료

## 사용법
토너로 결을 정리한 뒤 시트를 얼굴에 밀착시켜 15~20분간 둡니다. 떼어낸 뒤 남은 에센스는 두드려 흡수시켜 주세요.

## 주의사항
화장품 사용 시 또는 사용 후 직사광선에 의하여 사용 부위가 붉은 반점, 부어오름 또는 가려움증 등의 이상 증상이나 부작용이 있는 경우 전문의 등과 상담할 것.
상처가 있는 부위 등에는 사용을 자제할 것.
보관 및 취급 시의 주의사항 — 어린이의 손이 닿지 않는 곳에 보관할 것. 직사광선을 피해서 보관할 것.

## 사용성 평가
자체 진행한 사용성 평가 결과입니다. 시험 대상자 22명, 4주간 1일 2회 사용 조건입니다.

- 사용 직후 수분량 32% 증가 (기기 측정)
- 4주 후 피부 거칠기 14% 개선
- 사용자의 72%가 「다시 구매할 의향이 있다」고 응답
- 시험 기간 중 이상 반응을 보고한 대상자 없음

본 결과는 개인에 따라 다를 수 있으며 질병의 예방이나 치료를 위한 것이 아닙니다.

## 구매하신 분들의 이야기
구매하신 분들이 자주 남겨주신 이야기를 정리했습니다.

가장 많이 언급된 표현은 「산뜻하다」와 「가성비가 좋다」였습니다. 특히 장마철에 만족도가 높다는 의견이 많았고,
제형이 꾸덕한 편이라 이 점을 좋아하시는 분과 아쉬워하시는 분이 나뉘었습니다.
향에 대해서는 은은하다라는 점을 장점으로 꼽아 주신 분이 많았습니다.
재구매 의사를 밝혀 주신 분의 비율이 높은 편이며, 용량 대비 가격에 대한 의견은 엇갈립니다.

## 배송 및 교환
평일 오후 2시 이전 결제 건은 당일 출고됩니다. 도서·산간 지역은 배송이 하루 이틀 더 걸릴 수 있습니다.
단순 변심에 의한 교환 및 반품은 수령일로부터 7일 이내에 가능하며 왕복 배송비가 부과됩니다.
개봉하였거나 사용한 흔적이 있는 상품은 교환 및 반품이 어렵습니다.
상품에 하자가 있는 경우에는 배송비 부담 없이 교환해 드립니다."
P041,"## 제품 소개
청담수는 맑은 물처럼 투명한 제품을 지향합니다. 무엇이 들어갔는지 숨기지 않고 전 성분을 함량 순으로 공개합니다. 신뢰는 정보에서 나온다고 봅니다.

녹차 탄력 미스트은 탄력 고민을 겪는 분들을 위해 만들었습니다. 지성을 기준으로 배합했고, 120ml 용량으로 담았습니다. 성분 하나를 넣고 빼는 데 오래 고민했습니다.

## 주요 성분
녹차 추출물은 산뜻하게 정돈하는 느낌을 줍니다. 국내 재배 녹차를 첫물로 수확해 사용했습니다.

전성분: 잔탄검, 다이소듐이디티에이, 트로메타민, 카보머, 알란토인, 글리세린, 부틸렌글라이콜, 판테놀, 카프릴릴글라이콜, 에틸헥실글리세린, 녹차 추출물, 향료

## 이런 분께 권합니다
지성이신 분, 탄력 때문에 오래 고민하신 분께 권합니다. 환절기마다 컨디션이 흔들리는 분께도 잘 맞습니다.

## 사용법
필요할 때마다 얼굴에서 20cm 정도 떨어뜨려 분사합니다. 메이크업 위에도 사용할 수 있습니다.

## 주의사항
화장품 사용 시 또는 사용 후 직사광선에 의하여 사용 부위가 붉은 반점, 부어오름 또는 가려움증 등의 이상 증상이나 부작용이 있는 경우 전문의 등과 상담할 것.
상처가 있는 부위 등에는 사용을 자제할 것.
보관 및 취급 시의 주의사항 — 어린이의 손이 닿지 않는 곳에 보관할 것. 직사광선을 피해서 보관할 것.

## 사용성 평가
자체 진행한 사용성 평가 결과입니다. 시험 대상자 21명, 4주간 1일 2회 사용 조건입니다.

- 사용 직후 수분량 37% 증가 (기기 측정)
- 4주 후 피부 거칠기 14% 개선
- 사용자의 81%가 「다시 구매할 의향이 있다」고 응답
- 시험 기간 중 이상 반응을 보고한 대상자 없음

본 결과는 개인에 따라 다를 수 있으며 질병의 예방이나 치료를 위한 것이 아닙니다.

## 인증 및 시험
- 피부 자극 테스트 완료 (국내 임상시험 기관)
- 알레르기 유발 성분 26종 무첨가
- 동물 실험을 하지 않았습니다
- 환경을 생각한 재활용 가능 용기를 사용했습니다
- 화장품 책임판매업 등록 필증 보유

## 배송 및 교환
평일 오후 2시 이전 결제 건은 당일 출고됩니다. 도서·산간 지역은 배송이 하루 이틀 더 걸릴 수 있습니다.
단순 변심에 의한 교환 및 반품은 수령일로부터 7일 이내에 가능하며 왕복 배송비가 부과됩니다.
개봉하였거나 사용한 흔적이 있는 상품은 교환 및 반품이 어렵습니다.
상품에 하자가 있는 경우에는 배송비 부담 없이 교환해 드립니다."
P042,"## 제품 소개
미니멀스킨은 덜어내는 브랜드입니다. 성분 수를 줄이고 공정을 줄이고 포장을 줄였습니다. 남은 것은 꼭 필요한 것뿐입니다.

콜라겐 수분 세럼은 수분 고민을 겪는 분들을 위해 만들었습니다. 복합성을 기준으로 배합했고, 30ml 용량으로 담았습니다. 성분 하나를 넣고 빼는 데 오래 고민했습니다.

## 주요 성분
콜라겐은 탄력을 채우는 데 쓰이며, 이 제품에는 흡수를 고려해 저분자로 분해한 형태를 넣었습니다.

전성분: 정제수, 카보머, 판테놀, 잔탄검, 소듐하이알루로네이트, 알란토인, 부틸렌글라이콜, 베타인, 카프릴릴글라이콜, 1,2-헥산다이올, 글리세린, 콜라겐 추출물, 향료

## 이런 분께 권합니다
복합성이신 분, 수분 때문에 오래 고민하신 분께 권합니다. 기초 단계를 줄이고 싶은 분께 적합합니다.

## 사용법
에센스 다음 단계에서 사용합니다. 건조한 부위에는 한 번 더 덧발라 주세요.

## 주의사항
화장품 사용 시 또는 사용 후 직사광선에 의하여 사용 부위가 붉은 반점, 부어오름 또는 가려움증 등의 이상 증상이나 부작용이 있는 경우 전문의 등과 상담할 것.
상처가 있는 부위 등에는 사용을 자제할 것.
보관 및 취급 시의 주의사항 — 어린이의 손이 닿지 않는 곳에 보관할 것. 직사광선을 피해서 보관할 것.

## 사용성 평가
자체 진행한 사용성 평가 결과입니다. 시험 대상자 21명, 2주간 1일 2회 사용 조건입니다.

- 사용 직후 수분량 39% 증가 (기기 측정)
- 2주 후 피부 거칠기 21% 개선
- 사용자의 79%가 「다시 구매할 의향이 있다」고 응답
- 시험 기간 중 이상 반응을 보고한 대상자 없음

본 결과는 개인에 따라 다를 수 있으며 질병의 예방이나 치료를 위한 것이 아닙니다.

## 인증 및 시험
- 피부 자극 테스트 완료 (국내 임상시험 기관)
- 알레르기 유발 성분 26종 무첨가
- 동물 실험을 하지 않았습니다
- 환경을 생각한 재활용 가능 용기를 사용했습니다
- 화장품 책임판매업 등록 필증 보유

## 구매하신 분들의 이야기
구매하신 분들이 자주 남겨주신 이야기를 정리했습니다.

가장 많이 언급된 표현은 「산뜻하다」와 「겉돌지 않는다」였습니다. 특히 장마철에 만족도가 높다는 의견이 많았고,
제형이 젤 같은 편이라 이 점을 좋아하시는 분과 아쉬워하시는 분이 나뉘었습니다.
향에 대해서는 은은하다라는 점을 장점으로 꼽아 주신 분이 많았습니다.
재구매 의사를 밝혀 주신 분의 비율이 높은 편이며, 용량 대비 가격에 대한 의견은 엇갈립니다.

## 자주 묻는 질문
Q. 샘플을 받아볼 수 있나요?
A. 고객센터로 문의해 주시면 재고 상황에 따라 안내해 드리고 있습니다.

Q. 아침에도 쓸 수 있나요?
A. 네, 아침저녁 모두 사용하실 수 있습니다. 다만 아침에 사용하실 때는 자외선 차단제를 반드시 함께 발라 주세요.

## 배송 및 교환
평일 오후 2시 이전 결제 건은 당일 출고됩니다. 도서·산간 지역은 배송이 하루 이틀 더 걸릴 수 있습니다.
단순 변심에 의한 교환 및 반품은 수령일로부터 7일 이내에 가능하며 왕복 배송비가 부과됩니다.
개봉하였거나 사용한 흔적이 있는 상품은 교환 및 반품이 어렵습니다.
상품에 하자가 있는 경우에는 배송비 부담 없이 교환해 드립니다."
P043,"## 제품 소개
세라마이드 탄력 클렌징오일은 탄력 고민을 겪는 분들을 위해 만들었습니다. 모든 피부을 기준으로 배합했고, 200ml 용량으로 담았습니다. 성분 하나를 넣고 빼는 데 오래 고민했습니다.

## 주요 성분
세라마이드는 원래 피부 각질층에 있는 지질 성분입니다. 나이가 들거나 건조한 환경에 오래 있으면 줄어드는데, 이 제품은 그 빈자리를 채우는 것을 목표로 배합했습니다.

전성분: 카보머, 정제수, 에틸헥실글리세린, 트로메타민, 글리세린, 소듐하이알루로네이트, 카프릴릴글라이콜, 부틸렌글라이콜, 베타인, 잔탄검, 알란토인, 세라마이드 추출물, 향료

## 사용법
마른 손과 마른 얼굴에 사용합니다. 얼굴 전체에 펴 발라 메이크업을 녹인 뒤 미온수를 조금씩 더해 유화시키고 헹궈냅니다.

## 주의사항
화장품 사용 시 또는 사용 후 직사광선에 의하여 사용 부위가 붉은 반점, 부어오름 또는 가려움증 등의 이상 증상이나 부작용이 있는 경우 전문의 등과 상담할 것.
상처가 있는 부위 등에는 사용을 자제할 것.
보관 및 취급 시의 주의사항 — 어린이의 손이 닿지 않는 곳에 보관할 것. 직사광선을 피해서 보관할 것.

## 사용성 평가
자체 진행한 사용성 평가 결과입니다. 시험 대상자 30명, 2주간 1일 2회 사용 조건입니다.

- 사용 직후 수분량 38% 증가 (기기 측정)
- 2주 후 피부 거칠기 31% 개선
- 사용자의 96%가 「다시 구매할 의향이 있다」고 응답
- 시험 기간 중 이상 반응을 보고한 대상자 없음

본 결과는 개인에 따라 다를 수 있으며 질병의 예방이나 치료를 위한 것이 아닙니다.

## 배송 및 교환
평일 오후 2시 이전 결제 건은 당일 출고됩니다. 도서·산간 지역은 배송이 하루 이틀 더 걸릴 수 있습니다.
단순 변심에 의한 교환 및 반품은 수령일로부터 7일 이내에 가능하며 왕복 배송비가 부과됩니다.
개봉하였거나 사용한 흔적이 있는 상품은 교환 및 반품이 어렵습니다.
상품에 하자가 있는 경우에는 배송비 부담 없이 교환해 드립니다."
P044,"## 제품 소개
청담수는 맑은 물처럼 투명한 제품을 지향합니다. 무엇이 들어갔는지 숨기지 않고 전 성분을 함량 순으로 공개합니다. 신뢰는 정보에서 나온다고 봅니다.

알로에 탄력 앰플은 탄력 고민을 겪는 분들을 위해 만들었습니다. 지성을 기준으로 배합했고, 30ml 용량으로 담았습니다. 여러 차례의 사용성 평가를 거쳐 제형을 확정했습니다.

## 주요 성분
알로에 잎의 겔 부분만 골라 담았습니다. 수분을 오래 붙잡아두는 성질이 있어 여름철 진정용으로도 많이 찾으십니다.

전성분: 정제수, 부틸렌글라이콜, 다이소듐이디티에이, 알란토인, 1,2-헥산다이올, 소듐하이알루로네이트, 트로메타민, 에틸헥실글리세린, 카프릴릴글라이콜, 알로에 추출물, 향료

## 이런 분께 권합니다
지성이신 분, 탄력 때문에 오래 고민하신 분께 권합니다. 기초 단계를 줄이고 싶은 분께 적합합니다.

## 사용법
집중 관리가 필요할 때 세럼 대신 또는 세럼 다음에 사용합니다. 매일 써도 되지만 주 2~3회 집중 사용도 좋습니다.

## 주의사항
화장품 사용 시 또는 사용 후 직사광선에 의하여 사용 부위가 붉은 반점, 부어오름 또는 가려움증 등의 이상 증상이나 부작용이 있는 경우 전문의 등과 상담할 것.
상처가 있는 부위 등에는 사용을 자제할 것.
보관 및 취급 시의 주의사항 — 어린이의 손이 닿지 않는 곳에 보관할 것. 직사광선을 피해서 보관할 것.

## 사용성 평가
자체 진행한 사용성 평가 결과입니다. 시험 대상자 31명, 6주간 1일 2회 사용 조건입니다.

- 사용 직후 수분량 62% 증가 (기기 측정)
- 6주 후 피부 거칠기 34% 개선
- 사용자의 87%가 「다시 구매할 의향이 있다」고 응답
- 시험 기간 중 이상 반응을 보고한 대상자 없음

본 결과는 개인에 따라 다를 수 있으며 질병의 예방이나 치료를 위한 것이 아닙니다.

## 인증 및 시험
- 피부 자극 테스트 완료 (국내 임상시험 기관)
- 알레르기 유발 성분 20종 무첨가
- 동물 실험을 하지 않았습니다
- 환경을 생각한 재활용 가능 용기를 사용했습니다
- 화장품 책임판매업 등록 필증 보유

## 구매하신 분들의 이야기
구매하신 분들이 자주 남겨주신 이야기를 정리했습니다.

가장 많이 언급된 표현은 「촉촉하다」와 「겉돌지 않는다」였습니다. 특히 장마철에 만족도가 높다는 의견이 많았고,
제형이 꾸덕한 편이라 이 점을 좋아하시는 분과 아쉬워하시는 분이 나뉘었습니다.
향에 대해서는 은은하다라는 점을 장점으로 꼽아 주신 분이 많았습니다.
재구매 의사를 밝혀 주신 분의 비율이 높은 편이며, 용량 대비 가격에 대한 의견은 엇갈립니다.

## 자주 묻는 질문
Q. 남성이 써도 되나요?
A. 성별과 무관하게 사용하실 수 있습니다. 면도 직후에는 자극이 있을 수 있으니 시간을 두고 사용해 주세요.

Q. 샘플을 받아볼 수 있나요?
A. 고객센터로 문의해 주시면 재고 상황에 따라 안내해 드리고 있습니다.

Q. 용기가 펌프인가요?
A. 위생과 산화를 고려해 펌프 형태로 제작했습니다. 마지막까지 쓰실 수 있도록 용기 안쪽을 비스듬히 설계했습니다.

## 배송 및 교환
평일 오후 2시 이전 결제 건은 당일 출고됩니다. 도서·산간 지역은 배송이 하루 이틀 더 걸릴 수 있습니다.
단순 변심에 의한 교환 및 반품은 수령일로부터 7일 이내에 가능하며 왕복 배송비가 부과됩니다.
개봉하였거나 사용한 흔적이 있는 상품은 교환 및 반품이 어렵습니다.
상품에 하자가 있는 경우에는 배송비 부담 없이 교환해 드립니다."
P045,"## 제품 소개
비타민C 탄력 로션은 탄력 고민을 겪는 분들을 위해 만들었습니다. 복합성을 기준으로 배합했고, 100ml 용량으로 담았습니다. 여러 차례의 사용성 평가를 거쳐 제형을 확정했습니다.

## 주요 성분
비타민C는 맑은 결을 만드는 데 널리 쓰이지만 공기와 빛에 약합니다. 이 제품은 안정화된 유도체를 사용했고 불투명 용기에 담았습니다.

전성분: 정제수, 글리세린, 1,2-헥산다이올, 알란토인, 베타인, 카프릴릴글라이콜, 부틸렌글라이콜, 잔탄검, 에틸헥실글리세린, 비타민C 추출물, 향료

## 이런 분께 권합니다
복합성이신 분, 탄력 때문에 오래 고민하신 분께 권합니다. 기초 단계를 줄이고 싶은 분께 적합합니다.

## 사용법
가벼운 마무리가 필요할 때 크림 대신 사용합니다. 아침에는 로션, 저녁에는 크림으로 나누어 쓰셔도 좋습니다.

## 주의사항
고농도 비타민C 유도체가 함유되어 있습니다. 민감성 피부에는 따가움이 느껴질 수 있으므로 사용을 권하지 않습니다. 개봉 후에는 색이 변할 수 있으니 3개월 이내에 사용해 주세요.
화장품 사용 시 또는 사용 후 직사광선에 의하여 사용 부위가 붉은 반점, 부어오름 또는 가려움증 등의 이상 증상이나 부작용이 있는 경우 전문의 등과 상담할 것.
상처가 있는 부위 등에는 사용을 자제할 것.
보관 및 취급 시의 주의사항 — 어린이의 손이 닿지 않는 곳에 보관할 것. 직사광선을 피해서 보관할 것.

## 인증 및 시험
- 피부 자극 테스트 완료 (국내 임상시험 기관)
- 알레르기 유발 성분 26종 무첨가
- 동물 실험을 하지 않았습니다
- 환경을 생각한 재활용 가능 용기를 사용했습니다
- 화장품 책임판매업 등록 필증 보유

## 구매하신 분들의 이야기
구매하신 분들이 자주 남겨주신 이야기를 정리했습니다.

가장 많이 언급된 표현은 「부담 없다」와 「흡수가 빠르다」였습니다. 특히 봄가을 환절철에 만족도가 높다는 의견이 많았고,
제형이 젤 같은 편이라 이 점을 좋아하시는 분과 아쉬워하시는 분이 나뉘었습니다.
향에 대해서는 은은하다라는 점을 장점으로 꼽아 주신 분이 많았습니다.
재구매 의사를 밝혀 주신 분의 비율이 높은 편이며, 용량 대비 가격에 대한 의견은 엇갈립니다.

## 자주 묻는 질문
Q. 피부가 따가운데 계속 써도 되나요?
A. 사용을 중단하시고 상태를 지켜봐 주세요. 증상이 이어지면 전문의와 상담하시기 바랍니다.

Q. 남성이 써도 되나요?
A. 성별과 무관하게 사용하실 수 있습니다. 면도 직후에는 자극이 있을 수 있으니 시간을 두고 사용해 주세요.

Q. 샘플을 받아볼 수 있나요?
A. 고객센터로 문의해 주시면 재고 상황에 따라 안내해 드리고 있습니다.

Q. 유통기한이 어떻게 되나요?
A. 제조일로부터 30개월이며, 개봉 후에는 12개월 이내에 사용하시는 것을 권장합니다. 용기 하단에서 제조일자를 확인하실 수 있습니다.

## 배송 및 교환
평일 오후 2시 이전 결제 건은 당일 출고됩니다. 도서·산간 지역은 배송이 하루 이틀 더 걸릴 수 있습니다.
단순 변심에 의한 교환 및 반품은 수령일로부터 7일 이내에 가능하며 왕복 배송비가 부과됩니다.
개봉하였거나 사용한 흔적이 있는 상품은 교환 및 반품이 어렵습니다.
상품에 하자가 있는 경우에는 배송비 부담 없이 교환해 드립니다."
P046,"## 제품 소개
피부일기는 매일의 기록에서 출발했습니다. 하루하루 달라지는 피부 상태를 오래 관찰하며, 계절과 컨디션에 따라 달리 쓸 수 있는 제품을 만들어 왔습니다.

나이아신아마이드 탄력 클렌징폼은 탄력 고민을 겪는 분들을 위해 만들었습니다. 지성을 기준으로 배합했고, 120ml 용량으로 담았습니다. 성분 하나를 넣고 빼는 데 오래 고민했습니다.

## 주요 성분
나이아신아마이드는 비타민B3 계열 성분으로, 칙칙해 보이는 기를 덜어내는 데 오래 쓰여 왔습니다. 함량을 2%로 잡아 부담을 낮췄습니다.

전성분: 에틸헥실글리세린, 부틸렌글라이콜, 판테놀, 알란토인, 글리세린, 트로메타민, 카프릴릴글라이콜, 나이아신아마이드 추출물, 향료

## 사용법
미온수로 얼굴을 적신 뒤 적당량을 손에 덜어 거품을 충분히 낸 다음 얼굴에 올려 부드럽게 굴리듯 세안합니다.

## 주의사항
화장품 사용 시 또는 사용 후 직사광선에 의하여 사용 부위가 붉은 반점, 부어오름 또는 가려움증 등의 이상 증상이나 부작용이 있는 경우 전문의 등과 상담할 것.
상처가 있는 부위 등에는 사용을 자제할 것.
보관 및 취급 시의 주의사항 — 어린이의 손이 닿지 않는 곳에 보관할 것. 직사광선을 피해서 보관할 것.

## 사용성 평가
자체 진행한 사용성 평가 결과입니다. 시험 대상자 31명, 6주간 1일 2회 사용 조건입니다.

- 사용 직후 수분량 61% 증가 (기기 측정)
- 6주 후 피부 거칠기 17% 개선
- 사용자의 91%가 「다시 구매할 의향이 있다」고 응답
- 시험 기간 중 이상 반응을 보고한 대상자 없음

본 결과는 개인에 따라 다를 수 있으며 질병의 예방이나 치료를 위한 것이 아닙니다.

## 구매하신 분들의 이야기
구매하신 분들이 자주 남겨주신 이야기를 정리했습니다.

가장 많이 언급된 표현은 「자극이 없다」와 「향이 은은하다」였습니다. 특히 장마철에 만족도가 높다는 의견이 많았고,
제형이 젤 같은 편이라 이 점을 좋아하시는 분과 아쉬워하시는 분이 나뉘었습니다.
향에 대해서는 무향에 가깝다라는 점을 장점으로 꼽아 주신 분이 많았습니다.
재구매 의사를 밝혀 주신 분의 비율이 높은 편이며, 용량 대비 가격에 대한 의견은 엇갈립니다.

## 자주 묻는 질문
Q. 유통기한이 어떻게 되나요?
A. 제조일로부터 30개월이며, 개봉 후에는 12개월 이내에 사용하시는 것을 권장합니다. 용기 하단에서 제조일자를 확인하실 수 있습니다.

Q. 용기가 펌프인가요?
A. 위생과 산화를 고려해 펌프 형태로 제작했습니다. 마지막까지 쓰실 수 있도록 용기 안쪽을 비스듬히 설계했습니다.

Q. 피부가 따가운데 계속 써도 되나요?
A. 사용을 중단하시고 상태를 지켜봐 주세요. 증상이 이어지면 전문의와 상담하시기 바랍니다.

Q. 아침에도 쓸 수 있나요?
A. 네, 아침저녁 모두 사용하실 수 있습니다. 다만 아침에 사용하실 때는 자외선 차단제를 반드시 함께 발라 주세요.

Q. 샘플을 받아볼 수 있나요?
A. 고객센터로 문의해 주시면 재고 상황에 따라 안내해 드리고 있습니다.

## 배송 및 교환
평일 오후 2시 이전 결제 건은 당일 출고됩니다. 도서·산간 지역은 배송이 하루 이틀 더 걸릴 수 있습니다.
단순 변심에 의한 교환 및 반품은 수령일로부터 7일 이내에 가능하며 왕복 배송비가 부과됩니다.
개봉하였거나 사용한 흔적이 있는 상품은 교환 및 반품이 어렵습니다.
상품에 하자가 있는 경우에는 배송비 부담 없이 교환해 드립니다."
P047,"## 제품 소개
나이아신아마이드 트러블 아이크림은 트러블 고민을 겪는 분들을 위해 만들었습니다. 민감성을 기준으로 배합했고, 20ml 용량으로 담았습니다. 여러 차례의 사용성 평가를 거쳐 제형을 확정했습니다.

## 주요 성분
나이아신아마이드는 비타민B3 계열 성분으로, 칙칙해 보이는 기를 덜어내는 데 오래 쓰여 왔습니다. 함량을 2%로 잡아 부담을 낮췄습니다.

전성분: 1,2-헥산다이올, 알란토인, 카프릴릴글라이콜, 정제수, 에틸헥실글리세린, 카보머, 판테놀, 다이소듐이디티에이, 글리세린, 나이아신아마이드 추출물, 향료

## 이런 분께 권합니다
민감성이신 분, 트러블 때문에 오래 고민하신 분께 권합니다. 처음 쓰시는 분도 부담 없이 시작하실 수 있습니다.

## 사용법
기초 마지막 단계에 눈가에 사용합니다. 약지로 톡톡 두드려 흡수시켜 주세요. 눈에 직접 닿지 않도록 주의합니다.

## 주의사항
화장품 사용 시 또는 사용 후 직사광선에 의하여 사용 부위가 붉은 반점, 부어오름 또는 가려움증 등의 이상 증상이나 부작용이 있는 경우 전문의 등과 상담할 것.
상처가 있는 부위 등에는 사용을 자제할 것.
보관 및 취급 시의 주의사항 — 어린이의 손이 닿지 않는 곳에 보관할 것. 직사광선을 피해서 보관할 것.

## 사용성 평가
자체 진행한 사용성 평가 결과입니다. 시험 대상자 31명, 8주간 1일 2회 사용 조건입니다.

- 사용 직후 수분량 25% 증가 (기기 측정)
- 8주 후 피부 거칠기 16% 개선
- 사용자의 94%가 「다시 구매할 의향이 있다」고 응답
- 시험 기간 중 이상 반응을 보고한 대상자 없음

본 결과는 개인에 따라 다를 수 있으며 질병의 예방이나 치료를 위한 것이 아닙니다.

## 인증 및 시험
- 피부 자극 테스트 완료 (국내 임상시험 기관)
- 알레르기 유발 성분 24종 무첨가
- 동물 실험을 하지 않았습니다
- 환경을 생각한 재활용 가능 용기를 사용했습니다
- 화장품 책임판매업 등록 필증 보유

## 배송 및 교환
평일 오후 2시 이전 결제 건은 당일 출고됩니다. 도서·산간 지역은 배송이 하루 이틀 더 걸릴 수 있습니다.
단순 변심에 의한 교환 및 반품은 수령일로부터 7일 이내에 가능하며 왕복 배송비가 부과됩니다.
개봉하였거나 사용한 흔적이 있는 상품은 교환 및 반품이 어렵습니다.
상품에 하자가 있는 경우에는 배송비 부담 없이 교환해 드립니다."
P048,"## 제품 소개
미니멀스킨은 덜어내는 브랜드입니다. 성분 수를 줄이고 공정을 줄이고 포장을 줄였습니다. 남은 것은 꼭 필요한 것뿐입니다.

판테놀 링클 로션은 주름 고민을 겪는 분들을 위해 만들었습니다. 민감성을 기준으로 배합했고, 150ml 용량으로 담았습니다. 성분 하나를 넣고 빼는 데 오래 고민했습니다.

## 주요 성분
판테놀은 프로비타민B5라고도 불리며, 붉게 달아오른 피부를 달래는 데 씁니다. 자극이 적어 예민한 시기에도 쓸 수 있는 편입니다.

전성분: 1,2-헥산다이올, 카프릴릴글라이콜, 판테놀, 카보머, 베타인, 정제수, 트로메타민, 판테놀 추출물, 향료

## 이런 분께 권합니다
민감성이신 분, 주름 때문에 오래 고민하신 분께 권합니다. 환절기마다 컨디션이 흔들리는 분께도 잘 맞습니다.

## 사용법
가벼운 마무리가 필요할 때 크림 대신 사용합니다. 아침에는 로션, 저녁에는 크림으로 나누어 쓰셔도 좋습니다.

## 주의사항
화장품 사용 시 또는 사용 후 직사광선에 의하여 사용 부위가 붉은 반점, 부어오름 또는 가려움증 등의 이상 증상이나 부작용이 있는 경우 전문의 등과 상담할 것.
상처가 있는 부위 등에는 사용을 자제할 것.
보관 및 취급 시의 주의사항 — 어린이의 손이 닿지 않는 곳에 보관할 것. 직사광선을 피해서 보관할 것.

## 인증 및 시험
- 피부 자극 테스트 완료 (국내 임상시험 기관)
- 알레르기 유발 성분 21종 무첨가
- 동물 실험을 하지 않았습니다
- 환경을 생각한 재활용 가능 용기를 사용했습니다
- 화장품 책임판매업 등록 필증 보유

## 배송 및 교환
평일 오후 2시 이전 결제 건은 당일 출고됩니다. 도서·산간 지역은 배송이 하루 이틀 더 걸릴 수 있습니다.
단순 변심에 의한 교환 및 반품은 수령일로부터 7일 이내에 가능하며 왕복 배송비가 부과됩니다.
개봉하였거나 사용한 흔적이 있는 상품은 교환 및 반품이 어렵습니다.
상품에 하자가 있는 경우에는 배송비 부담 없이 교환해 드립니다."
P049,"## 제품 소개
모이스트랩은 수분에 집중합니다. 겉만 촉촉한 것과 속까지 채우는 것은 다르다는 것을 여러 실험으로 확인했고, 그 차이를 제형에 담았습니다.

세라마이드 탄력 미스트은 탄력 고민을 겪는 분들을 위해 만들었습니다. 지성을 기준으로 배합했고, 100ml 용량으로 담았습니다. 여러 차례의 사용성 평가를 거쳐 제형을 확정했습니다.

## 주요 성분
세라마이드는 원래 피부 각질층에 있는 지질 성분입니다. 나이가 들거나 건조한 환경에 오래 있으면 줄어드는데, 이 제품은 그 빈자리를 채우는 것을 목표로 배합했습니다.

전성분: 카보머, 잔탄검, 소듐하이알루로네이트, 판테놀, 알란토인, 정제수, 글리세린, 다이소듐이디티에이, 세라마이드 추출물, 향료

## 사용법
필요할 때마다 얼굴에서 20cm 정도 떨어뜨려 분사합니다. 메이크업 위에도 사용할 수 있습니다.

## 주의사항
화장품 사용 시 또는 사용 후 직사광선에 의하여 사용 부위가 붉은 반점, 부어오름 또는 가려움증 등의 이상 증상이나 부작용이 있는 경우 전문의 등과 상담할 것.
상처가 있는 부위 등에는 사용을 자제할 것.
보관 및 취급 시의 주의사항 — 어린이의 손이 닿지 않는 곳에 보관할 것. 직사광선을 피해서 보관할 것.

## 배송 및 교환
평일 오후 2시 이전 결제 건은 당일 출고됩니다. 도서·산간 지역은 배송이 하루 이틀 더 걸릴 수 있습니다.
단순 변심에 의한 교환 및 반품은 수령일로부터 7일 이내에 가능하며 왕복 배송비가 부과됩니다.
개봉하였거나 사용한 흔적이 있는 상품은 교환 및 반품이 어렵습니다.
상품에 하자가 있는 경우에는 배송비 부담 없이 교환해 드립니다."
P050,"## 제품 소개
바른결은 결을 다듬는 일을 합니다. 자극으로 밀어내는 대신 부드럽게 정돈하는 방식을 택했습니다. 시간이 걸리더라도 피부가 상하지 않는 쪽을 고릅니다.

쌀겨 탄력 크림은 탄력 고민을 겪는 분들을 위해 만들었습니다. 민감성을 기준으로 배합했고, 50ml 용량으로 담았습니다. 여러 차례의 사용성 평가를 거쳐 제형을 확정했습니다.

## 주요 성분
쌀겨 추출물과 미세 분말이 묵은 각질을 부드럽게 녹입니다. 알갱이로 문지르는 방식이 아니라 녹여내는 방식이라 마찰이 적습니다.

전성분: 잔탄검, 베타인, 다이소듐이디티에이, 부틸렌글라이콜, 에틸헥실글리세린, 카보머, 알란토인, 정제수, 소듐하이알루로네이트, 판테놀, 쌀겨 추출물, 향료

## 사용법
기초 단계의 마지막에 사용합니다. 적당량을 덜어 얼굴 안쪽에서 바깥쪽으로 펴 발라 주세요.

## 주의사항
각질 관리 성분이 함유되어 있습니다. 민감성 피부 및 상처가 있는 부위에는 사용하지 마세요. 사용 빈도는 주 2회를 넘기지 않는 것을 권합니다.
화장품 사용 시 또는 사용 후 직사광선에 의하여 사용 부위가 붉은 반점, 부어오름 또는 가려움증 등의 이상 증상이나 부작용이 있는 경우 전문의 등과 상담할 것.
상처가 있는 부위 등에는 사용을 자제할 것.
보관 및 취급 시의 주의사항 — 어린이의 손이 닿지 않는 곳에 보관할 것. 직사광선을 피해서 보관할 것.

## 구매하신 분들의 이야기
구매하신 분들이 자주 남겨주신 이야기를 정리했습니다.

가장 많이 언급된 표현은 「자극이 없다」와 「가성비가 좋다」였습니다. 특히 장마철에 만족도가 높다는 의견이 많았고,
제형이 꾸덕한 편이라 이 점을 좋아하시는 분과 아쉬워하시는 분이 나뉘었습니다.
향에 대해서는 은은하다라는 점을 장점으로 꼽아 주신 분이 많았습니다.
재구매 의사를 밝혀 주신 분의 비율이 높은 편이며, 용량 대비 가격에 대한 의견은 엇갈립니다.

## 배송 및 교환
평일 오후 2시 이전 결제 건은 당일 출고됩니다. 도서·산간 지역은 배송이 하루 이틀 더 걸릴 수 있습니다.
단순 변심에 의한 교환 및 반품은 수령일로부터 7일 이내에 가능하며 왕복 배송비가 부과됩니다.
개봉하였거나 사용한 흔적이 있는 상품은 교환 및 반품이 어렵습니다.
상품에 하자가 있는 경우에는 배송비 부담 없이 교환해 드립니다."
P051,"## 제품 소개
녹차 포어 미스트은 모공 고민을 겪는 분들을 위해 만들었습니다. 복합성을 기준으로 배합했고, 120ml 용량으로 담았습니다. 출시 전 3개월간 자체 모니터링을 진행했습니다.

## 주요 성분
녹차 추출물은 산뜻하게 정돈하는 느낌을 줍니다. 국내 재배 녹차를 첫물로 수확해 사용했습니다.

전성분: 다이소듐이디티에이, 카보머, 소듐하이알루로네이트, 1,2-헥산다이올, 트로메타민, 카프릴릴글라이콜, 잔탄검, 알란토인, 부틸렌글라이콜, 판테놀, 글리세린, 베타인, 녹차 추출물, 향료

## 이런 분께 권합니다
복합성이신 분, 모공 때문에 오래 고민하신 분께 권합니다. 환절기마다 컨디션이 흔들리는 분께도 잘 맞습니다.

## 사용법
필요할 때마다 얼굴에서 20cm 정도 떨어뜨려 분사합니다. 메이크업 위에도 사용할 수 있습니다.

## 주의사항
화장품 사용 시 또는 사용 후 직사광선에 의하여 사용 부위가 붉은 반점, 부어오름 또는 가려움증 등의 이상 증상이나 부작용이 있는 경우 전문의 등과 상담할 것.
상처가 있는 부위 등에는 사용을 자제할 것.
보관 및 취급 시의 주의사항 — 어린이의 손이 닿지 않는 곳에 보관할 것. 직사광선을 피해서 보관할 것.

## 사용성 평가
자체 진행한 사용성 평가 결과입니다. 시험 대상자 31명, 8주간 1일 2회 사용 조건입니다.

- 사용 직후 수분량 38% 증가 (기기 측정)
- 8주 후 피부 거칠기 27% 개선
- 사용자의 77%가 「다시 구매할 의향이 있다」고 응답
- 시험 기간 중 이상 반응을 보고한 대상자 없음

본 결과는 개인에 따라 다를 수 있으며 질병의 예방이나 치료를 위한 것이 아닙니다.

## 인증 및 시험
- 피부 자극 테스트 완료 (국내 임상시험 기관)
- 알레르기 유발 성분 21종 무첨가
- 동물 실험을 하지 않았습니다
- 환경을 생각한 재활용 가능 용기를 사용했습니다
- 화장품 책임판매업 등록 필증 보유

## 배송 및 교환
평일 오후 2시 이전 결제 건은 당일 출고됩니다. 도서·산간 지역은 배송이 하루 이틀 더 걸릴 수 있습니다.
단순 변심에 의한 교환 및 반품은 수령일로부터 7일 이내에 가능하며 왕복 배송비가 부과됩니다.
개봉하였거나 사용한 흔적이 있는 상품은 교환 및 반품이 어렵습니다.
상품에 하자가 있는 경우에는 배송비 부담 없이 교환해 드립니다."
P052,"## 제품 소개
판테놀 링클 클렌징폼은 주름 고민을 겪는 분들을 위해 만들었습니다. 복합성을 기준으로 배합했고, 150ml 용량으로 담았습니다. 성분 하나를 넣고 빼는 데 오래 고민했습니다.

## 주요 성분
판테놀은 프로비타민B5라고도 불리며, 붉게 달아오른 피부를 달래는 데 씁니다. 자극이 적어 예민한 시기에도 쓸 수 있는 편입니다.

전성분: 트로메타민, 베타인, 부틸렌글라이콜, 다이소듐이디티에이, 카보머, 잔탄검, 알란토인, 정제수, 판테놀 추출물, 향료

## 이런 분께 권합니다
복합성이신 분, 주름 때문에 오래 고민하신 분께 권합니다. 처음 쓰시는 분도 부담 없이 시작하실 수 있습니다.

## 사용법
미온수로 얼굴을 적신 뒤 적당량을 손에 덜어 거품을 충분히 낸 다음 얼굴에 올려 부드럽게 굴리듯 세안합니다.

## 주의사항
화장품 사용 시 또는 사용 후 직사광선에 의하여 사용 부위가 붉은 반점, 부어오름 또는 가려움증 등의 이상 증상이나 부작용이 있는 경우 전문의 등과 상담할 것.
상처가 있는 부위 등에는 사용을 자제할 것.
보관 및 취급 시의 주의사항 — 어린이의 손이 닿지 않는 곳에 보관할 것. 직사광선을 피해서 보관할 것.

## 인증 및 시험
- 피부 자극 테스트 완료 (국내 임상시험 기관)
- 알레르기 유발 성분 24종 무첨가
- 동물 실험을 하지 않았습니다
- 환경을 생각한 재활용 가능 용기를 사용했습니다
- 화장품 책임판매업 등록 필증 보유

## 자주 묻는 질문
Q. 임신 중에도 사용 가능한가요?
A. 제품 특성상 개인차가 있을 수 있으므로 임신 중이시라면 사용 전에 전문의와 상담하시기를 권해 드립니다.

Q. 아침에도 쓸 수 있나요?
A. 네, 아침저녁 모두 사용하실 수 있습니다. 다만 아침에 사용하실 때는 자외선 차단제를 반드시 함께 발라 주세요.

Q. 용기가 펌프인가요?
A. 위생과 산화를 고려해 펌프 형태로 제작했습니다. 마지막까지 쓰실 수 있도록 용기 안쪽을 비스듬히 설계했습니다.

Q. 유통기한이 어떻게 되나요?
A. 제조일로부터 30개월이며, 개봉 후에는 12개월 이내에 사용하시는 것을 권장합니다. 용기 하단에서 제조일자를 확인하실 수 있습니다.

## 배송 및 교환
평일 오후 2시 이전 결제 건은 당일 출고됩니다. 도서·산간 지역은 배송이 하루 이틀 더 걸릴 수 있습니다.
단순 변심에 의한 교환 및 반품은 수령일로부터 7일 이내에 가능하며 왕복 배송비가 부과됩니다.
개봉하였거나 사용한 흔적이 있는 상품은 교환 및 반품이 어렵습니다.
상품에 하자가 있는 경우에는 배송비 부담 없이 교환해 드립니다."
P053,"## 제품 소개
판테놀 시카 선크림은 진정 고민을 겪는 분들을 위해 만들었습니다. 모든 피부을 기준으로 배합했고, 60ml 용량으로 담았습니다. 여러 차례의 사용성 평가를 거쳐 제형을 확정했습니다.

## 주요 성분
판테놀은 프로비타민B5라고도 불리며, 붉게 달아오른 피부를 달래는 데 씁니다. 자극이 적어 예민한 시기에도 쓸 수 있는 편입니다.

전성분: 베타인, 글리세린, 잔탄검, 알란토인, 다이소듐이디티에이, 트로메타민, 판테놀, 에틸헥실글리세린, 소듐하이알루로네이트, 1,2-헥산다이올, 부틸렌글라이콜, 카보머, 정제수, 판테놀 추출물, 향료

## 이런 분께 권합니다
모든 피부이신 분, 진정 때문에 오래 고민하신 분께 권합니다. 환절기마다 컨디션이 흔들리는 분께도 잘 맞습니다.

## 사용법
기초 마지막 단계에 사용합니다. 외출 20분 전에 충분한 양을 바르고, 야외 활동 시에는 2~3시간마다 덧발라 주세요.

## 주의사항
화장품 사용 시 또는 사용 후 직사광선에 의하여 사용 부위가 붉은 반점, 부어오름 또는 가려움증 등의 이상 증상이나 부작용이 있는 경우 전문의 등과 상담할 것.
상처가 있는 부위 등에는 사용을 자제할 것.
보관 및 취급 시의 주의사항 — 어린이의 손이 닿지 않는 곳에 보관할 것. 직사광선을 피해서 보관할 것.

## 사용성 평가
자체 진행한 사용성 평가 결과입니다. 시험 대상자 25명, 4주간 1일 2회 사용 조건입니다.

- 사용 직후 수분량 22% 증가 (기기 측정)
- 4주 후 피부 거칠기 21% 개선
- 사용자의 78%가 「다시 구매할 의향이 있다」고 응답
- 시험 기간 중 이상 반응을 보고한 대상자 없음

본 결과는 개인에 따라 다를 수 있으며 질병의 예방이나 치료를 위한 것이 아닙니다.

## 자주 묻는 질문
Q. 다른 제품과 같이 써도 되나요?
A. 기초 단계 순서만 지켜 주시면 함께 사용하셔도 괜찮습니다. 묽은 것부터 되직한 것 순으로 발라 주세요.

Q. 아침에도 쓸 수 있나요?
A. 네, 아침저녁 모두 사용하실 수 있습니다. 다만 아침에 사용하실 때는 자외선 차단제를 반드시 함께 발라 주세요.

Q. 샘플을 받아볼 수 있나요?
A. 고객센터로 문의해 주시면 재고 상황에 따라 안내해 드리고 있습니다.

Q. 용기가 펌프인가요?
A. 위생과 산화를 고려해 펌프 형태로 제작했습니다. 마지막까지 쓰실 수 있도록 용기 안쪽을 비스듬히 설계했습니다.

## 배송 및 교환
평일 오후 2시 이전 결제 건은 당일 출고됩니다. 도서·산간 지역은 배송이 하루 이틀 더 걸릴 수 있습니다.
단순 변심에 의한 교환 및 반품은 수령일로부터 7일 이내에 가능하며 왕복 배송비가 부과됩니다.
개봉하였거나 사용한 흔적이 있는 상품은 교환 및 반품이 어렵습니다.
상품에 하자가 있는 경우에는 배송비 부담 없이 교환해 드립니다."
P054,"## 제품 소개
청담수는 맑은 물처럼 투명한 제품을 지향합니다. 무엇이 들어갔는지 숨기지 않고 전 성분을 함량 순으로 공개합니다. 신뢰는 정보에서 나온다고 봅니다.

레티놀 트러블 앰플은 트러블 고민을 겪는 분들을 위해 만들었습니다. 모든 피부을 기준으로 배합했고, 50ml 용량으로 담았습니다. 성분 하나를 넣고 빼는 데 오래 고민했습니다.

## 주요 성분
레티놀은 잔주름 관리에 쓰이는 대표적인 성분입니다. 다만 처음 쓰면 각질이 일거나 따가울 수 있어, 이 제품은 저농도로 시작하도록 설계했습니다.

전성분: 알란토인, 다이소듐이디티에이, 정제수, 에틸헥실글리세린, 트로메타민, 카보머, 잔탄검, 레티놀 추출물, 향료

## 사용법
집중 관리가 필요할 때 세럼 대신 또는 세럼 다음에 사용합니다. 매일 써도 되지만 주 2~3회 집중 사용도 좋습니다.

## 주의사항
레티놀 성분이 함유되어 있습니다. 민감성 피부는 사용을 권하지 않으며, 처음 사용하시는 분은 주 1~2회 저녁에만 소량으로 시작해 주세요. 임산부 및 수유부는 사용 전 전문의와 상담하시기 바랍니다. 사용 중 자외선 차단제를 반드시 함께 사용해 주세요.
화장품 사용 시 또는 사용 후 직사광선에 의하여 사용 부위가 붉은 반점, 부어오름 또는 가려움증 등의 이상 증상이나 부작용이 있는 경우 전문의 등과 상담할 것.
상처가 있는 부위 등에는 사용을 자제할 것.
보관 및 취급 시의 주의사항 — 어린이의 손이 닿지 않는 곳에 보관할 것. 직사광선을 피해서 보관할 것.

## 인증 및 시험
- 피부 자극 테스트 완료 (국내 임상시험 기관)
- 알레르기 유발 성분 26종 무첨가
- 동물 실험을 하지 않았습니다
- 환경을 생각한 재활용 가능 용기를 사용했습니다
- 화장품 책임판매업 등록 필증 보유

## 자주 묻는 질문
Q. 용기가 펌프인가요?
A. 위생과 산화를 고려해 펌프 형태로 제작했습니다. 마지막까지 쓰실 수 있도록 용기 안쪽을 비스듬히 설계했습니다.

Q. 피부가 따가운데 계속 써도 되나요?
A. 사용을 중단하시고 상태를 지켜봐 주세요. 증상이 이어지면 전문의와 상담하시기 바랍니다.

Q. 유통기한이 어떻게 되나요?
A. 제조일로부터 30개월이며, 개봉 후에는 12개월 이내에 사용하시는 것을 권장합니다. 용기 하단에서 제조일자를 확인하실 수 있습니다.

Q. 샘플을 받아볼 수 있나요?
A. 고객센터로 문의해 주시면 재고 상황에 따라 안내해 드리고 있습니다.

Q. 임신 중에도 사용 가능한가요?
A. 제품 특성상 개인차가 있을 수 있으므로 임신 중이시라면 사용 전에 전문의와 상담하시기를 권해 드립니다.

Q. 아침에도 쓸 수 있나요?
A. 네, 아침저녁 모두 사용하실 수 있습니다. 다만 아침에 사용하실 때는 자외선 차단제를 반드시 함께 발라 주세요.

## 배송 및 교환
평일 오후 2시 이전 결제 건은 당일 출고됩니다. 도서·산간 지역은 배송이 하루 이틀 더 걸릴 수 있습니다.
단순 변심에 의한 교환 및 반품은 수령일로부터 7일 이내에 가능하며 왕복 배송비가 부과됩니다.
개봉하였거나 사용한 흔적이 있는 상품은 교환 및 반품이 어렵습니다.
상품에 하자가 있는 경우에는 배송비 부담 없이 교환해 드립니다."
P055,"## 제품 소개
모이스트랩은 수분에 집중합니다. 겉만 촉촉한 것과 속까지 채우는 것은 다르다는 것을 여러 실험으로 확인했고, 그 차이를 제형에 담았습니다.

레티놀 브라이트닝 클렌징폼은 미백 고민을 겪는 분들을 위해 만들었습니다. 복합성을 기준으로 배합했고, 120ml 용량으로 담았습니다. 여러 차례의 사용성 평가를 거쳐 제형을 확정했습니다.

## 주요 성분
레티놀은 잔주름 관리에 쓰이는 대표적인 성분입니다. 다만 처음 쓰면 각질이 일거나 따가울 수 있어, 이 제품은 저농도로 시작하도록 설계했습니다.

전성분: 알란토인, 부틸렌글라이콜, 베타인, 카프릴릴글라이콜, 카보머, 글리세린, 에틸헥실글리세린, 판테놀, 1,2-헥산다이올, 정제수, 트로메타민, 소듐하이알루로네이트, 잔탄검, 레티놀 추출물, 향료

## 이런 분께 권합니다
복합성이신 분, 미백 때문에 오래 고민하신 분께 권합니다. 환절기마다 컨디션이 흔들리는 분께도 잘 맞습니다.

## 사용법
미온수로 얼굴을 적신 뒤 적당량을 손에 덜어 거품을 충분히 낸 다음 얼굴에 올려 부드럽게 굴리듯 세안합니다.

## 주의사항
레티놀 성분이 함유되어 있습니다. 민감성 피부는 사용을 권하지 않으며, 처음 사용하시는 분은 주 1~2회 저녁에만 소량으로 시작해 주세요. 임산부 및 수유부는 사용 전 전문의와 상담하시기 바랍니다. 사용 중 자외선 차단제를 반드시 함께 사용해 주세요.
화장품 사용 시 또는 사용 후 직사광선에 의하여 사용 부위가 붉은 반점, 부어오름 또는 가려움증 등의 이상 증상이나 부작용이 있는 경우 전문의 등과 상담할 것.
상처가 있는 부위 등에는 사용을 자제할 것.
보관 및 취급 시의 주의사항 — 어린이의 손이 닿지 않는 곳에 보관할 것. 직사광선을 피해서 보관할 것.

## 사용성 평가
자체 진행한 사용성 평가 결과입니다. 시험 대상자 31명, 6주간 1일 2회 사용 조건입니다.

- 사용 직후 수분량 55% 증가 (기기 측정)
- 6주 후 피부 거칠기 32% 개선
- 사용자의 77%가 「다시 구매할 의향이 있다」고 응답
- 시험 기간 중 이상 반응을 보고한 대상자 없음

본 결과는 개인에 따라 다를 수 있으며 질병의 예방이나 치료를 위한 것이 아닙니다.

## 인증 및 시험
- 피부 자극 테스트 완료 (국내 임상시험 기관)
- 알레르기 유발 성분 21종 무첨가
- 동물 실험을 하지 않았습니다
- 환경을 생각한 재활용 가능 용기를 사용했습니다
- 화장품 책임판매업 등록 필증 보유

## 구매하신 분들의 이야기
구매하신 분들이 자주 남겨주신 이야기를 정리했습니다.

가장 많이 언급된 표현은 「부담 없다」와 「가성비가 좋다」였습니다. 특히 장마철에 만족도가 높다는 의견이 많았고,
제형이 꾸덕한 편이라 이 점을 좋아하시는 분과 아쉬워하시는 분이 나뉘었습니다.
향에 대해서는 은은하다라는 점을 장점으로 꼽아 주신 분이 많았습니다.
재구매 의사를 밝혀 주신 분의 비율이 높은 편이며, 용량 대비 가격에 대한 의견은 엇갈립니다.

## 자주 묻는 질문
Q. 다른 제품과 같이 써도 되나요?
A. 기초 단계 순서만 지켜 주시면 함께 사용하셔도 괜찮습니다. 묽은 것부터 되직한 것 순으로 발라 주세요.

Q. 샘플을 받아볼 수 있나요?
A. 고객센터로 문의해 주시면 재고 상황에 따라 안내해 드리고 있습니다.

Q. 피부가 따가운데 계속 써도 되나요?
A. 사용을 중단하시고 상태를 지켜봐 주세요. 증상이 이어지면 전문의와 상담하시기 바랍니다.

Q. 남성이 써도 되나요?
A. 성별과 무관하게 사용하실 수 있습니다. 면도 직후에는 자극이 있을 수 있으니 시간을 두고 사용해 주세요.

Q. 임신 중에도 사용 가능한가요?
A. 제품 특성상 개인차가 있을 수 있으므로 임신 중이시라면 사용 전에 전문의와 상담하시기를 권해 드립니다.

Q. 유통기한이 어떻게 되나요?
A. 제조일로부터 30개월이며, 개봉 후에는 12개월 이내에 사용하시는 것을 권장합니다. 용기 하단에서 제조일자를 확인하실 수 있습니다.

Q. 아침에도 쓸 수 있나요?
A. 네, 아침저녁 모두 사용하실 수 있습니다. 다만 아침에 사용하실 때는 자외선 차단제를 반드시 함께 발라 주세요.

Q. 용기가 펌프인가요?
A. 위생과 산화를 고려해 펌프 형태로 제작했습니다. 마지막까지 쓰실 수 있도록 용기 안쪽을 비스듬히 설계했습니다.

## 배송 및 교환
평일 오후 2시 이전 결제 건은 당일 출고됩니다. 도서·산간 지역은 배송이 하루 이틀 더 걸릴 수 있습니다.
단순 변심에 의한 교환 및 반품은 수령일로부터 7일 이내에 가능하며 왕복 배송비가 부과됩니다.
개봉하였거나 사용한 흔적이 있는 상품은 교환 및 반품이 어렵습니다.
상품에 하자가 있는 경우에는 배송비 부담 없이 교환해 드립니다."
P056,"## 제품 소개
바른결은 결을 다듬는 일을 합니다. 자극으로 밀어내는 대신 부드럽게 정돈하는 방식을 택했습니다. 시간이 걸리더라도 피부가 상하지 않는 쪽을 고릅니다.

프로폴리스 수분 앰플은 수분 고민을 겪는 분들을 위해 만들었습니다. 복합성을 기준으로 배합했고, 30ml 용량으로 담았습니다. 여러 차례의 사용성 평가를 거쳐 제형을 확정했습니다.

## 주요 성분
프로폴리스는 벌이 모은 수지 성분으로 영양을 채우는 데 씁니다. 원물 함량을 높여 특유의 끈적임이 있습니다.

전성분: 에틸헥실글리세린, 트로메타민, 알란토인, 부틸렌글라이콜, 소듐하이알루로네이트, 카보머, 베타인, 글리세린, 카프릴릴글라이콜, 잔탄검, 프로폴리스 추출물, 향료

## 이런 분께 권합니다
복합성이신 분, 수분 때문에 오래 고민하신 분께 권합니다. 기초 단계를 줄이고 싶은 분께 적합합니다.

## 사용법
집중 관리가 필요할 때 세럼 대신 또는 세럼 다음에 사용합니다. 매일 써도 되지만 주 2~3회 집중 사용도 좋습니다.

## 주의사항
벌 유래 성분이 함유되어 있습니다. 벌 관련 알레르기가 있으신 분은 사용을 피해 주세요.
화장품 사용 시 또는 사용 후 직사광선에 의하여 사용 부위가 붉은 반점, 부어오름 또는 가려움증 등의 이상 증상이나 부작용이 있는 경우 전문의 등과 상담할 것.
상처가 있는 부위 등에는 사용을 자제할 것.
보관 및 취급 시의 주의사항 — 어린이의 손이 닿지 않는 곳에 보관할 것. 직사광선을 피해서 보관할 것.

## 사용성 평가
자체 진행한 사용성 평가 결과입니다. 시험 대상자 22명, 8주간 1일 2회 사용 조건입니다.

- 사용 직후 수분량 54% 증가 (기기 측정)
- 8주 후 피부 거칠기 21% 개선
- 사용자의 82%가 「다시 구매할 의향이 있다」고 응답
- 시험 기간 중 이상 반응을 보고한 대상자 없음

본 결과는 개인에 따라 다를 수 있으며 질병의 예방이나 치료를 위한 것이 아닙니다.

## 인증 및 시험
- 피부 자극 테스트 완료 (국내 임상시험 기관)
- 알레르기 유발 성분 24종 무첨가
- 동물 실험을 하지 않았습니다
- 환경을 생각한 재활용 가능 용기를 사용했습니다
- 화장품 책임판매업 등록 필증 보유

## 배송 및 교환
평일 오후 2시 이전 결제 건은 당일 출고됩니다. 도서·산간 지역은 배송이 하루 이틀 더 걸릴 수 있습니다.
단순 변심에 의한 교환 및 반품은 수령일로부터 7일 이내에 가능하며 왕복 배송비가 부과됩니다.
개봉하였거나 사용한 흔적이 있는 상품은 교환 및 반품이 어렵습니다.
상품에 하자가 있는 경우에는 배송비 부담 없이 교환해 드립니다."
P057,"## 제품 소개
모이스트랩은 수분에 집중합니다. 겉만 촉촉한 것과 속까지 채우는 것은 다르다는 것을 여러 실험으로 확인했고, 그 차이를 제형에 담았습니다.

히알루론산 탄력 클렌징오일은 탄력 고민을 겪는 분들을 위해 만들었습니다. 모든 피부을 기준으로 배합했고, 150ml 용량으로 담았습니다. 출시 전 3개월간 자체 모니터링을 진행했습니다.

## 주요 성분
히알루론산은 자기 무게의 수백 배에 달하는 수분을 끌어안는 성분입니다. 이 제품에는 분자 크기가 다른 세 종류를 함께 넣어 겉과 속에 나누어 자리 잡도록 했습니다.

전성분: 베타인, 판테놀, 다이소듐이디티에이, 카프릴릴글라이콜, 소듐하이알루로네이트, 부틸렌글라이콜, 잔탄검, 알란토인, 카보머, 히알루론산 추출물, 향료

## 사용법
마른 손과 마른 얼굴에 사용합니다. 얼굴 전체에 펴 발라 메이크업을 녹인 뒤 미온수를 조금씩 더해 유화시키고 헹궈냅니다.

## 주의사항
화장품 사용 시 또는 사용 후 직사광선에 의하여 사용 부위가 붉은 반점, 부어오름 또는 가려움증 등의 이상 증상이나 부작용이 있는 경우 전문의 등과 상담할 것.
상처가 있는 부위 등에는 사용을 자제할 것.
보관 및 취급 시의 주의사항 — 어린이의 손이 닿지 않는 곳에 보관할 것. 직사광선을 피해서 보관할 것.

## 사용성 평가
자체 진행한 사용성 평가 결과입니다. 시험 대상자 22명, 4주간 1일 2회 사용 조건입니다.

- 사용 직후 수분량 45% 증가 (기기 측정)
- 4주 후 피부 거칠기 30% 개선
- 사용자의 72%가 「다시 구매할 의향이 있다」고 응답
- 시험 기간 중 이상 반응을 보고한 대상자 없음

본 결과는 개인에 따라 다를 수 있으며 질병의 예방이나 치료를 위한 것이 아닙니다.

## 인증 및 시험
- 피부 자극 테스트 완료 (국내 임상시험 기관)
- 알레르기 유발 성분 20종 무첨가
- 동물 실험을 하지 않았습니다
- 환경을 생각한 재활용 가능 용기를 사용했습니다
- 화장품 책임판매업 등록 필증 보유

## 구매하신 분들의 이야기
구매하신 분들이 자주 남겨주신 이야기를 정리했습니다.

가장 많이 언급된 표현은 「자극이 없다」와 「흡수가 빠르다」였습니다. 특히 장마철에 만족도가 높다는 의견이 많았고,
제형이 가벼운 편이라 이 점을 좋아하시는 분과 아쉬워하시는 분이 나뉘었습니다.
향에 대해서는 은은하다라는 점을 장점으로 꼽아 주신 분이 많았습니다.
재구매 의사를 밝혀 주신 분의 비율이 높은 편이며, 용량 대비 가격에 대한 의견은 엇갈립니다.

## 자주 묻는 질문
Q. 유통기한이 어떻게 되나요?
A. 제조일로부터 30개월이며, 개봉 후에는 12개월 이내에 사용하시는 것을 권장합니다. 용기 하단에서 제조일자를 확인하실 수 있습니다.

Q. 남성이 써도 되나요?
A. 성별과 무관하게 사용하실 수 있습니다. 면도 직후에는 자극이 있을 수 있으니 시간을 두고 사용해 주세요.

Q. 샘플을 받아볼 수 있나요?
A. 고객센터로 문의해 주시면 재고 상황에 따라 안내해 드리고 있습니다.

Q. 다른 제품과 같이 써도 되나요?
A. 기초 단계 순서만 지켜 주시면 함께 사용하셔도 괜찮습니다. 묽은 것부터 되직한 것 순으로 발라 주세요.

Q. 아침에도 쓸 수 있나요?
A. 네, 아침저녁 모두 사용하실 수 있습니다. 다만 아침에 사용하실 때는 자외선 차단제를 반드시 함께 발라 주세요.

## 배송 및 교환
평일 오후 2시 이전 결제 건은 당일 출고됩니다. 도서·산간 지역은 배송이 하루 이틀 더 걸릴 수 있습니다.
단순 변심에 의한 교환 및 반품은 수령일로부터 7일 이내에 가능하며 왕복 배송비가 부과됩니다.
개봉하였거나 사용한 흔적이 있는 상품은 교환 및 반품이 어렵습니다.
상품에 하자가 있는 경우에는 배송비 부담 없이 교환해 드립니다."
P058,"## 제품 소개
히알루론산 링클 클렌징폼은 주름 고민을 겪는 분들을 위해 만들었습니다. 모든 피부을 기준으로 배합했고, 150ml 용량으로 담았습니다. 여러 차례의 사용성 평가를 거쳐 제형을 확정했습니다.

## 주요 성분
히알루론산은 자기 무게의 수백 배에 달하는 수분을 끌어안는 성분입니다. 이 제품에는 분자 크기가 다른 세 종류를 함께 넣어 겉과 속에 나누어 자리 잡도록 했습니다.

전성분: 베타인, 부틸렌글라이콜, 소듐하이알루로네이트, 다이소듐이디티에이, 트로메타민, 글리세린, 카프릴릴글라이콜, 알란토인, 1,2-헥산다이올, 카보머, 히알루론산 추출물, 향료

## 사용법
미온수로 얼굴을 적신 뒤 적당량을 손에 덜어 거품을 충분히 낸 다음 얼굴에 올려 부드럽게 굴리듯 세안합니다.

## 주의사항
화장품 사용 시 또는 사용 후 직사광선에 의하여 사용 부위가 붉은 반점, 부어오름 또는 가려움증 등의 이상 증상이나 부작용이 있는 경우 전문의 등과 상담할 것.
상처가 있는 부위 등에는 사용을 자제할 것.
보관 및 취급 시의 주의사항 — 어린이의 손이 닿지 않는 곳에 보관할 것. 직사광선을 피해서 보관할 것.

## 사용성 평가
자체 진행한 사용성 평가 결과입니다. 시험 대상자 21명, 8주간 1일 2회 사용 조건입니다.

- 사용 직후 수분량 40% 증가 (기기 측정)
- 8주 후 피부 거칠기 31% 개선
- 사용자의 72%가 「다시 구매할 의향이 있다」고 응답
- 시험 기간 중 이상 반응을 보고한 대상자 없음

본 결과는 개인에 따라 다를 수 있으며 질병의 예방이나 치료를 위한 것이 아닙니다.

## 인증 및 시험
- 피부 자극 테스트 완료 (국내 임상시험 기관)
- 알레르기 유발 성분 26종 무첨가
- 동물 실험을 하지 않았습니다
- 환경을 생각한 재활용 가능 용기를 사용했습니다
- 화장품 책임판매업 등록 필증 보유

## 자주 묻는 질문
Q. 아침에도 쓸 수 있나요?
A. 네, 아침저녁 모두 사용하실 수 있습니다. 다만 아침에 사용하실 때는 자외선 차단제를 반드시 함께 발라 주세요.

Q. 샘플을 받아볼 수 있나요?
A. 고객센터로 문의해 주시면 재고 상황에 따라 안내해 드리고 있습니다.

## 배송 및 교환
평일 오후 2시 이전 결제 건은 당일 출고됩니다. 도서·산간 지역은 배송이 하루 이틀 더 걸릴 수 있습니다.
단순 변심에 의한 교환 및 반품은 수령일로부터 7일 이내에 가능하며 왕복 배송비가 부과됩니다.
개봉하였거나 사용한 흔적이 있는 상품은 교환 및 반품이 어렵습니다.
상품에 하자가 있는 경우에는 배송비 부담 없이 교환해 드립니다."
P059,"## 제품 소개
물빛연구소는 물의 결을 닮은 제형을 연구합니다. 무겁게 덮는 대신 스미게 하는 것, 그 한 가지를 위해 십수 년간 배합비를 고쳐 왔습니다. 오늘도 실험실의 불은 늦게까지 켜져 있습니다.

히알루론산 포어 선크림은 모공 고민을 겪는 분들을 위해 만들었습니다. 건성을 기준으로 배합했고, 60ml 용량으로 담았습니다. 성분 하나를 넣고 빼는 데 오래 고민했습니다.

## 주요 성분
히알루론산은 자기 무게의 수백 배에 달하는 수분을 끌어안는 성분입니다. 이 제품에는 분자 크기가 다른 세 종류를 함께 넣어 겉과 속에 나누어 자리 잡도록 했습니다.

전성분: 글리세린, 소듐하이알루로네이트, 알란토인, 1,2-헥산다이올, 베타인, 카프릴릴글라이콜, 히알루론산 추출물, 향료

## 이런 분께 권합니다
건성이신 분, 모공 때문에 오래 고민하신 분께 권합니다. 기초 단계를 줄이고 싶은 분께 적합합니다.

## 사용법
기초 마지막 단계에 사용합니다. 외출 20분 전에 충분한 양을 바르고, 야외 활동 시에는 2~3시간마다 덧발라 주세요.

## 주의사항
화장품 사용 시 또는 사용 후 직사광선에 의하여 사용 부위가 붉은 반점, 부어오름 또는 가려움증 등의 이상 증상이나 부작용이 있는 경우 전문의 등과 상담할 것.
상처가 있는 부위 등에는 사용을 자제할 것.
보관 및 취급 시의 주의사항 — 어린이의 손이 닿지 않는 곳에 보관할 것. 직사광선을 피해서 보관할 것.

## 사용성 평가
자체 진행한 사용성 평가 결과입니다. 시험 대상자 21명, 8주간 1일 2회 사용 조건입니다.

- 사용 직후 수분량 42% 증가 (기기 측정)
- 8주 후 피부 거칠기 23% 개선
- 사용자의 82%가 「다시 구매할 의향이 있다」고 응답
- 시험 기간 중 이상 반응을 보고한 대상자 없음

본 결과는 개인에 따라 다를 수 있으며 질병의 예방이나 치료를 위한 것이 아닙니다.

## 배송 및 교환
평일 오후 2시 이전 결제 건은 당일 출고됩니다. 도서·산간 지역은 배송이 하루 이틀 더 걸릴 수 있습니다.
단순 변심에 의한 교환 및 반품은 수령일로부터 7일 이내에 가능하며 왕복 배송비가 부과됩니다.
개봉하였거나 사용한 흔적이 있는 상품은 교환 및 반품이 어렵습니다.
상품에 하자가 있는 경우에는 배송비 부담 없이 교환해 드립니다."
P060,"## 제품 소개
그린포레는 숲에서 자란 원료를 씁니다. 국내 청정 지역에서 재배한 식물을 저온에서 추출해 본래의 성질을 지켰습니다. 자연에 가까운 것이 결국 피부에도 가깝다고 믿습니다.

병풀 시카 아이크림은 진정 고민을 겪는 분들을 위해 만들었습니다. 지성을 기준으로 배합했고, 20ml 용량으로 담았습니다. 성분 하나를 넣고 빼는 데 오래 고민했습니다.

## 주요 성분
병풀 추출물은 예민해진 피부를 진정시키는 데 쓰입니다. 마데카소사이드를 포함한 네 가지 지표 성분을 함께 담았습니다.

전성분: 알란토인, 잔탄검, 부틸렌글라이콜, 베타인, 정제수, 판테놀, 카보머, 소듐하이알루로네이트, 글리세린, 카프릴릴글라이콜, 병풀 추출물, 향료

## 이런 분께 권합니다
지성이신 분, 진정 때문에 오래 고민하신 분께 권합니다. 환절기마다 컨디션이 흔들리는 분께도 잘 맞습니다.

## 사용법
기초 마지막 단계에 눈가에 사용합니다. 약지로 톡톡 두드려 흡수시켜 주세요. 눈에 직접 닿지 않도록 주의합니다.

## 주의사항
화장품 사용 시 또는 사용 후 직사광선에 의하여 사용 부위가 붉은 반점, 부어오름 또는 가려움증 등의 이상 증상이나 부작용이 있는 경우 전문의 등과 상담할 것.
상처가 있는 부위 등에는 사용을 자제할 것.
보관 및 취급 시의 주의사항 — 어린이의 손이 닿지 않는 곳에 보관할 것. 직사광선을 피해서 보관할 것.

## 사용성 평가
자체 진행한 사용성 평가 결과입니다. 시험 대상자 22명, 8주간 1일 2회 사용 조건입니다.

- 사용 직후 수분량 18% 증가 (기기 측정)
- 8주 후 피부 거칠기 26% 개선
- 사용자의 94%가 「다시 구매할 의향이 있다」고 응답
- 시험 기간 중 이상 반응을 보고한 대상자 없음

본 결과는 개인에 따라 다를 수 있으며 질병의 예방이나 치료를 위한 것이 아닙니다.

## 배송 및 교환
평일 오후 2시 이전 결제 건은 당일 출고됩니다. 도서·산간 지역은 배송이 하루 이틀 더 걸릴 수 있습니다.
단순 변심에 의한 교환 및 반품은 수령일로부터 7일 이내에 가능하며 왕복 배송비가 부과됩니다.
개봉하였거나 사용한 흔적이 있는 상품은 교환 및 반품이 어렵습니다.
상품에 하자가 있는 경우에는 배송비 부담 없이 교환해 드립니다."
P061,"## 제품 소개
피부일기는 매일의 기록에서 출발했습니다. 하루하루 달라지는 피부 상태를 오래 관찰하며, 계절과 컨디션에 따라 달리 쓸 수 있는 제품을 만들어 왔습니다.

알로에 링클 앰플은 주름 고민을 겪는 분들을 위해 만들었습니다. 모든 피부을 기준으로 배합했고, 30ml 용량으로 담았습니다. 출시 전 3개월간 자체 모니터링을 진행했습니다.

## 주요 성분
알로에 잎의 겔 부분만 골라 담았습니다. 수분을 오래 붙잡아두는 성질이 있어 여름철 진정용으로도 많이 찾으십니다.

전성분: 트로메타민, 카보머, 베타인, 카프릴릴글라이콜, 글리세린, 소듐하이알루로네이트, 다이소듐이디티에이, 판테놀, 1,2-헥산다이올, 알로에 추출물, 향료

## 이런 분께 권합니다
모든 피부이신 분, 주름 때문에 오래 고민하신 분께 권합니다. 기초 단계를 줄이고 싶은 분께 적합합니다.

## 사용법
집중 관리가 필요할 때 세럼 대신 또는 세럼 다음에 사용합니다. 매일 써도 되지만 주 2~3회 집중 사용도 좋습니다.

## 주의사항
화장품 사용 시 또는 사용 후 직사광선에 의하여 사용 부위가 붉은 반점, 부어오름 또는 가려움증 등의 이상 증상이나 부작용이 있는 경우 전문의 등과 상담할 것.
상처가 있는 부위 등에는 사용을 자제할 것.
보관 및 취급 시의 주의사항 — 어린이의 손이 닿지 않는 곳에 보관할 것. 직사광선을 피해서 보관할 것.

## 사용성 평가
자체 진행한 사용성 평가 결과입니다. 시험 대상자 30명, 8주간 1일 2회 사용 조건입니다.

- 사용 직후 수분량 43% 증가 (기기 측정)
- 8주 후 피부 거칠기 33% 개선
- 사용자의 96%가 「다시 구매할 의향이 있다」고 응답
- 시험 기간 중 이상 반응을 보고한 대상자 없음

본 결과는 개인에 따라 다를 수 있으며 질병의 예방이나 치료를 위한 것이 아닙니다.

## 인증 및 시험
- 피부 자극 테스트 완료 (국내 임상시험 기관)
- 알레르기 유발 성분 24종 무첨가
- 동물 실험을 하지 않았습니다
- 환경을 생각한 재활용 가능 용기를 사용했습니다
- 화장품 책임판매업 등록 필증 보유

## 배송 및 교환
평일 오후 2시 이전 결제 건은 당일 출고됩니다. 도서·산간 지역은 배송이 하루 이틀 더 걸릴 수 있습니다.
단순 변심에 의한 교환 및 반품은 수령일로부터 7일 이내에 가능하며 왕복 배송비가 부과됩니다.
개봉하였거나 사용한 흔적이 있는 상품은 교환 및 반품이 어렵습니다.
상품에 하자가 있는 경우에는 배송비 부담 없이 교환해 드립니다."
P062,"## 제품 소개
피부일기는 매일의 기록에서 출발했습니다. 하루하루 달라지는 피부 상태를 오래 관찰하며, 계절과 컨디션에 따라 달리 쓸 수 있는 제품을 만들어 왔습니다.

세라마이드 브라이트닝 클렌징오일은 미백 고민을 겪는 분들을 위해 만들었습니다. 복합성을 기준으로 배합했고, 200ml 용량으로 담았습니다. 여러 차례의 사용성 평가를 거쳐 제형을 확정했습니다.

## 주요 성분
세라마이드는 원래 피부 각질층에 있는 지질 성분입니다. 나이가 들거나 건조한 환경에 오래 있으면 줄어드는데, 이 제품은 그 빈자리를 채우는 것을 목표로 배합했습니다.

전성분: 1,2-헥산다이올, 트로메타민, 알란토인, 판테놀, 부틸렌글라이콜, 다이소듐이디티에이, 카보머, 글리세린, 세라마이드 추출물, 향료

## 이런 분께 권합니다
복합성이신 분, 미백 때문에 오래 고민하신 분께 권합니다. 처음 쓰시는 분도 부담 없이 시작하실 수 있습니다.

## 사용법
마른 손과 마른 얼굴에 사용합니다. 얼굴 전체에 펴 발라 메이크업을 녹인 뒤 미온수를 조금씩 더해 유화시키고 헹궈냅니다.

## 주의사항
화장품 사용 시 또는 사용 후 직사광선에 의하여 사용 부위가 붉은 반점, 부어오름 또는 가려움증 등의 이상 증상이나 부작용이 있는 경우 전문의 등과 상담할 것.
상처가 있는 부위 등에는 사용을 자제할 것.
보관 및 취급 시의 주의사항 — 어린이의 손이 닿지 않는 곳에 보관할 것. 직사광선을 피해서 보관할 것.

## 배송 및 교환
평일 오후 2시 이전 결제 건은 당일 출고됩니다. 도서·산간 지역은 배송이 하루 이틀 더 걸릴 수 있습니다.
단순 변심에 의한 교환 및 반품은 수령일로부터 7일 이내에 가능하며 왕복 배송비가 부과됩니다.
개봉하였거나 사용한 흔적이 있는 상품은 교환 및 반품이 어렵습니다.
상품에 하자가 있는 경우에는 배송비 부담 없이 교환해 드립니다."
P063,"## 제품 소개
병풀 링클 로션은 주름 고민을 겪는 분들을 위해 만들었습니다. 모든 피부을 기준으로 배합했고, 150ml 용량으로 담았습니다. 여러 차례의 사용성 평가를 거쳐 제형을 확정했습니다.

## 주요 성분
병풀 추출물은 예민해진 피부를 진정시키는 데 쓰입니다. 마데카소사이드를 포함한 네 가지 지표 성분을 함께 담았습니다.

전성분: 카프릴릴글라이콜, 다이소듐이디티에이, 카보머, 알란토인, 소듐하이알루로네이트, 잔탄검, 1,2-헥산다이올, 글리세린, 병풀 추출물, 향료

## 이런 분께 권합니다
모든 피부이신 분, 주름 때문에 오래 고민하신 분께 권합니다. 처음 쓰시는 분도 부담 없이 시작하실 수 있습니다.

## 사용법
가벼운 마무리가 필요할 때 크림 대신 사용합니다. 아침에는 로션, 저녁에는 크림으로 나누어 쓰셔도 좋습니다.

## 주의사항
화장품 사용 시 또는 사용 후 직사광선에 의하여 사용 부위가 붉은 반점, 부어오름 또는 가려움증 등의 이상 증상이나 부작용이 있는 경우 전문의 등과 상담할 것.
상처가 있는 부위 등에는 사용을 자제할 것.
보관 및 취급 시의 주의사항 — 어린이의 손이 닿지 않는 곳에 보관할 것. 직사광선을 피해서 보관할 것.

## 사용성 평가
자체 진행한 사용성 평가 결과입니다. 시험 대상자 30명, 6주간 1일 2회 사용 조건입니다.

- 사용 직후 수분량 24% 증가 (기기 측정)
- 6주 후 피부 거칠기 33% 개선
- 사용자의 85%가 「다시 구매할 의향이 있다」고 응답
- 시험 기간 중 이상 반응을 보고한 대상자 없음

본 결과는 개인에 따라 다를 수 있으며 질병의 예방이나 치료를 위한 것이 아닙니다.

## 인증 및 시험
- 피부 자극 테스트 완료 (국내 임상시험 기관)
- 알레르기 유발 성분 21종 무첨가
- 동물 실험을 하지 않았습니다
- 환경을 생각한 재활용 가능 용기를 사용했습니다
- 화장품 책임판매업 등록 필증 보유

## 배송 및 교환
평일 오후 2시 이전 결제 건은 당일 출고됩니다. 도서·산간 지역은 배송이 하루 이틀 더 걸릴 수 있습니다.
단순 변심에 의한 교환 및 반품은 수령일로부터 7일 이내에 가능하며 왕복 배송비가 부과됩니다.
개봉하였거나 사용한 흔적이 있는 상품은 교환 및 반품이 어렵습니다.
상품에 하자가 있는 경우에는 배송비 부담 없이 교환해 드립니다."
P064,"## 제품 소개
피부일기는 매일의 기록에서 출발했습니다. 하루하루 달라지는 피부 상태를 오래 관찰하며, 계절과 컨디션에 따라 달리 쓸 수 있는 제품을 만들어 왔습니다.

나이아신아마이드 필링 앰플은 각질 고민을 겪는 분들을 위해 만들었습니다. 건성을 기준으로 배합했고, 50ml 용량으로 담았습니다. 여러 차례의 사용성 평가를 거쳐 제형을 확정했습니다.

## 주요 성분
나이아신아마이드는 비타민B3 계열 성분으로, 칙칙해 보이는 기를 덜어내는 데 오래 쓰여 왔습니다. 함량을 2%로 잡아 부담을 낮췄습니다.

전성분: 알란토인, 부틸렌글라이콜, 카보머, 베타인, 판테놀, 에틸헥실글리세린, 다이소듐이디티에이, 글리세린, 잔탄검, 소듐하이알루로네이트, 트로메타민, 카프릴릴글라이콜, 정제수, 1,2-헥산다이올, 나이아신아마이드 추출물, 향료

## 이런 분께 권합니다
건성이신 분, 각질 때문에 오래 고민하신 분께 권합니다. 기초 단계를 줄이고 싶은 분께 적합합니다.

## 사용법
집중 관리가 필요할 때 세럼 대신 또는 세럼 다음에 사용합니다. 매일 써도 되지만 주 2~3회 집중 사용도 좋습니다.

## 주의사항
화장품 사용 시 또는 사용 후 직사광선에 의하여 사용 부위가 붉은 반점, 부어오름 또는 가려움증 등의 이상 증상이나 부작용이 있는 경우 전문의 등과 상담할 것.
상처가 있는 부위 등에는 사용을 자제할 것.
보관 및 취급 시의 주의사항 — 어린이의 손이 닿지 않는 곳에 보관할 것. 직사광선을 피해서 보관할 것.

## 인증 및 시험
- 피부 자극 테스트 완료 (국내 임상시험 기관)
- 알레르기 유발 성분 20종 무첨가
- 동물 실험을 하지 않았습니다
- 환경을 생각한 재활용 가능 용기를 사용했습니다
- 화장품 책임판매업 등록 필증 보유

## 자주 묻는 질문
Q. 샘플을 받아볼 수 있나요?
A. 고객센터로 문의해 주시면 재고 상황에 따라 안내해 드리고 있습니다.

Q. 임신 중에도 사용 가능한가요?
A. 제품 특성상 개인차가 있을 수 있으므로 임신 중이시라면 사용 전에 전문의와 상담하시기를 권해 드립니다.

## 배송 및 교환
평일 오후 2시 이전 결제 건은 당일 출고됩니다. 도서·산간 지역은 배송이 하루 이틀 더 걸릴 수 있습니다.
단순 변심에 의한 교환 및 반품은 수령일로부터 7일 이내에 가능하며 왕복 배송비가 부과됩니다.
개봉하였거나 사용한 흔적이 있는 상품은 교환 및 반품이 어렵습니다.
상품에 하자가 있는 경우에는 배송비 부담 없이 교환해 드립니다."
P065,"## 제품 소개
콜라겐 필링 앰플은 각질 고민을 겪는 분들을 위해 만들었습니다. 지성을 기준으로 배합했고, 30ml 용량으로 담았습니다. 성분 하나를 넣고 빼는 데 오래 고민했습니다.

## 주요 성분
콜라겐은 탄력을 채우는 데 쓰이며, 이 제품에는 흡수를 고려해 저분자로 분해한 형태를 넣었습니다.

전성분: 정제수, 부틸렌글라이콜, 알란토인, 카프릴릴글라이콜, 에틸헥실글리세린, 잔탄검, 트로메타민, 소듐하이알루로네이트, 1,2-헥산다이올, 베타인, 콜라겐 추출물, 향료

## 이런 분께 권합니다
지성이신 분, 각질 때문에 오래 고민하신 분께 권합니다. 환절기마다 컨디션이 흔들리는 분께도 잘 맞습니다.

## 사용법
집중 관리가 필요할 때 세럼 대신 또는 세럼 다음에 사용합니다. 매일 써도 되지만 주 2~3회 집중 사용도 좋습니다.

## 주의사항
화장품 사용 시 또는 사용 후 직사광선에 의하여 사용 부위가 붉은 반점, 부어오름 또는 가려움증 등의 이상 증상이나 부작용이 있는 경우 전문의 등과 상담할 것.
상처가 있는 부위 등에는 사용을 자제할 것.
보관 및 취급 시의 주의사항 — 어린이의 손이 닿지 않는 곳에 보관할 것. 직사광선을 피해서 보관할 것.

## 사용성 평가
자체 진행한 사용성 평가 결과입니다. 시험 대상자 30명, 2주간 1일 2회 사용 조건입니다.

- 사용 직후 수분량 22% 증가 (기기 측정)
- 2주 후 피부 거칠기 20% 개선
- 사용자의 79%가 「다시 구매할 의향이 있다」고 응답
- 시험 기간 중 이상 반응을 보고한 대상자 없음

본 결과는 개인에 따라 다를 수 있으며 질병의 예방이나 치료를 위한 것이 아닙니다.

## 인증 및 시험
- 피부 자극 테스트 완료 (국내 임상시험 기관)
- 알레르기 유발 성분 21종 무첨가
- 동물 실험을 하지 않았습니다
- 환경을 생각한 재활용 가능 용기를 사용했습니다
- 화장품 책임판매업 등록 필증 보유

## 구매하신 분들의 이야기
구매하신 분들이 자주 남겨주신 이야기를 정리했습니다.

가장 많이 언급된 표현은 「순하다」와 「겉돌지 않는다」였습니다. 특히 여름철에 만족도가 높다는 의견이 많았고,
제형이 젤 같은 편이라 이 점을 좋아하시는 분과 아쉬워하시는 분이 나뉘었습니다.
향에 대해서는 은은하다라는 점을 장점으로 꼽아 주신 분이 많았습니다.
재구매 의사를 밝혀 주신 분의 비율이 높은 편이며, 용량 대비 가격에 대한 의견은 엇갈립니다.

## 배송 및 교환
평일 오후 2시 이전 결제 건은 당일 출고됩니다. 도서·산간 지역은 배송이 하루 이틀 더 걸릴 수 있습니다.
단순 변심에 의한 교환 및 반품은 수령일로부터 7일 이내에 가능하며 왕복 배송비가 부과됩니다.
개봉하였거나 사용한 흔적이 있는 상품은 교환 및 반품이 어렵습니다.
상품에 하자가 있는 경우에는 배송비 부담 없이 교환해 드립니다."
P066,"## 제품 소개
순수담은 담백한 것을 만듭니다. 향을 넣지 않고 색을 입히지 않으며, 꼭 필요한 것만 담습니다. 처음 써보시는 분도 부담 없이 시작하실 수 있도록 설계했습니다.

약산성 아미노산 포어 아이크림은 모공 고민을 겪는 분들을 위해 만들었습니다. 민감성을 기준으로 배합했고, 20ml 용량으로 담았습니다. 성분 하나를 넣고 빼는 데 오래 고민했습니다.

## 주요 성분
약산성 아미노산 계면활성제를 사용했습니다. 세정력은 유지하면서 씻고 난 뒤 당김을 줄이는 데 초점을 맞췄습니다.

전성분: 트로메타민, 소듐하이알루로네이트, 1,2-헥산다이올, 정제수, 판테놀, 부틸렌글라이콜, 알란토인, 카보머, 에틸헥실글리세린, 베타인, 잔탄검, 글리세린, 약산성 아미노산 추출물, 향료

## 사용법
기초 마지막 단계에 눈가에 사용합니다. 약지로 톡톡 두드려 흡수시켜 주세요. 눈에 직접 닿지 않도록 주의합니다.

## 주의사항
화장품 사용 시 또는 사용 후 직사광선에 의하여 사용 부위가 붉은 반점, 부어오름 또는 가려움증 등의 이상 증상이나 부작용이 있는 경우 전문의 등과 상담할 것.
상처가 있는 부위 등에는 사용을 자제할 것.
보관 및 취급 시의 주의사항 — 어린이의 손이 닿지 않는 곳에 보관할 것. 직사광선을 피해서 보관할 것.

## 인증 및 시험
- 피부 자극 테스트 완료 (국내 임상시험 기관)
- 알레르기 유발 성분 20종 무첨가
- 동물 실험을 하지 않았습니다
- 환경을 생각한 재활용 가능 용기를 사용했습니다
- 화장품 책임판매업 등록 필증 보유

## 자주 묻는 질문
Q. 임신 중에도 사용 가능한가요?
A. 제품 특성상 개인차가 있을 수 있으므로 임신 중이시라면 사용 전에 전문의와 상담하시기를 권해 드립니다.

Q. 남성이 써도 되나요?
A. 성별과 무관하게 사용하실 수 있습니다. 면도 직후에는 자극이 있을 수 있으니 시간을 두고 사용해 주세요.

Q. 피부가 따가운데 계속 써도 되나요?
A. 사용을 중단하시고 상태를 지켜봐 주세요. 증상이 이어지면 전문의와 상담하시기 바랍니다.

## 배송 및 교환
평일 오후 2시 이전 결제 건은 당일 출고됩니다. 도서·산간 지역은 배송이 하루 이틀 더 걸릴 수 있습니다.
단순 변심에 의한 교환 및 반품은 수령일로부터 7일 이내에 가능하며 왕복 배송비가 부과됩니다.
개봉하였거나 사용한 흔적이 있는 상품은 교환 및 반품이 어렵습니다.
상품에 하자가 있는 경우에는 배송비 부담 없이 교환해 드립니다."
P067,"## 제품 소개
물빛연구소는 물의 결을 닮은 제형을 연구합니다. 무겁게 덮는 대신 스미게 하는 것, 그 한 가지를 위해 십수 년간 배합비를 고쳐 왔습니다. 오늘도 실험실의 불은 늦게까지 켜져 있습니다.

콜라겐 수분 마스크팩은 수분 고민을 겪는 분들을 위해 만들었습니다. 민감성을 기준으로 배합했고, 30매 용량으로 담았습니다. 여러 차례의 사용성 평가를 거쳐 제형을 확정했습니다.

## 주요 성분
콜라겐은 탄력을 채우는 데 쓰이며, 이 제품에는 흡수를 고려해 저분자로 분해한 형태를 넣었습니다.

전성분: 알란토인, 다이소듐이디티에이, 글리세린, 에틸헥실글리세린, 베타인, 카프릴릴글라이콜, 정제수, 카보머, 소듐하이알루로네이트, 콜라겐 추출물, 향료

## 이런 분께 권합니다
민감성이신 분, 수분 때문에 오래 고민하신 분께 권합니다. 처음 쓰시는 분도 부담 없이 시작하실 수 있습니다.

## 사용법
토너로 결을 정리한 뒤 시트를 얼굴에 밀착시켜 15~20분간 둡니다. 떼어낸 뒤 남은 에센스는 두드려 흡수시켜 주세요.

## 주의사항
화장품 사용 시 또는 사용 후 직사광선에 의하여 사용 부위가 붉은 반점, 부어오름 또는 가려움증 등의 이상 증상이나 부작용이 있는 경우 전문의 등과 상담할 것.
상처가 있는 부위 등에는 사용을 자제할 것.
보관 및 취급 시의 주의사항 — 어린이의 손이 닿지 않는 곳에 보관할 것. 직사광선을 피해서 보관할 것.

## 자주 묻는 질문
Q. 임신 중에도 사용 가능한가요?
A. 제품 특성상 개인차가 있을 수 있으므로 임신 중이시라면 사용 전에 전문의와 상담하시기를 권해 드립니다.

Q. 용기가 펌프인가요?
A. 위생과 산화를 고려해 펌프 형태로 제작했습니다. 마지막까지 쓰실 수 있도록 용기 안쪽을 비스듬히 설계했습니다.

Q. 샘플을 받아볼 수 있나요?
A. 고객센터로 문의해 주시면 재고 상황에 따라 안내해 드리고 있습니다.

Q. 피부가 따가운데 계속 써도 되나요?
A. 사용을 중단하시고 상태를 지켜봐 주세요. 증상이 이어지면 전문의와 상담하시기 바랍니다.

Q. 남성이 써도 되나요?
A. 성별과 무관하게 사용하실 수 있습니다. 면도 직후에는 자극이 있을 수 있으니 시간을 두고 사용해 주세요.

Q. 다른 제품과 같이 써도 되나요?
A. 기초 단계 순서만 지켜 주시면 함께 사용하셔도 괜찮습니다. 묽은 것부터 되직한 것 순으로 발라 주세요.

Q. 유통기한이 어떻게 되나요?
A. 제조일로부터 30개월이며, 개봉 후에는 12개월 이내에 사용하시는 것을 권장합니다. 용기 하단에서 제조일자를 확인하실 수 있습니다.

## 배송 및 교환
평일 오후 2시 이전 결제 건은 당일 출고됩니다. 도서·산간 지역은 배송이 하루 이틀 더 걸릴 수 있습니다.
단순 변심에 의한 교환 및 반품은 수령일로부터 7일 이내에 가능하며 왕복 배송비가 부과됩니다.
개봉하였거나 사용한 흔적이 있는 상품은 교환 및 반품이 어렵습니다.
상품에 하자가 있는 경우에는 배송비 부담 없이 교환해 드립니다."
P068,"## 제품 소개
세라마이드 탄력 마스크팩은 탄력 고민을 겪는 분들을 위해 만들었습니다. 건성을 기준으로 배합했고, 30매 용량으로 담았습니다. 출시 전 3개월간 자체 모니터링을 진행했습니다.

## 주요 성분
세라마이드는 원래 피부 각질층에 있는 지질 성분입니다. 나이가 들거나 건조한 환경에 오래 있으면 줄어드는데, 이 제품은 그 빈자리를 채우는 것을 목표로 배합했습니다.

전성분: 알란토인, 판테놀, 트로메타민, 에틸헥실글리세린, 카프릴릴글라이콜, 글리세린, 소듐하이알루로네이트, 베타인, 잔탄검, 세라마이드 추출물, 향료

## 이런 분께 권합니다
건성이신 분, 탄력 때문에 오래 고민하신 분께 권합니다. 환절기마다 컨디션이 흔들리는 분께도 잘 맞습니다.

## 사용법
토너로 결을 정리한 뒤 시트를 얼굴에 밀착시켜 15~20분간 둡니다. 떼어낸 뒤 남은 에센스는 두드려 흡수시켜 주세요.

## 주의사항
화장품 사용 시 또는 사용 후 직사광선에 의하여 사용 부위가 붉은 반점, 부어오름 또는 가려움증 등의 이상 증상이나 부작용이 있는 경우 전문의 등과 상담할 것.
상처가 있는 부위 등에는 사용을 자제할 것.
보관 및 취급 시의 주의사항 — 어린이의 손이 닿지 않는 곳에 보관할 것. 직사광선을 피해서 보관할 것.

## 사용성 평가
자체 진행한 사용성 평가 결과입니다. 시험 대상자 25명, 6주간 1일 2회 사용 조건입니다.

- 사용 직후 수분량 42% 증가 (기기 측정)
- 6주 후 피부 거칠기 27% 개선
- 사용자의 89%가 「다시 구매할 의향이 있다」고 응답
- 시험 기간 중 이상 반응을 보고한 대상자 없음

본 결과는 개인에 따라 다를 수 있으며 질병의 예방이나 치료를 위한 것이 아닙니다.

## 인증 및 시험
- 피부 자극 테스트 완료 (국내 임상시험 기관)
- 알레르기 유발 성분 20종 무첨가
- 동물 실험을 하지 않았습니다
- 환경을 생각한 재활용 가능 용기를 사용했습니다
- 화장품 책임판매업 등록 필증 보유

## 구매하신 분들의 이야기
구매하신 분들이 자주 남겨주신 이야기를 정리했습니다.

가장 많이 언급된 표현은 「촉촉하다」와 「겉돌지 않는다」였습니다. 특히 겨울철에 만족도가 높다는 의견이 많았고,
제형이 젤 같은 편이라 이 점을 좋아하시는 분과 아쉬워하시는 분이 나뉘었습니다.
향에 대해서는 무향에 가깝다라는 점을 장점으로 꼽아 주신 분이 많았습니다.
재구매 의사를 밝혀 주신 분의 비율이 높은 편이며, 용량 대비 가격에 대한 의견은 엇갈립니다.

## 배송 및 교환
평일 오후 2시 이전 결제 건은 당일 출고됩니다. 도서·산간 지역은 배송이 하루 이틀 더 걸릴 수 있습니다.
단순 변심에 의한 교환 및 반품은 수령일로부터 7일 이내에 가능하며 왕복 배송비가 부과됩니다.
개봉하였거나 사용한 흔적이 있는 상품은 교환 및 반품이 어렵습니다.
상품에 하자가 있는 경우에는 배송비 부담 없이 교환해 드립니다."
P069,"## 제품 소개
판테놀 포어 로션은 모공 고민을 겪는 분들을 위해 만들었습니다. 건성을 기준으로 배합했고, 100ml 용량으로 담았습니다. 여러 차례의 사용성 평가를 거쳐 제형을 확정했습니다.

## 주요 성분
판테놀은 프로비타민B5라고도 불리며, 붉게 달아오른 피부를 달래는 데 씁니다. 자극이 적어 예민한 시기에도 쓸 수 있는 편입니다.

전성분: 글리세린, 잔탄검, 알란토인, 에틸헥실글리세린, 1,2-헥산다이올, 베타인, 다이소듐이디티에이, 카프릴릴글라이콜, 소듐하이알루로네이트, 트로메타민, 정제수, 카보머, 부틸렌글라이콜, 판테놀 추출물, 향료

## 사용법
가벼운 마무리가 필요할 때 크림 대신 사용합니다. 아침에는 로션, 저녁에는 크림으로 나누어 쓰셔도 좋습니다.

## 주의사항
화장품 사용 시 또는 사용 후 직사광선에 의하여 사용 부위가 붉은 반점, 부어오름 또는 가려움증 등의 이상 증상이나 부작용이 있는 경우 전문의 등과 상담할 것.
상처가 있는 부위 등에는 사용을 자제할 것.
보관 및 취급 시의 주의사항 — 어린이의 손이 닿지 않는 곳에 보관할 것. 직사광선을 피해서 보관할 것.

## 사용성 평가
자체 진행한 사용성 평가 결과입니다. 시험 대상자 21명, 4주간 1일 2회 사용 조건입니다.

- 사용 직후 수분량 23% 증가 (기기 측정)
- 4주 후 피부 거칠기 33% 개선
- 사용자의 75%가 「다시 구매할 의향이 있다」고 응답
- 시험 기간 중 이상 반응을 보고한 대상자 없음

본 결과는 개인에 따라 다를 수 있으며 질병의 예방이나 치료를 위한 것이 아닙니다.

## 인증 및 시험
- 피부 자극 테스트 완료 (국내 임상시험 기관)
- 알레르기 유발 성분 26종 무첨가
- 동물 실험을 하지 않았습니다
- 환경을 생각한 재활용 가능 용기를 사용했습니다
- 화장품 책임판매업 등록 필증 보유

## 배송 및 교환
평일 오후 2시 이전 결제 건은 당일 출고됩니다. 도서·산간 지역은 배송이 하루 이틀 더 걸릴 수 있습니다.
단순 변심에 의한 교환 및 반품은 수령일로부터 7일 이내에 가능하며 왕복 배송비가 부과됩니다.
개봉하였거나 사용한 흔적이 있는 상품은 교환 및 반품이 어렵습니다.
상품에 하자가 있는 경우에는 배송비 부담 없이 교환해 드립니다."
P070,"## 제품 소개
약산성 아미노산 필링 마스크팩은 각질 고민을 겪는 분들을 위해 만들었습니다. 복합성을 기준으로 배합했고, 30매 용량으로 담았습니다. 여러 차례의 사용성 평가를 거쳐 제형을 확정했습니다.

## 주요 성분
약산성 아미노산 계면활성제를 사용했습니다. 세정력은 유지하면서 씻고 난 뒤 당김을 줄이는 데 초점을 맞췄습니다.

전성분: 에틸헥실글리세린, 카프릴릴글라이콜, 베타인, 알란토인, 1,2-헥산다이올, 정제수, 글리세린, 판테놀, 다이소듐이디티에이, 소듐하이알루로네이트, 약산성 아미노산 추출물, 향료

## 이런 분께 권합니다
복합성이신 분, 각질 때문에 오래 고민하신 분께 권합니다. 환절기마다 컨디션이 흔들리는 분께도 잘 맞습니다.

## 사용법
토너로 결을 정리한 뒤 시트를 얼굴에 밀착시켜 15~20분간 둡니다. 떼어낸 뒤 남은 에센스는 두드려 흡수시켜 주세요.

## 주의사항
화장품 사용 시 또는 사용 후 직사광선에 의하여 사용 부위가 붉은 반점, 부어오름 또는 가려움증 등의 이상 증상이나 부작용이 있는 경우 전문의 등과 상담할 것.
상처가 있는 부위 등에는 사용을 자제할 것.
보관 및 취급 시의 주의사항 — 어린이의 손이 닿지 않는 곳에 보관할 것. 직사광선을 피해서 보관할 것.

## 인증 및 시험
- 피부 자극 테스트 완료 (국내 임상시험 기관)
- 알레르기 유발 성분 21종 무첨가
- 동물 실험을 하지 않았습니다
- 환경을 생각한 재활용 가능 용기를 사용했습니다
- 화장품 책임판매업 등록 필증 보유

## 구매하신 분들의 이야기
구매하신 분들이 자주 남겨주신 이야기를 정리했습니다.

가장 많이 언급된 표현은 「부담 없다」와 「가성비가 좋다」였습니다. 특히 봄가을 환절철에 만족도가 높다는 의견이 많았고,
제형이 가벼운 편이라 이 점을 좋아하시는 분과 아쉬워하시는 분이 나뉘었습니다.
향에 대해서는 은은하다라는 점을 장점으로 꼽아 주신 분이 많았습니다.
재구매 의사를 밝혀 주신 분의 비율이 높은 편이며, 용량 대비 가격에 대한 의견은 엇갈립니다.

## 배송 및 교환
평일 오후 2시 이전 결제 건은 당일 출고됩니다. 도서·산간 지역은 배송이 하루 이틀 더 걸릴 수 있습니다.
단순 변심에 의한 교환 및 반품은 수령일로부터 7일 이내에 가능하며 왕복 배송비가 부과됩니다.
개봉하였거나 사용한 흔적이 있는 상품은 교환 및 반품이 어렵습니다.
상품에 하자가 있는 경우에는 배송비 부담 없이 교환해 드립니다."
P071,"## 제품 소개
약산성 아미노산 시카 클렌징오일은 진정 고민을 겪는 분들을 위해 만들었습니다. 모든 피부을 기준으로 배합했고, 200ml 용량으로 담았습니다. 출시 전 3개월간 자체 모니터링을 진행했습니다.

## 주요 성분
약산성 아미노산 계면활성제를 사용했습니다. 세정력은 유지하면서 씻고 난 뒤 당김을 줄이는 데 초점을 맞췄습니다.

전성분: 카보머, 트로메타민, 부틸렌글라이콜, 다이소듐이디티에이, 1,2-헥산다이올, 알란토인, 에틸헥실글리세린, 약산성 아미노산 추출물, 향료

## 사용법
마른 손과 마른 얼굴에 사용합니다. 얼굴 전체에 펴 발라 메이크업을 녹인 뒤 미온수를 조금씩 더해 유화시키고 헹궈냅니다.

## 주의사항
화장품 사용 시 또는 사용 후 직사광선에 의하여 사용 부위가 붉은 반점, 부어오름 또는 가려움증 등의 이상 증상이나 부작용이 있는 경우 전문의 등과 상담할 것.
상처가 있는 부위 등에는 사용을 자제할 것.
보관 및 취급 시의 주의사항 — 어린이의 손이 닿지 않는 곳에 보관할 것. 직사광선을 피해서 보관할 것.

## 인증 및 시험
- 피부 자극 테스트 완료 (국내 임상시험 기관)
- 알레르기 유발 성분 20종 무첨가
- 동물 실험을 하지 않았습니다
- 환경을 생각한 재활용 가능 용기를 사용했습니다
- 화장품 책임판매업 등록 필증 보유

## 구매하신 분들의 이야기
구매하신 분들이 자주 남겨주신 이야기를 정리했습니다.

가장 많이 언급된 표현은 「순하다」와 「겉돌지 않는다」였습니다. 특히 장마철에 만족도가 높다는 의견이 많았고,
제형이 꾸덕한 편이라 이 점을 좋아하시는 분과 아쉬워하시는 분이 나뉘었습니다.
향에 대해서는 인공적이지 않다라는 점을 장점으로 꼽아 주신 분이 많았습니다.
재구매 의사를 밝혀 주신 분의 비율이 높은 편이며, 용량 대비 가격에 대한 의견은 엇갈립니다.

## 배송 및 교환
평일 오후 2시 이전 결제 건은 당일 출고됩니다. 도서·산간 지역은 배송이 하루 이틀 더 걸릴 수 있습니다.
단순 변심에 의한 교환 및 반품은 수령일로부터 7일 이내에 가능하며 왕복 배송비가 부과됩니다.
개봉하였거나 사용한 흔적이 있는 상품은 교환 및 반품이 어렵습니다.
상품에 하자가 있는 경우에는 배송비 부담 없이 교환해 드립니다."
P072,"## 제품 소개
그린포레는 숲에서 자란 원료를 씁니다. 국내 청정 지역에서 재배한 식물을 저온에서 추출해 본래의 성질을 지켰습니다. 자연에 가까운 것이 결국 피부에도 가깝다고 믿습니다.

판테놀 수분 토너은 수분 고민을 겪는 분들을 위해 만들었습니다. 건성을 기준으로 배합했고, 300ml 용량으로 담았습니다. 여러 차례의 사용성 평가를 거쳐 제형을 확정했습니다.

## 주요 성분
판테놀은 프로비타민B5라고도 불리며, 붉게 달아오른 피부를 달래는 데 씁니다. 자극이 적어 예민한 시기에도 쓸 수 있는 편입니다.

전성분: 카보머, 소듐하이알루로네이트, 트로메타민, 1,2-헥산다이올, 알란토인, 카프릴릴글라이콜, 글리세린, 잔탄검, 부틸렌글라이콜, 판테놀 추출물, 향료

## 이런 분께 권합니다
건성이신 분, 수분 때문에 오래 고민하신 분께 권합니다. 처음 쓰시는 분도 부담 없이 시작하실 수 있습니다.

## 사용법
세안 후 가장 먼저 사용합니다. 화장솜에 적셔 결을 따라 부드럽게 닦아내거나, 손바닥에 덜어 얼굴 전체에 두드려 흡수시켜 주세요.

## 주의사항
화장품 사용 시 또는 사용 후 직사광선에 의하여 사용 부위가 붉은 반점, 부어오름 또는 가려움증 등의 이상 증상이나 부작용이 있는 경우 전문의 등과 상담할 것.
상처가 있는 부위 등에는 사용을 자제할 것.
보관 및 취급 시의 주의사항 — 어린이의 손이 닿지 않는 곳에 보관할 것. 직사광선을 피해서 보관할 것.

## 배송 및 교환
평일 오후 2시 이전 결제 건은 당일 출고됩니다. 도서·산간 지역은 배송이 하루 이틀 더 걸릴 수 있습니다.
단순 변심에 의한 교환 및 반품은 수령일로부터 7일 이내에 가능하며 왕복 배송비가 부과됩니다.
개봉하였거나 사용한 흔적이 있는 상품은 교환 및 반품이 어렵습니다.
상품에 하자가 있는 경우에는 배송비 부담 없이 교환해 드립니다."
P073,"## 제품 소개
미니멀스킨은 덜어내는 브랜드입니다. 성분 수를 줄이고 공정을 줄이고 포장을 줄였습니다. 남은 것은 꼭 필요한 것뿐입니다.

어성초 링클 미스트은 주름 고민을 겪는 분들을 위해 만들었습니다. 지성을 기준으로 배합했고, 100ml 용량으로 담았습니다. 출시 전 3개월간 자체 모니터링을 진행했습니다.

## 주요 성분
어성초는 예로부터 열감을 식히는 데 써온 식물입니다. 이 제품은 잎과 줄기를 저온에서 우려낸 추출물을 정제수 대신 사용했습니다.

전성분: 부틸렌글라이콜, 알란토인, 잔탄검, 에틸헥실글리세린, 다이소듐이디티에이, 1,2-헥산다이올, 카보머, 베타인, 어성초 추출물, 향료

## 사용법
필요할 때마다 얼굴에서 20cm 정도 떨어뜨려 분사합니다. 메이크업 위에도 사용할 수 있습니다.

## 주의사항
화장품 사용 시 또는 사용 후 직사광선에 의하여 사용 부위가 붉은 반점, 부어오름 또는 가려움증 등의 이상 증상이나 부작용이 있는 경우 전문의 등과 상담할 것.
상처가 있는 부위 등에는 사용을 자제할 것.
보관 및 취급 시의 주의사항 — 어린이의 손이 닿지 않는 곳에 보관할 것. 직사광선을 피해서 보관할 것.

## 사용성 평가
자체 진행한 사용성 평가 결과입니다. 시험 대상자 21명, 2주간 1일 2회 사용 조건입니다.

- 사용 직후 수분량 57% 증가 (기기 측정)
- 2주 후 피부 거칠기 22% 개선
- 사용자의 74%가 「다시 구매할 의향이 있다」고 응답
- 시험 기간 중 이상 반응을 보고한 대상자 없음

본 결과는 개인에 따라 다를 수 있으며 질병의 예방이나 치료를 위한 것이 아닙니다.

## 인증 및 시험
- 피부 자극 테스트 완료 (국내 임상시험 기관)
- 알레르기 유발 성분 20종 무첨가
- 동물 실험을 하지 않았습니다
- 환경을 생각한 재활용 가능 용기를 사용했습니다
- 화장품 책임판매업 등록 필증 보유

## 자주 묻는 질문
Q. 샘플을 받아볼 수 있나요?
A. 고객센터로 문의해 주시면 재고 상황에 따라 안내해 드리고 있습니다.

Q. 유통기한이 어떻게 되나요?
A. 제조일로부터 30개월이며, 개봉 후에는 12개월 이내에 사용하시는 것을 권장합니다. 용기 하단에서 제조일자를 확인하실 수 있습니다.

Q. 다른 제품과 같이 써도 되나요?
A. 기초 단계 순서만 지켜 주시면 함께 사용하셔도 괜찮습니다. 묽은 것부터 되직한 것 순으로 발라 주세요.

Q. 남성이 써도 되나요?
A. 성별과 무관하게 사용하실 수 있습니다. 면도 직후에는 자극이 있을 수 있으니 시간을 두고 사용해 주세요.

Q. 임신 중에도 사용 가능한가요?
A. 제품 특성상 개인차가 있을 수 있으므로 임신 중이시라면 사용 전에 전문의와 상담하시기를 권해 드립니다.

Q. 용기가 펌프인가요?
A. 위생과 산화를 고려해 펌프 형태로 제작했습니다. 마지막까지 쓰실 수 있도록 용기 안쪽을 비스듬히 설계했습니다.

Q. 아침에도 쓸 수 있나요?
A. 네, 아침저녁 모두 사용하실 수 있습니다. 다만 아침에 사용하실 때는 자외선 차단제를 반드시 함께 발라 주세요.

## 배송 및 교환
평일 오후 2시 이전 결제 건은 당일 출고됩니다. 도서·산간 지역은 배송이 하루 이틀 더 걸릴 수 있습니다.
단순 변심에 의한 교환 및 반품은 수령일로부터 7일 이내에 가능하며 왕복 배송비가 부과됩니다.
개봉하였거나 사용한 흔적이 있는 상품은 교환 및 반품이 어렵습니다.
상품에 하자가 있는 경우에는 배송비 부담 없이 교환해 드립니다."
P074,"## 제품 소개
레티놀 트러블 마스크팩은 트러블 고민을 겪는 분들을 위해 만들었습니다. 건성을 기준으로 배합했고, 10매 용량으로 담았습니다. 여러 차례의 사용성 평가를 거쳐 제형을 확정했습니다.

## 주요 성분
레티놀은 잔주름 관리에 쓰이는 대표적인 성분입니다. 다만 처음 쓰면 각질이 일거나 따가울 수 있어, 이 제품은 저농도로 시작하도록 설계했습니다.

전성분: 부틸렌글라이콜, 트로메타민, 베타인, 판테놀, 카프릴릴글라이콜, 소듐하이알루로네이트, 잔탄검, 에틸헥실글리세린, 다이소듐이디티에이, 레티놀 추출물, 향료

## 이런 분께 권합니다
건성이신 분, 트러블 때문에 오래 고민하신 분께 권합니다. 환절기마다 컨디션이 흔들리는 분께도 잘 맞습니다.

## 사용법
토너로 결을 정리한 뒤 시트를 얼굴에 밀착시켜 15~20분간 둡니다. 떼어낸 뒤 남은 에센스는 두드려 흡수시켜 주세요.

## 주의사항
레티놀 성분이 함유되어 있습니다. 민감성 피부는 사용을 권하지 않으며, 처음 사용하시는 분은 주 1~2회 저녁에만 소량으로 시작해 주세요. 임산부 및 수유부는 사용 전 전문의와 상담하시기 바랍니다. 사용 중 자외선 차단제를 반드시 함께 사용해 주세요.
화장품 사용 시 또는 사용 후 직사광선에 의하여 사용 부위가 붉은 반점, 부어오름 또는 가려움증 등의 이상 증상이나 부작용이 있는 경우 전문의 등과 상담할 것.
상처가 있는 부위 등에는 사용을 자제할 것.
보관 및 취급 시의 주의사항 — 어린이의 손이 닿지 않는 곳에 보관할 것. 직사광선을 피해서 보관할 것.

## 인증 및 시험
- 피부 자극 테스트 완료 (국내 임상시험 기관)
- 알레르기 유발 성분 21종 무첨가
- 동물 실험을 하지 않았습니다
- 환경을 생각한 재활용 가능 용기를 사용했습니다
- 화장품 책임판매업 등록 필증 보유

## 구매하신 분들의 이야기
구매하신 분들이 자주 남겨주신 이야기를 정리했습니다.

가장 많이 언급된 표현은 「촉촉하다」와 「겉돌지 않는다」였습니다. 특히 겨울철에 만족도가 높다는 의견이 많았고,
제형이 물처럼 묽은 편이라 이 점을 좋아하시는 분과 아쉬워하시는 분이 나뉘었습니다.
향에 대해서는 인공적이지 않다라는 점을 장점으로 꼽아 주신 분이 많았습니다.
재구매 의사를 밝혀 주신 분의 비율이 높은 편이며, 용량 대비 가격에 대한 의견은 엇갈립니다.

## 자주 묻는 질문
Q. 용기가 펌프인가요?
A. 위생과 산화를 고려해 펌프 형태로 제작했습니다. 마지막까지 쓰실 수 있도록 용기 안쪽을 비스듬히 설계했습니다.

Q. 남성이 써도 되나요?
A. 성별과 무관하게 사용하실 수 있습니다. 면도 직후에는 자극이 있을 수 있으니 시간을 두고 사용해 주세요.

## 배송 및 교환
평일 오후 2시 이전 결제 건은 당일 출고됩니다. 도서·산간 지역은 배송이 하루 이틀 더 걸릴 수 있습니다.
단순 변심에 의한 교환 및 반품은 수령일로부터 7일 이내에 가능하며 왕복 배송비가 부과됩니다.
개봉하였거나 사용한 흔적이 있는 상품은 교환 및 반품이 어렵습니다.
상품에 하자가 있는 경우에는 배송비 부담 없이 교환해 드립니다."
P075,"## 제품 소개
미니멀스킨은 덜어내는 브랜드입니다. 성분 수를 줄이고 공정을 줄이고 포장을 줄였습니다. 남은 것은 꼭 필요한 것뿐입니다.

프로폴리스 트러블 미스트은 트러블 고민을 겪는 분들을 위해 만들었습니다. 모든 피부을 기준으로 배합했고, 100ml 용량으로 담았습니다. 여러 차례의 사용성 평가를 거쳐 제형을 확정했습니다.

## 주요 성분
프로폴리스는 벌이 모은 수지 성분으로 영양을 채우는 데 씁니다. 원물 함량을 높여 특유의 끈적임이 있습니다.

전성분: 1,2-헥산다이올, 다이소듐이디티에이, 부틸렌글라이콜, 에틸헥실글리세린, 판테놀, 카보머, 베타인, 트로메타민, 카프릴릴글라이콜, 잔탄검, 정제수, 프로폴리스 추출물, 향료

## 이런 분께 권합니다
모든 피부이신 분, 트러블 때문에 오래 고민하신 분께 권합니다. 처음 쓰시는 분도 부담 없이 시작하실 수 있습니다.

## 사용법
필요할 때마다 얼굴에서 20cm 정도 떨어뜨려 분사합니다. 메이크업 위에도 사용할 수 있습니다.

## 주의사항
벌 유래 성분이 함유되어 있습니다. 벌 관련 알레르기가 있으신 분은 사용을 피해 주세요.
화장품 사용 시 또는 사용 후 직사광선에 의하여 사용 부위가 붉은 반점, 부어오름 또는 가려움증 등의 이상 증상이나 부작용이 있는 경우 전문의 등과 상담할 것.
상처가 있는 부위 등에는 사용을 자제할 것.
보관 및 취급 시의 주의사항 — 어린이의 손이 닿지 않는 곳에 보관할 것. 직사광선을 피해서 보관할 것.

## 구매하신 분들의 이야기
구매하신 분들이 자주 남겨주신 이야기를 정리했습니다.

가장 많이 언급된 표현은 「자극이 없다」와 「겉돌지 않는다」였습니다. 특히 겨울철에 만족도가 높다는 의견이 많았고,
제형이 꾸덕한 편이라 이 점을 좋아하시는 분과 아쉬워하시는 분이 나뉘었습니다.
향에 대해서는 은은하다라는 점을 장점으로 꼽아 주신 분이 많았습니다.
재구매 의사를 밝혀 주신 분의 비율이 높은 편이며, 용량 대비 가격에 대한 의견은 엇갈립니다.

## 배송 및 교환
평일 오후 2시 이전 결제 건은 당일 출고됩니다. 도서·산간 지역은 배송이 하루 이틀 더 걸릴 수 있습니다.
단순 변심에 의한 교환 및 반품은 수령일로부터 7일 이내에 가능하며 왕복 배송비가 부과됩니다.
개봉하였거나 사용한 흔적이 있는 상품은 교환 및 반품이 어렵습니다.
상품에 하자가 있는 경우에는 배송비 부담 없이 교환해 드립니다."
P076,"## 제품 소개
판테놀 브라이트닝 에센스은 미백 고민을 겪는 분들을 위해 만들었습니다. 복합성을 기준으로 배합했고, 100ml 용량으로 담았습니다. 여러 차례의 사용성 평가를 거쳐 제형을 확정했습니다.

## 주요 성분
판테놀은 프로비타민B5라고도 불리며, 붉게 달아오른 피부를 달래는 데 씁니다. 자극이 적어 예민한 시기에도 쓸 수 있는 편입니다.

전성분: 소듐하이알루로네이트, 부틸렌글라이콜, 판테놀, 베타인, 1,2-헥산다이올, 카보머, 잔탄검, 다이소듐이디티에이, 판테놀 추출물, 향료

## 사용법
토너로 결을 정리한 뒤 사용합니다. 2~3회 펌핑해 얼굴 전체에 펴 바르고 가볍게 두드려 흡수시켜 주세요.

## 주의사항
화장품 사용 시 또는 사용 후 직사광선에 의하여 사용 부위가 붉은 반점, 부어오름 또는 가려움증 등의 이상 증상이나 부작용이 있는 경우 전문의 등과 상담할 것.
상처가 있는 부위 등에는 사용을 자제할 것.
보관 및 취급 시의 주의사항 — 어린이의 손이 닿지 않는 곳에 보관할 것. 직사광선을 피해서 보관할 것.

## 사용성 평가
자체 진행한 사용성 평가 결과입니다. 시험 대상자 25명, 6주간 1일 2회 사용 조건입니다.

- 사용 직후 수분량 51% 증가 (기기 측정)
- 6주 후 피부 거칠기 12% 개선
- 사용자의 85%가 「다시 구매할 의향이 있다」고 응답
- 시험 기간 중 이상 반응을 보고한 대상자 없음

본 결과는 개인에 따라 다를 수 있으며 질병의 예방이나 치료를 위한 것이 아닙니다.

## 인증 및 시험
- 피부 자극 테스트 완료 (국내 임상시험 기관)
- 알레르기 유발 성분 20종 무첨가
- 동물 실험을 하지 않았습니다
- 환경을 생각한 재활용 가능 용기를 사용했습니다
- 화장품 책임판매업 등록 필증 보유

## 구매하신 분들의 이야기
구매하신 분들이 자주 남겨주신 이야기를 정리했습니다.

가장 많이 언급된 표현은 「부담 없다」와 「흡수가 빠르다」였습니다. 특히 장마철에 만족도가 높다는 의견이 많았고,
제형이 꾸덕한 편이라 이 점을 좋아하시는 분과 아쉬워하시는 분이 나뉘었습니다.
향에 대해서는 무향에 가깝다라는 점을 장점으로 꼽아 주신 분이 많았습니다.
재구매 의사를 밝혀 주신 분의 비율이 높은 편이며, 용량 대비 가격에 대한 의견은 엇갈립니다.

## 배송 및 교환
평일 오후 2시 이전 결제 건은 당일 출고됩니다. 도서·산간 지역은 배송이 하루 이틀 더 걸릴 수 있습니다.
단순 변심에 의한 교환 및 반품은 수령일로부터 7일 이내에 가능하며 왕복 배송비가 부과됩니다.
개봉하였거나 사용한 흔적이 있는 상품은 교환 및 반품이 어렵습니다.
상품에 하자가 있는 경우에는 배송비 부담 없이 교환해 드립니다."
P077,"## 제품 소개
허브노트는 허브의 향과 성질을 함께 담습니다. 합성 향료 대신 원료 본연의 향을 살렸고, 그래서 제품마다 향이 조금씩 다릅니다.

쌀겨 브라이트닝 미스트은 미백 고민을 겪는 분들을 위해 만들었습니다. 복합성을 기준으로 배합했고, 100ml 용량으로 담았습니다. 여러 차례의 사용성 평가를 거쳐 제형을 확정했습니다.

## 주요 성분
쌀겨 추출물과 미세 분말이 묵은 각질을 부드럽게 녹입니다. 알갱이로 문지르는 방식이 아니라 녹여내는 방식이라 마찰이 적습니다.

전성분: 부틸렌글라이콜, 트로메타민, 잔탄검, 에틸헥실글리세린, 소듐하이알루로네이트, 카보머, 쌀겨 추출물, 향료

## 이런 분께 권합니다
복합성이신 분, 미백 때문에 오래 고민하신 분께 권합니다. 기초 단계를 줄이고 싶은 분께 적합합니다.

## 사용법
필요할 때마다 얼굴에서 20cm 정도 떨어뜨려 분사합니다. 메이크업 위에도 사용할 수 있습니다.

## 주의사항
각질 관리 성분이 함유되어 있습니다. 민감성 피부 및 상처가 있는 부위에는 사용하지 마세요. 사용 빈도는 주 2회를 넘기지 않는 것을 권합니다.
화장품 사용 시 또는 사용 후 직사광선에 의하여 사용 부위가 붉은 반점, 부어오름 또는 가려움증 등의 이상 증상이나 부작용이 있는 경우 전문의 등과 상담할 것.
상처가 있는 부위 등에는 사용을 자제할 것.
보관 및 취급 시의 주의사항 — 어린이의 손이 닿지 않는 곳에 보관할 것. 직사광선을 피해서 보관할 것.

## 사용성 평가
자체 진행한 사용성 평가 결과입니다. 시험 대상자 21명, 2주간 1일 2회 사용 조건입니다.

- 사용 직후 수분량 41% 증가 (기기 측정)
- 2주 후 피부 거칠기 13% 개선
- 사용자의 75%가 「다시 구매할 의향이 있다」고 응답
- 시험 기간 중 이상 반응을 보고한 대상자 없음

본 결과는 개인에 따라 다를 수 있으며 질병의 예방이나 치료를 위한 것이 아닙니다.

## 인증 및 시험
- 피부 자극 테스트 완료 (국내 임상시험 기관)
- 알레르기 유발 성분 26종 무첨가
- 동물 실험을 하지 않았습니다
- 환경을 생각한 재활용 가능 용기를 사용했습니다
- 화장품 책임판매업 등록 필증 보유

## 자주 묻는 질문
Q. 다른 제품과 같이 써도 되나요?
A. 기초 단계 순서만 지켜 주시면 함께 사용하셔도 괜찮습니다. 묽은 것부터 되직한 것 순으로 발라 주세요.

Q. 아침에도 쓸 수 있나요?
A. 네, 아침저녁 모두 사용하실 수 있습니다. 다만 아침에 사용하실 때는 자외선 차단제를 반드시 함께 발라 주세요.

Q. 임신 중에도 사용 가능한가요?
A. 제품 특성상 개인차가 있을 수 있으므로 임신 중이시라면 사용 전에 전문의와 상담하시기를 권해 드립니다.

Q. 유통기한이 어떻게 되나요?
A. 제조일로부터 30개월이며, 개봉 후에는 12개월 이내에 사용하시는 것을 권장합니다. 용기 하단에서 제조일자를 확인하실 수 있습니다.

Q. 용기가 펌프인가요?
A. 위생과 산화를 고려해 펌프 형태로 제작했습니다. 마지막까지 쓰실 수 있도록 용기 안쪽을 비스듬히 설계했습니다.

Q. 남성이 써도 되나요?
A. 성별과 무관하게 사용하실 수 있습니다. 면도 직후에는 자극이 있을 수 있으니 시간을 두고 사용해 주세요.

## 배송 및 교환
평일 오후 2시 이전 결제 건은 당일 출고됩니다. 도서·산간 지역은 배송이 하루 이틀 더 걸릴 수 있습니다.
단순 변심에 의한 교환 및 반품은 수령일로부터 7일 이내에 가능하며 왕복 배송비가 부과됩니다.
개봉하였거나 사용한 흔적이 있는 상품은 교환 및 반품이 어렵습니다.
상품에 하자가 있는 경우에는 배송비 부담 없이 교환해 드립니다."
P078,"## 제품 소개
허브노트는 허브의 향과 성질을 함께 담습니다. 합성 향료 대신 원료 본연의 향을 살렸고, 그래서 제품마다 향이 조금씩 다릅니다.

병풀 브라이트닝 로션은 미백 고민을 겪는 분들을 위해 만들었습니다. 모든 피부을 기준으로 배합했고, 100ml 용량으로 담았습니다. 출시 전 3개월간 자체 모니터링을 진행했습니다.

## 주요 성분
병풀 추출물은 예민해진 피부를 진정시키는 데 쓰입니다. 마데카소사이드를 포함한 네 가지 지표 성분을 함께 담았습니다.

전성분: 카보머, 판테놀, 카프릴릴글라이콜, 소듐하이알루로네이트, 에틸헥실글리세린, 트로메타민, 글리세린, 다이소듐이디티에이, 알란토인, 정제수, 베타인, 잔탄검, 병풀 추출물, 향료

## 이런 분께 권합니다
모든 피부이신 분, 미백 때문에 오래 고민하신 분께 권합니다. 환절기마다 컨디션이 흔들리는 분께도 잘 맞습니다.

## 사용법
가벼운 마무리가 필요할 때 크림 대신 사용합니다. 아침에는 로션, 저녁에는 크림으로 나누어 쓰셔도 좋습니다.

## 주의사항
화장품 사용 시 또는 사용 후 직사광선에 의하여 사용 부위가 붉은 반점, 부어오름 또는 가려움증 등의 이상 증상이나 부작용이 있는 경우 전문의 등과 상담할 것.
상처가 있는 부위 등에는 사용을 자제할 것.
보관 및 취급 시의 주의사항 — 어린이의 손이 닿지 않는 곳에 보관할 것. 직사광선을 피해서 보관할 것.

## 인증 및 시험
- 피부 자극 테스트 완료 (국내 임상시험 기관)
- 알레르기 유발 성분 21종 무첨가
- 동물 실험을 하지 않았습니다
- 환경을 생각한 재활용 가능 용기를 사용했습니다
- 화장품 책임판매업 등록 필증 보유

## 배송 및 교환
평일 오후 2시 이전 결제 건은 당일 출고됩니다. 도서·산간 지역은 배송이 하루 이틀 더 걸릴 수 있습니다.
단순 변심에 의한 교환 및 반품은 수령일로부터 7일 이내에 가능하며 왕복 배송비가 부과됩니다.
개봉하였거나 사용한 흔적이 있는 상품은 교환 및 반품이 어렵습니다.
상품에 하자가 있는 경우에는 배송비 부담 없이 교환해 드립니다."
P079,"## 제품 소개
모이스트랩은 수분에 집중합니다. 겉만 촉촉한 것과 속까지 채우는 것은 다르다는 것을 여러 실험으로 확인했고, 그 차이를 제형에 담았습니다.

판테놀 트러블 앰플은 트러블 고민을 겪는 분들을 위해 만들었습니다. 복합성을 기준으로 배합했고, 30ml 용량으로 담았습니다. 출시 전 3개월간 자체 모니터링을 진행했습니다.

## 주요 성분
판테놀은 프로비타민B5라고도 불리며, 붉게 달아오른 피부를 달래는 데 씁니다. 자극이 적어 예민한 시기에도 쓸 수 있는 편입니다.

전성분: 부틸렌글라이콜, 에틸헥실글리세린, 판테놀, 소듐하이알루로네이트, 알란토인, 잔탄검, 트로메타민, 판테놀 추출물, 향료

## 이런 분께 권합니다
복합성이신 분, 트러블 때문에 오래 고민하신 분께 권합니다. 기초 단계를 줄이고 싶은 분께 적합합니다.

## 사용법
집중 관리가 필요할 때 세럼 대신 또는 세럼 다음에 사용합니다. 매일 써도 되지만 주 2~3회 집중 사용도 좋습니다.

## 주의사항
화장품 사용 시 또는 사용 후 직사광선에 의하여 사용 부위가 붉은 반점, 부어오름 또는 가려움증 등의 이상 증상이나 부작용이 있는 경우 전문의 등과 상담할 것.
상처가 있는 부위 등에는 사용을 자제할 것.
보관 및 취급 시의 주의사항 — 어린이의 손이 닿지 않는 곳에 보관할 것. 직사광선을 피해서 보관할 것.

## 인증 및 시험
- 피부 자극 테스트 완료 (국내 임상시험 기관)
- 알레르기 유발 성분 26종 무첨가
- 동물 실험을 하지 않았습니다
- 환경을 생각한 재활용 가능 용기를 사용했습니다
- 화장품 책임판매업 등록 필증 보유

## 자주 묻는 질문
Q. 아침에도 쓸 수 있나요?
A. 네, 아침저녁 모두 사용하실 수 있습니다. 다만 아침에 사용하실 때는 자외선 차단제를 반드시 함께 발라 주세요.

Q. 샘플을 받아볼 수 있나요?
A. 고객센터로 문의해 주시면 재고 상황에 따라 안내해 드리고 있습니다.

Q. 피부가 따가운데 계속 써도 되나요?
A. 사용을 중단하시고 상태를 지켜봐 주세요. 증상이 이어지면 전문의와 상담하시기 바랍니다.

Q. 유통기한이 어떻게 되나요?
A. 제조일로부터 30개월이며, 개봉 후에는 12개월 이내에 사용하시는 것을 권장합니다. 용기 하단에서 제조일자를 확인하실 수 있습니다.

Q. 용기가 펌프인가요?
A. 위생과 산화를 고려해 펌프 형태로 제작했습니다. 마지막까지 쓰실 수 있도록 용기 안쪽을 비스듬히 설계했습니다.

Q. 임신 중에도 사용 가능한가요?
A. 제품 특성상 개인차가 있을 수 있으므로 임신 중이시라면 사용 전에 전문의와 상담하시기를 권해 드립니다.

Q. 다른 제품과 같이 써도 되나요?
A. 기초 단계 순서만 지켜 주시면 함께 사용하셔도 괜찮습니다. 묽은 것부터 되직한 것 순으로 발라 주세요.

## 배송 및 교환
평일 오후 2시 이전 결제 건은 당일 출고됩니다. 도서·산간 지역은 배송이 하루 이틀 더 걸릴 수 있습니다.
단순 변심에 의한 교환 및 반품은 수령일로부터 7일 이내에 가능하며 왕복 배송비가 부과됩니다.
개봉하였거나 사용한 흔적이 있는 상품은 교환 및 반품이 어렵습니다.
상품에 하자가 있는 경우에는 배송비 부담 없이 교환해 드립니다."
P080,"## 제품 소개
포레스트힐은 언덕 위 작은 농장에서 시작했습니다. 직접 기른 원료로 만들던 방식을 지금도 이어가고 있으며, 생산량이 적어 품절이 잦은 점 양해 부탁드립니다.

레티놀 탄력 아이크림은 탄력 고민을 겪는 분들을 위해 만들었습니다. 모든 피부을 기준으로 배합했고, 30ml 용량으로 담았습니다. 성분 하나를 넣고 빼는 데 오래 고민했습니다.

## 주요 성분
레티놀은 잔주름 관리에 쓰이는 대표적인 성분입니다. 다만 처음 쓰면 각질이 일거나 따가울 수 있어, 이 제품은 저농도로 시작하도록 설계했습니다.

전성분: 판테놀, 다이소듐이디티에이, 트로메타민, 글리세린, 알란토인, 에틸헥실글리세린, 1,2-헥산다이올, 정제수, 카보머, 레티놀 추출물, 향료

## 이런 분께 권합니다
모든 피부이신 분, 탄력 때문에 오래 고민하신 분께 권합니다. 환절기마다 컨디션이 흔들리는 분께도 잘 맞습니다.

## 사용법
기초 마지막 단계에 눈가에 사용합니다. 약지로 톡톡 두드려 흡수시켜 주세요. 눈에 직접 닿지 않도록 주의합니다.

## 주의사항
레티놀 성분이 함유되어 있습니다. 민감성 피부는 사용을 권하지 않으며, 처음 사용하시는 분은 주 1~2회 저녁에만 소량으로 시작해 주세요. 임산부 및 수유부는 사용 전 전문의와 상담하시기 바랍니다. 사용 중 자외선 차단제를 반드시 함께 사용해 주세요.
화장품 사용 시 또는 사용 후 직사광선에 의하여 사용 부위가 붉은 반점, 부어오름 또는 가려움증 등의 이상 증상이나 부작용이 있는 경우 전문의 등과 상담할 것.
상처가 있는 부위 등에는 사용을 자제할 것.
보관 및 취급 시의 주의사항 — 어린이의 손이 닿지 않는 곳에 보관할 것. 직사광선을 피해서 보관할 것.

## 인증 및 시험
- 피부 자극 테스트 완료 (국내 임상시험 기관)
- 알레르기 유발 성분 20종 무첨가
- 동물 실험을 하지 않았습니다
- 환경을 생각한 재활용 가능 용기를 사용했습니다
- 화장품 책임판매업 등록 필증 보유

## 배송 및 교환
평일 오후 2시 이전 결제 건은 당일 출고됩니다. 도서·산간 지역은 배송이 하루 이틀 더 걸릴 수 있습니다.
단순 변심에 의한 교환 및 반품은 수령일로부터 7일 이내에 가능하며 왕복 배송비가 부과됩니다.
개봉하였거나 사용한 흔적이 있는 상품은 교환 및 반품이 어렵습니다.
상품에 하자가 있는 경우에는 배송비 부담 없이 교환해 드립니다."
P081,"## 제품 소개
물빛연구소는 물의 결을 닮은 제형을 연구합니다. 무겁게 덮는 대신 스미게 하는 것, 그 한 가지를 위해 십수 년간 배합비를 고쳐 왔습니다. 오늘도 실험실의 불은 늦게까지 켜져 있습니다.

판테놀 탄력 크림은 탄력 고민을 겪는 분들을 위해 만들었습니다. 건성을 기준으로 배합했고, 50ml 용량으로 담았습니다. 여러 차례의 사용성 평가를 거쳐 제형을 확정했습니다.

## 주요 성분
판테놀은 프로비타민B5라고도 불리며, 붉게 달아오른 피부를 달래는 데 씁니다. 자극이 적어 예민한 시기에도 쓸 수 있는 편입니다.

전성분: 베타인, 1,2-헥산다이올, 카프릴릴글라이콜, 알란토인, 정제수, 글리세린, 판테놀 추출물, 향료

## 이런 분께 권합니다
건성이신 분, 탄력 때문에 오래 고민하신 분께 권합니다. 기초 단계를 줄이고 싶은 분께 적합합니다.

## 사용법
기초 단계의 마지막에 사용합니다. 적당량을 덜어 얼굴 안쪽에서 바깥쪽으로 펴 발라 주세요.

## 주의사항
화장품 사용 시 또는 사용 후 직사광선에 의하여 사용 부위가 붉은 반점, 부어오름 또는 가려움증 등의 이상 증상이나 부작용이 있는 경우 전문의 등과 상담할 것.
상처가 있는 부위 등에는 사용을 자제할 것.
보관 및 취급 시의 주의사항 — 어린이의 손이 닿지 않는 곳에 보관할 것. 직사광선을 피해서 보관할 것.

## 구매하신 분들의 이야기
구매하신 분들이 자주 남겨주신 이야기를 정리했습니다.

가장 많이 언급된 표현은 「촉촉하다」와 「가성비가 좋다」였습니다. 특히 봄가을 환절철에 만족도가 높다는 의견이 많았고,
제형이 꾸덕한 편이라 이 점을 좋아하시는 분과 아쉬워하시는 분이 나뉘었습니다.
향에 대해서는 인공적이지 않다라는 점을 장점으로 꼽아 주신 분이 많았습니다.
재구매 의사를 밝혀 주신 분의 비율이 높은 편이며, 용량 대비 가격에 대한 의견은 엇갈립니다.

## 자주 묻는 질문
Q. 다른 제품과 같이 써도 되나요?
A. 기초 단계 순서만 지켜 주시면 함께 사용하셔도 괜찮습니다. 묽은 것부터 되직한 것 순으로 발라 주세요.

Q. 샘플을 받아볼 수 있나요?
A. 고객센터로 문의해 주시면 재고 상황에 따라 안내해 드리고 있습니다.

## 배송 및 교환
평일 오후 2시 이전 결제 건은 당일 출고됩니다. 도서·산간 지역은 배송이 하루 이틀 더 걸릴 수 있습니다.
단순 변심에 의한 교환 및 반품은 수령일로부터 7일 이내에 가능하며 왕복 배송비가 부과됩니다.
개봉하였거나 사용한 흔적이 있는 상품은 교환 및 반품이 어렵습니다.
상품에 하자가 있는 경우에는 배송비 부담 없이 교환해 드립니다."
P082,"## 제품 소개
녹차 브라이트닝 선크림은 미백 고민을 겪는 분들을 위해 만들었습니다. 건성을 기준으로 배합했고, 50ml 용량으로 담았습니다. 출시 전 3개월간 자체 모니터링을 진행했습니다.

## 주요 성분
녹차 추출물은 산뜻하게 정돈하는 느낌을 줍니다. 국내 재배 녹차를 첫물로 수확해 사용했습니다.

전성분: 카보머, 1,2-헥산다이올, 카프릴릴글라이콜, 트로메타민, 판테놀, 정제수, 에틸헥실글리세린, 녹차 추출물, 향료

## 사용법
기초 마지막 단계에 사용합니다. 외출 20분 전에 충분한 양을 바르고, 야외 활동 시에는 2~3시간마다 덧발라 주세요.

## 주의사항
화장품 사용 시 또는 사용 후 직사광선에 의하여 사용 부위가 붉은 반점, 부어오름 또는 가려움증 등의 이상 증상이나 부작용이 있는 경우 전문의 등과 상담할 것.
상처가 있는 부위 등에는 사용을 자제할 것.
보관 및 취급 시의 주의사항 — 어린이의 손이 닿지 않는 곳에 보관할 것. 직사광선을 피해서 보관할 것.

## 사용성 평가
자체 진행한 사용성 평가 결과입니다. 시험 대상자 21명, 8주간 1일 2회 사용 조건입니다.

- 사용 직후 수분량 22% 증가 (기기 측정)
- 8주 후 피부 거칠기 11% 개선
- 사용자의 86%가 「다시 구매할 의향이 있다」고 응답
- 시험 기간 중 이상 반응을 보고한 대상자 없음

본 결과는 개인에 따라 다를 수 있으며 질병의 예방이나 치료를 위한 것이 아닙니다.

## 구매하신 분들의 이야기
구매하신 분들이 자주 남겨주신 이야기를 정리했습니다.

가장 많이 언급된 표현은 「자극이 없다」와 「겉돌지 않는다」였습니다. 특히 장마철에 만족도가 높다는 의견이 많았고,
제형이 물처럼 묽은 편이라 이 점을 좋아하시는 분과 아쉬워하시는 분이 나뉘었습니다.
향에 대해서는 은은하다라는 점을 장점으로 꼽아 주신 분이 많았습니다.
재구매 의사를 밝혀 주신 분의 비율이 높은 편이며, 용량 대비 가격에 대한 의견은 엇갈립니다.

## 자주 묻는 질문
Q. 유통기한이 어떻게 되나요?
A. 제조일로부터 30개월이며, 개봉 후에는 12개월 이내에 사용하시는 것을 권장합니다. 용기 하단에서 제조일자를 확인하실 수 있습니다.

Q. 샘플을 받아볼 수 있나요?
A. 고객센터로 문의해 주시면 재고 상황에 따라 안내해 드리고 있습니다.

Q. 아침에도 쓸 수 있나요?
A. 네, 아침저녁 모두 사용하실 수 있습니다. 다만 아침에 사용하실 때는 자외선 차단제를 반드시 함께 발라 주세요.

Q. 용기가 펌프인가요?
A. 위생과 산화를 고려해 펌프 형태로 제작했습니다. 마지막까지 쓰실 수 있도록 용기 안쪽을 비스듬히 설계했습니다.

Q. 피부가 따가운데 계속 써도 되나요?
A. 사용을 중단하시고 상태를 지켜봐 주세요. 증상이 이어지면 전문의와 상담하시기 바랍니다.

Q. 임신 중에도 사용 가능한가요?
A. 제품 특성상 개인차가 있을 수 있으므로 임신 중이시라면 사용 전에 전문의와 상담하시기를 권해 드립니다.

Q. 남성이 써도 되나요?
A. 성별과 무관하게 사용하실 수 있습니다. 면도 직후에는 자극이 있을 수 있으니 시간을 두고 사용해 주세요.

Q. 다른 제품과 같이 써도 되나요?
A. 기초 단계 순서만 지켜 주시면 함께 사용하셔도 괜찮습니다. 묽은 것부터 되직한 것 순으로 발라 주세요.

## 배송 및 교환
평일 오후 2시 이전 결제 건은 당일 출고됩니다. 도서·산간 지역은 배송이 하루 이틀 더 걸릴 수 있습니다.
단순 변심에 의한 교환 및 반품은 수령일로부터 7일 이내에 가능하며 왕복 배송비가 부과됩니다.
개봉하였거나 사용한 흔적이 있는 상품은 교환 및 반품이 어렵습니다.
상품에 하자가 있는 경우에는 배송비 부담 없이 교환해 드립니다."
P083,"## 제품 소개
어성초 탄력 마스크팩은 탄력 고민을 겪는 분들을 위해 만들었습니다. 지성을 기준으로 배합했고, 20매 용량으로 담았습니다. 여러 차례의 사용성 평가를 거쳐 제형을 확정했습니다.

## 주요 성분
어성초는 예로부터 열감을 식히는 데 써온 식물입니다. 이 제품은 잎과 줄기를 저온에서 우려낸 추출물을 정제수 대신 사용했습니다.

전성분: 다이소듐이디티에이, 카보머, 부틸렌글라이콜, 글리세린, 잔탄검, 알란토인, 베타인, 어성초 추출물, 향료

## 이런 분께 권합니다
지성이신 분, 탄력 때문에 오래 고민하신 분께 권합니다. 환절기마다 컨디션이 흔들리는 분께도 잘 맞습니다.

## 사용법
토너로 결을 정리한 뒤 시트를 얼굴에 밀착시켜 15~20분간 둡니다. 떼어낸 뒤 남은 에센스는 두드려 흡수시켜 주세요.

## 주의사항
화장품 사용 시 또는 사용 후 직사광선에 의하여 사용 부위가 붉은 반점, 부어오름 또는 가려움증 등의 이상 증상이나 부작용이 있는 경우 전문의 등과 상담할 것.
상처가 있는 부위 등에는 사용을 자제할 것.
보관 및 취급 시의 주의사항 — 어린이의 손이 닿지 않는 곳에 보관할 것. 직사광선을 피해서 보관할 것.

## 자주 묻는 질문
Q. 유통기한이 어떻게 되나요?
A. 제조일로부터 30개월이며, 개봉 후에는 12개월 이내에 사용하시는 것을 권장합니다. 용기 하단에서 제조일자를 확인하실 수 있습니다.

Q. 남성이 써도 되나요?
A. 성별과 무관하게 사용하실 수 있습니다. 면도 직후에는 자극이 있을 수 있으니 시간을 두고 사용해 주세요.

Q. 아침에도 쓸 수 있나요?
A. 네, 아침저녁 모두 사용하실 수 있습니다. 다만 아침에 사용하실 때는 자외선 차단제를 반드시 함께 발라 주세요.

## 배송 및 교환
평일 오후 2시 이전 결제 건은 당일 출고됩니다. 도서·산간 지역은 배송이 하루 이틀 더 걸릴 수 있습니다.
단순 변심에 의한 교환 및 반품은 수령일로부터 7일 이내에 가능하며 왕복 배송비가 부과됩니다.
개봉하였거나 사용한 흔적이 있는 상품은 교환 및 반품이 어렵습니다.
상품에 하자가 있는 경우에는 배송비 부담 없이 교환해 드립니다."
P084,"## 제품 소개
순수담은 담백한 것을 만듭니다. 향을 넣지 않고 색을 입히지 않으며, 꼭 필요한 것만 담습니다. 처음 써보시는 분도 부담 없이 시작하실 수 있도록 설계했습니다.

나이아신아마이드 수분 토너은 수분 고민을 겪는 분들을 위해 만들었습니다. 복합성을 기준으로 배합했고, 150ml 용량으로 담았습니다. 여러 차례의 사용성 평가를 거쳐 제형을 확정했습니다.

## 주요 성분
나이아신아마이드는 비타민B3 계열 성분으로, 칙칙해 보이는 기를 덜어내는 데 오래 쓰여 왔습니다. 함량을 2%로 잡아 부담을 낮췄습니다.

전성분: 부틸렌글라이콜, 카보머, 판테놀, 카프릴릴글라이콜, 글리세린, 알란토인, 베타인, 정제수, 트로메타민, 소듐하이알루로네이트, 잔탄검, 에틸헥실글리세린, 1,2-헥산다이올, 나이아신아마이드 추출물, 향료

## 이런 분께 권합니다
복합성이신 분, 수분 때문에 오래 고민하신 분께 권합니다. 처음 쓰시는 분도 부담 없이 시작하실 수 있습니다.

## 사용법
세안 후 가장 먼저 사용합니다. 화장솜에 적셔 결을 따라 부드럽게 닦아내거나, 손바닥에 덜어 얼굴 전체에 두드려 흡수시켜 주세요.

## 주의사항
화장품 사용 시 또는 사용 후 직사광선에 의하여 사용 부위가 붉은 반점, 부어오름 또는 가려움증 등의 이상 증상이나 부작용이 있는 경우 전문의 등과 상담할 것.
상처가 있는 부위 등에는 사용을 자제할 것.
보관 및 취급 시의 주의사항 — 어린이의 손이 닿지 않는 곳에 보관할 것. 직사광선을 피해서 보관할 것.

## 사용성 평가
자체 진행한 사용성 평가 결과입니다. 시험 대상자 31명, 4주간 1일 2회 사용 조건입니다.

- 사용 직후 수분량 28% 증가 (기기 측정)
- 4주 후 피부 거칠기 9% 개선
- 사용자의 96%가 「다시 구매할 의향이 있다」고 응답
- 시험 기간 중 이상 반응을 보고한 대상자 없음

본 결과는 개인에 따라 다를 수 있으며 질병의 예방이나 치료를 위한 것이 아닙니다.

## 인증 및 시험
- 피부 자극 테스트 완료 (국내 임상시험 기관)
- 알레르기 유발 성분 20종 무첨가
- 동물 실험을 하지 않았습니다
- 환경을 생각한 재활용 가능 용기를 사용했습니다
- 화장품 책임판매업 등록 필증 보유

## 배송 및 교환
평일 오후 2시 이전 결제 건은 당일 출고됩니다. 도서·산간 지역은 배송이 하루 이틀 더 걸릴 수 있습니다.
단순 변심에 의한 교환 및 반품은 수령일로부터 7일 이내에 가능하며 왕복 배송비가 부과됩니다.
개봉하였거나 사용한 흔적이 있는 상품은 교환 및 반품이 어렵습니다.
상품에 하자가 있는 경우에는 배송비 부담 없이 교환해 드립니다."
P085,"## 제품 소개
피부일기는 매일의 기록에서 출발했습니다. 하루하루 달라지는 피부 상태를 오래 관찰하며, 계절과 컨디션에 따라 달리 쓸 수 있는 제품을 만들어 왔습니다.

레티놀 탄력 세럼은 탄력 고민을 겪는 분들을 위해 만들었습니다. 모든 피부을 기준으로 배합했고, 50ml 용량으로 담았습니다. 성분 하나를 넣고 빼는 데 오래 고민했습니다.

## 주요 성분
레티놀은 잔주름 관리에 쓰이는 대표적인 성분입니다. 다만 처음 쓰면 각질이 일거나 따가울 수 있어, 이 제품은 저농도로 시작하도록 설계했습니다.

전성분: 알란토인, 판테놀, 1,2-헥산다이올, 글리세린, 베타인, 부틸렌글라이콜, 레티놀 추출물, 향료

## 이런 분께 권합니다
모든 피부이신 분, 탄력 때문에 오래 고민하신 분께 권합니다. 환절기마다 컨디션이 흔들리는 분께도 잘 맞습니다.

## 사용법
에센스 다음 단계에서 사용합니다. 건조한 부위에는 한 번 더 덧발라 주세요.

## 주의사항
레티놀 성분이 함유되어 있습니다. 민감성 피부는 사용을 권하지 않으며, 처음 사용하시는 분은 주 1~2회 저녁에만 소량으로 시작해 주세요. 임산부 및 수유부는 사용 전 전문의와 상담하시기 바랍니다. 사용 중 자외선 차단제를 반드시 함께 사용해 주세요.
화장품 사용 시 또는 사용 후 직사광선에 의하여 사용 부위가 붉은 반점, 부어오름 또는 가려움증 등의 이상 증상이나 부작용이 있는 경우 전문의 등과 상담할 것.
상처가 있는 부위 등에는 사용을 자제할 것.
보관 및 취급 시의 주의사항 — 어린이의 손이 닿지 않는 곳에 보관할 것. 직사광선을 피해서 보관할 것.

## 인증 및 시험
- 피부 자극 테스트 완료 (국내 임상시험 기관)
- 알레르기 유발 성분 21종 무첨가
- 동물 실험을 하지 않았습니다
- 환경을 생각한 재활용 가능 용기를 사용했습니다
- 화장품 책임판매업 등록 필증 보유

## 배송 및 교환
평일 오후 2시 이전 결제 건은 당일 출고됩니다. 도서·산간 지역은 배송이 하루 이틀 더 걸릴 수 있습니다.
단순 변심에 의한 교환 및 반품은 수령일로부터 7일 이내에 가능하며 왕복 배송비가 부과됩니다.
개봉하였거나 사용한 흔적이 있는 상품은 교환 및 반품이 어렵습니다.
상품에 하자가 있는 경우에는 배송비 부담 없이 교환해 드립니다."
P086,"## 제품 소개
그린포레는 숲에서 자란 원료를 씁니다. 국내 청정 지역에서 재배한 식물을 저온에서 추출해 본래의 성질을 지켰습니다. 자연에 가까운 것이 결국 피부에도 가깝다고 믿습니다.

콜라겐 탄력 로션은 탄력 고민을 겪는 분들을 위해 만들었습니다. 민감성을 기준으로 배합했고, 100ml 용량으로 담았습니다. 여러 차례의 사용성 평가를 거쳐 제형을 확정했습니다.

## 주요 성분
콜라겐은 탄력을 채우는 데 쓰이며, 이 제품에는 흡수를 고려해 저분자로 분해한 형태를 넣었습니다.

전성분: 다이소듐이디티에이, 카프릴릴글라이콜, 베타인, 소듐하이알루로네이트, 카보머, 잔탄검, 판테놀, 알란토인, 에틸헥실글리세린, 정제수, 트로메타민, 글리세린, 콜라겐 추출물, 향료

## 이런 분께 권합니다
민감성이신 분, 탄력 때문에 오래 고민하신 분께 권합니다. 기초 단계를 줄이고 싶은 분께 적합합니다.

## 사용법
가벼운 마무리가 필요할 때 크림 대신 사용합니다. 아침에는 로션, 저녁에는 크림으로 나누어 쓰셔도 좋습니다.

## 주의사항
화장품 사용 시 또는 사용 후 직사광선에 의하여 사용 부위가 붉은 반점, 부어오름 또는 가려움증 등의 이상 증상이나 부작용이 있는 경우 전문의 등과 상담할 것.
상처가 있는 부위 등에는 사용을 자제할 것.
보관 및 취급 시의 주의사항 — 어린이의 손이 닿지 않는 곳에 보관할 것. 직사광선을 피해서 보관할 것.

## 인증 및 시험
- 피부 자극 테스트 완료 (국내 임상시험 기관)
- 알레르기 유발 성분 26종 무첨가
- 동물 실험을 하지 않았습니다
- 환경을 생각한 재활용 가능 용기를 사용했습니다
- 화장품 책임판매업 등록 필증 보유

## 구매하신 분들의 이야기
구매하신 분들이 자주 남겨주신 이야기를 정리했습니다.

가장 많이 언급된 표현은 「순하다」와 「겉돌지 않는다」였습니다. 특히 봄가을 환절철에 만족도가 높다는 의견이 많았고,
제형이 물처럼 묽은 편이라 이 점을 좋아하시는 분과 아쉬워하시는 분이 나뉘었습니다.
향에 대해서는 인공적이지 않다라는 점을 장점으로 꼽아 주신 분이 많았습니다.
재구매 의사를 밝혀 주신 분의 비율이 높은 편이며, 용량 대비 가격에 대한 의견은 엇갈립니다.

## 배송 및 교환
평일 오후 2시 이전 결제 건은 당일 출고됩니다. 도서·산간 지역은 배송이 하루 이틀 더 걸릴 수 있습니다.
단순 변심에 의한 교환 및 반품은 수령일로부터 7일 이내에 가능하며 왕복 배송비가 부과됩니다.
개봉하였거나 사용한 흔적이 있는 상품은 교환 및 반품이 어렵습니다.
상품에 하자가 있는 경우에는 배송비 부담 없이 교환해 드립니다."
P087,"## 제품 소개
청담수는 맑은 물처럼 투명한 제품을 지향합니다. 무엇이 들어갔는지 숨기지 않고 전 성분을 함량 순으로 공개합니다. 신뢰는 정보에서 나온다고 봅니다.

병풀 시카 선크림은 진정 고민을 겪는 분들을 위해 만들었습니다. 모든 피부을 기준으로 배합했고, 50ml 용량으로 담았습니다. 성분 하나를 넣고 빼는 데 오래 고민했습니다.

## 주요 성분
병풀 추출물은 예민해진 피부를 진정시키는 데 쓰입니다. 마데카소사이드를 포함한 네 가지 지표 성분을 함께 담았습니다.

전성분: 1,2-헥산다이올, 에틸헥실글리세린, 알란토인, 카보머, 베타인, 소듐하이알루로네이트, 판테놀, 정제수, 트로메타민, 다이소듐이디티에이, 병풀 추출물, 향료

## 사용법
기초 마지막 단계에 사용합니다. 외출 20분 전에 충분한 양을 바르고, 야외 활동 시에는 2~3시간마다 덧발라 주세요.

## 주의사항
화장품 사용 시 또는 사용 후 직사광선에 의하여 사용 부위가 붉은 반점, 부어오름 또는 가려움증 등의 이상 증상이나 부작용이 있는 경우 전문의 등과 상담할 것.
상처가 있는 부위 등에는 사용을 자제할 것.
보관 및 취급 시의 주의사항 — 어린이의 손이 닿지 않는 곳에 보관할 것. 직사광선을 피해서 보관할 것.

## 사용성 평가
자체 진행한 사용성 평가 결과입니다. 시험 대상자 25명, 6주간 1일 2회 사용 조건입니다.

- 사용 직후 수분량 32% 증가 (기기 측정)
- 6주 후 피부 거칠기 33% 개선
- 사용자의 73%가 「다시 구매할 의향이 있다」고 응답
- 시험 기간 중 이상 반응을 보고한 대상자 없음

본 결과는 개인에 따라 다를 수 있으며 질병의 예방이나 치료를 위한 것이 아닙니다.

## 구매하신 분들의 이야기
구매하신 분들이 자주 남겨주신 이야기를 정리했습니다.

가장 많이 언급된 표현은 「부담 없다」와 「가성비가 좋다」였습니다. 특히 겨울철에 만족도가 높다는 의견이 많았고,
제형이 젤 같은 편이라 이 점을 좋아하시는 분과 아쉬워하시는 분이 나뉘었습니다.
향에 대해서는 은은하다라는 점을 장점으로 꼽아 주신 분이 많았습니다.
재구매 의사를 밝혀 주신 분의 비율이 높은 편이며, 용량 대비 가격에 대한 의견은 엇갈립니다.

## 자주 묻는 질문
Q. 용기가 펌프인가요?
A. 위생과 산화를 고려해 펌프 형태로 제작했습니다. 마지막까지 쓰실 수 있도록 용기 안쪽을 비스듬히 설계했습니다.

Q. 임신 중에도 사용 가능한가요?
A. 제품 특성상 개인차가 있을 수 있으므로 임신 중이시라면 사용 전에 전문의와 상담하시기를 권해 드립니다.

Q. 유통기한이 어떻게 되나요?
A. 제조일로부터 30개월이며, 개봉 후에는 12개월 이내에 사용하시는 것을 권장합니다. 용기 하단에서 제조일자를 확인하실 수 있습니다.

Q. 다른 제품과 같이 써도 되나요?
A. 기초 단계 순서만 지켜 주시면 함께 사용하셔도 괜찮습니다. 묽은 것부터 되직한 것 순으로 발라 주세요.

Q. 피부가 따가운데 계속 써도 되나요?
A. 사용을 중단하시고 상태를 지켜봐 주세요. 증상이 이어지면 전문의와 상담하시기 바랍니다.

Q. 아침에도 쓸 수 있나요?
A. 네, 아침저녁 모두 사용하실 수 있습니다. 다만 아침에 사용하실 때는 자외선 차단제를 반드시 함께 발라 주세요.

Q. 샘플을 받아볼 수 있나요?
A. 고객센터로 문의해 주시면 재고 상황에 따라 안내해 드리고 있습니다.

Q. 남성이 써도 되나요?
A. 성별과 무관하게 사용하실 수 있습니다. 면도 직후에는 자극이 있을 수 있으니 시간을 두고 사용해 주세요.

## 배송 및 교환
평일 오후 2시 이전 결제 건은 당일 출고됩니다. 도서·산간 지역은 배송이 하루 이틀 더 걸릴 수 있습니다.
단순 변심에 의한 교환 및 반품은 수령일로부터 7일 이내에 가능하며 왕복 배송비가 부과됩니다.
개봉하였거나 사용한 흔적이 있는 상품은 교환 및 반품이 어렵습니다.
상품에 하자가 있는 경우에는 배송비 부담 없이 교환해 드립니다."
P088,"## 제품 소개
피부일기는 매일의 기록에서 출발했습니다. 하루하루 달라지는 피부 상태를 오래 관찰하며, 계절과 컨디션에 따라 달리 쓸 수 있는 제품을 만들어 왔습니다.

어성초 수분 미스트은 수분 고민을 겪는 분들을 위해 만들었습니다. 복합성을 기준으로 배합했고, 120ml 용량으로 담았습니다. 출시 전 3개월간 자체 모니터링을 진행했습니다.

## 주요 성분
어성초는 예로부터 열감을 식히는 데 써온 식물입니다. 이 제품은 잎과 줄기를 저온에서 우려낸 추출물을 정제수 대신 사용했습니다.

전성분: 1,2-헥산다이올, 잔탄검, 카프릴릴글라이콜, 글리세린, 알란토인, 부틸렌글라이콜, 정제수, 다이소듐이디티에이, 어성초 추출물, 향료

## 이런 분께 권합니다
복합성이신 분, 수분 때문에 오래 고민하신 분께 권합니다. 환절기마다 컨디션이 흔들리는 분께도 잘 맞습니다.

## 사용법
필요할 때마다 얼굴에서 20cm 정도 떨어뜨려 분사합니다. 메이크업 위에도 사용할 수 있습니다.

## 주의사항
화장품 사용 시 또는 사용 후 직사광선에 의하여 사용 부위가 붉은 반점, 부어오름 또는 가려움증 등의 이상 증상이나 부작용이 있는 경우 전문의 등과 상담할 것.
상처가 있는 부위 등에는 사용을 자제할 것.
보관 및 취급 시의 주의사항 — 어린이의 손이 닿지 않는 곳에 보관할 것. 직사광선을 피해서 보관할 것.

## 구매하신 분들의 이야기
구매하신 분들이 자주 남겨주신 이야기를 정리했습니다.

가장 많이 언급된 표현은 「촉촉하다」와 「겉돌지 않는다」였습니다. 특히 장마철에 만족도가 높다는 의견이 많았고,
제형이 물처럼 묽은 편이라 이 점을 좋아하시는 분과 아쉬워하시는 분이 나뉘었습니다.
향에 대해서는 인공적이지 않다라는 점을 장점으로 꼽아 주신 분이 많았습니다.
재구매 의사를 밝혀 주신 분의 비율이 높은 편이며, 용량 대비 가격에 대한 의견은 엇갈립니다.

## 배송 및 교환
평일 오후 2시 이전 결제 건은 당일 출고됩니다. 도서·산간 지역은 배송이 하루 이틀 더 걸릴 수 있습니다.
단순 변심에 의한 교환 및 반품은 수령일로부터 7일 이내에 가능하며 왕복 배송비가 부과됩니다.
개봉하였거나 사용한 흔적이 있는 상품은 교환 및 반품이 어렵습니다.
상품에 하자가 있는 경우에는 배송비 부담 없이 교환해 드립니다."
P089,"## 제품 소개
비타민C 링클 선크림은 주름 고민을 겪는 분들을 위해 만들었습니다. 민감성을 기준으로 배합했고, 60ml 용량으로 담았습니다. 여러 차례의 사용성 평가를 거쳐 제형을 확정했습니다.

## 주요 성분
비타민C는 맑은 결을 만드는 데 널리 쓰이지만 공기와 빛에 약합니다. 이 제품은 안정화된 유도체를 사용했고 불투명 용기에 담았습니다.

전성분: 소듐하이알루로네이트, 1,2-헥산다이올, 잔탄검, 다이소듐이디티에이, 카프릴릴글라이콜, 알란토인, 판테놀, 카보머, 비타민C 추출물, 향료

## 이런 분께 권합니다
민감성이신 분, 주름 때문에 오래 고민하신 분께 권합니다. 처음 쓰시는 분도 부담 없이 시작하실 수 있습니다.

## 사용법
기초 마지막 단계에 사용합니다. 외출 20분 전에 충분한 양을 바르고, 야외 활동 시에는 2~3시간마다 덧발라 주세요.

## 주의사항
고농도 비타민C 유도체가 함유되어 있습니다. 민감성 피부에는 따가움이 느껴질 수 있으므로 사용을 권하지 않습니다. 개봉 후에는 색이 변할 수 있으니 3개월 이내에 사용해 주세요.
화장품 사용 시 또는 사용 후 직사광선에 의하여 사용 부위가 붉은 반점, 부어오름 또는 가려움증 등의 이상 증상이나 부작용이 있는 경우 전문의 등과 상담할 것.
상처가 있는 부위 등에는 사용을 자제할 것.
보관 및 취급 시의 주의사항 — 어린이의 손이 닿지 않는 곳에 보관할 것. 직사광선을 피해서 보관할 것.

## 인증 및 시험
- 피부 자극 테스트 완료 (국내 임상시험 기관)
- 알레르기 유발 성분 21종 무첨가
- 동물 실험을 하지 않았습니다
- 환경을 생각한 재활용 가능 용기를 사용했습니다
- 화장품 책임판매업 등록 필증 보유

## 자주 묻는 질문
Q. 임신 중에도 사용 가능한가요?
A. 제품 특성상 개인차가 있을 수 있으므로 임신 중이시라면 사용 전에 전문의와 상담하시기를 권해 드립니다.

Q. 아침에도 쓸 수 있나요?
A. 네, 아침저녁 모두 사용하실 수 있습니다. 다만 아침에 사용하실 때는 자외선 차단제를 반드시 함께 발라 주세요.

Q. 피부가 따가운데 계속 써도 되나요?
A. 사용을 중단하시고 상태를 지켜봐 주세요. 증상이 이어지면 전문의와 상담하시기 바랍니다.

Q. 남성이 써도 되나요?
A. 성별과 무관하게 사용하실 수 있습니다. 면도 직후에는 자극이 있을 수 있으니 시간을 두고 사용해 주세요.

Q. 다른 제품과 같이 써도 되나요?
A. 기초 단계 순서만 지켜 주시면 함께 사용하셔도 괜찮습니다. 묽은 것부터 되직한 것 순으로 발라 주세요.

Q. 용기가 펌프인가요?
A. 위생과 산화를 고려해 펌프 형태로 제작했습니다. 마지막까지 쓰실 수 있도록 용기 안쪽을 비스듬히 설계했습니다.

## 배송 및 교환
평일 오후 2시 이전 결제 건은 당일 출고됩니다. 도서·산간 지역은 배송이 하루 이틀 더 걸릴 수 있습니다.
단순 변심에 의한 교환 및 반품은 수령일로부터 7일 이내에 가능하며 왕복 배송비가 부과됩니다.
개봉하였거나 사용한 흔적이 있는 상품은 교환 및 반품이 어렵습니다.
상품에 하자가 있는 경우에는 배송비 부담 없이 교환해 드립니다."
P090,"## 제품 소개
콜라겐 트러블 미스트은 트러블 고민을 겪는 분들을 위해 만들었습니다. 모든 피부을 기준으로 배합했고, 120ml 용량으로 담았습니다. 여러 차례의 사용성 평가를 거쳐 제형을 확정했습니다.

## 주요 성분
콜라겐은 탄력을 채우는 데 쓰이며, 이 제품에는 흡수를 고려해 저분자로 분해한 형태를 넣었습니다.

전성분: 알란토인, 트로메타민, 잔탄검, 정제수, 카보머, 1,2-헥산다이올, 베타인, 콜라겐 추출물, 향료

## 이런 분께 권합니다
모든 피부이신 분, 트러블 때문에 오래 고민하신 분께 권합니다. 환절기마다 컨디션이 흔들리는 분께도 잘 맞습니다.

## 사용법
필요할 때마다 얼굴에서 20cm 정도 떨어뜨려 분사합니다. 메이크업 위에도 사용할 수 있습니다.

## 주의사항
화장품 사용 시 또는 사용 후 직사광선에 의하여 사용 부위가 붉은 반점, 부어오름 또는 가려움증 등의 이상 증상이나 부작용이 있는 경우 전문의 등과 상담할 것.
상처가 있는 부위 등에는 사용을 자제할 것.
보관 및 취급 시의 주의사항 — 어린이의 손이 닿지 않는 곳에 보관할 것. 직사광선을 피해서 보관할 것.

## 인증 및 시험
- 피부 자극 테스트 완료 (국내 임상시험 기관)
- 알레르기 유발 성분 26종 무첨가
- 동물 실험을 하지 않았습니다
- 환경을 생각한 재활용 가능 용기를 사용했습니다
- 화장품 책임판매업 등록 필증 보유

## 배송 및 교환
평일 오후 2시 이전 결제 건은 당일 출고됩니다. 도서·산간 지역은 배송이 하루 이틀 더 걸릴 수 있습니다.
단순 변심에 의한 교환 및 반품은 수령일로부터 7일 이내에 가능하며 왕복 배송비가 부과됩니다.
개봉하였거나 사용한 흔적이 있는 상품은 교환 및 반품이 어렵습니다.
상품에 하자가 있는 경우에는 배송비 부담 없이 교환해 드립니다."
P091,"## 제품 소개
쌀겨 트러블 마스크팩은 트러블 고민을 겪는 분들을 위해 만들었습니다. 지성을 기준으로 배합했고, 30매 용량으로 담았습니다. 출시 전 3개월간 자체 모니터링을 진행했습니다.

## 주요 성분
쌀겨 추출물과 미세 분말이 묵은 각질을 부드럽게 녹입니다. 알갱이로 문지르는 방식이 아니라 녹여내는 방식이라 마찰이 적습니다.

전성분: 정제수, 부틸렌글라이콜, 알란토인, 카프릴릴글라이콜, 에틸헥실글리세린, 1,2-헥산다이올, 글리세린, 쌀겨 추출물, 향료

## 이런 분께 권합니다
지성이신 분, 트러블 때문에 오래 고민하신 분께 권합니다. 환절기마다 컨디션이 흔들리는 분께도 잘 맞습니다.

## 사용법
토너로 결을 정리한 뒤 시트를 얼굴에 밀착시켜 15~20분간 둡니다. 떼어낸 뒤 남은 에센스는 두드려 흡수시켜 주세요.

## 주의사항
각질 관리 성분이 함유되어 있습니다. 민감성 피부 및 상처가 있는 부위에는 사용하지 마세요. 사용 빈도는 주 2회를 넘기지 않는 것을 권합니다.
화장품 사용 시 또는 사용 후 직사광선에 의하여 사용 부위가 붉은 반점, 부어오름 또는 가려움증 등의 이상 증상이나 부작용이 있는 경우 전문의 등과 상담할 것.
상처가 있는 부위 등에는 사용을 자제할 것.
보관 및 취급 시의 주의사항 — 어린이의 손이 닿지 않는 곳에 보관할 것. 직사광선을 피해서 보관할 것.

## 사용성 평가
자체 진행한 사용성 평가 결과입니다. 시험 대상자 22명, 2주간 1일 2회 사용 조건입니다.

- 사용 직후 수분량 38% 증가 (기기 측정)
- 2주 후 피부 거칠기 9% 개선
- 사용자의 73%가 「다시 구매할 의향이 있다」고 응답
- 시험 기간 중 이상 반응을 보고한 대상자 없음

본 결과는 개인에 따라 다를 수 있으며 질병의 예방이나 치료를 위한 것이 아닙니다.

## 배송 및 교환
평일 오후 2시 이전 결제 건은 당일 출고됩니다. 도서·산간 지역은 배송이 하루 이틀 더 걸릴 수 있습니다.
단순 변심에 의한 교환 및 반품은 수령일로부터 7일 이내에 가능하며 왕복 배송비가 부과됩니다.
개봉하였거나 사용한 흔적이 있는 상품은 교환 및 반품이 어렵습니다.
상품에 하자가 있는 경우에는 배송비 부담 없이 교환해 드립니다."
P092,"## 제품 소개
쌀겨 트러블 에센스은 트러블 고민을 겪는 분들을 위해 만들었습니다. 건성을 기준으로 배합했고, 50ml 용량으로 담았습니다. 성분 하나를 넣고 빼는 데 오래 고민했습니다.

## 주요 성분
쌀겨 추출물과 미세 분말이 묵은 각질을 부드럽게 녹입니다. 알갱이로 문지르는 방식이 아니라 녹여내는 방식이라 마찰이 적습니다.

전성분: 카보머, 다이소듐이디티에이, 잔탄검, 판테놀, 트로메타민, 베타인, 부틸렌글라이콜, 1,2-헥산다이올, 알란토인, 쌀겨 추출물, 향료

## 이런 분께 권합니다
건성이신 분, 트러블 때문에 오래 고민하신 분께 권합니다. 처음 쓰시는 분도 부담 없이 시작하실 수 있습니다.

## 사용법
토너로 결을 정리한 뒤 사용합니다. 2~3회 펌핑해 얼굴 전체에 펴 바르고 가볍게 두드려 흡수시켜 주세요.

## 주의사항
각질 관리 성분이 함유되어 있습니다. 민감성 피부 및 상처가 있는 부위에는 사용하지 마세요. 사용 빈도는 주 2회를 넘기지 않는 것을 권합니다.
화장품 사용 시 또는 사용 후 직사광선에 의하여 사용 부위가 붉은 반점, 부어오름 또는 가려움증 등의 이상 증상이나 부작용이 있는 경우 전문의 등과 상담할 것.
상처가 있는 부위 등에는 사용을 자제할 것.
보관 및 취급 시의 주의사항 — 어린이의 손이 닿지 않는 곳에 보관할 것. 직사광선을 피해서 보관할 것.

## 사용성 평가
자체 진행한 사용성 평가 결과입니다. 시험 대상자 30명, 8주간 1일 2회 사용 조건입니다.

- 사용 직후 수분량 60% 증가 (기기 측정)
- 8주 후 피부 거칠기 32% 개선
- 사용자의 91%가 「다시 구매할 의향이 있다」고 응답
- 시험 기간 중 이상 반응을 보고한 대상자 없음

본 결과는 개인에 따라 다를 수 있으며 질병의 예방이나 치료를 위한 것이 아닙니다.

## 인증 및 시험
- 피부 자극 테스트 완료 (국내 임상시험 기관)
- 알레르기 유발 성분 20종 무첨가
- 동물 실험을 하지 않았습니다
- 환경을 생각한 재활용 가능 용기를 사용했습니다
- 화장품 책임판매업 등록 필증 보유

## 구매하신 분들의 이야기
구매하신 분들이 자주 남겨주신 이야기를 정리했습니다.

가장 많이 언급된 표현은 「부담 없다」와 「겉돌지 않는다」였습니다. 특히 봄가을 환절철에 만족도가 높다는 의견이 많았고,
제형이 꾸덕한 편이라 이 점을 좋아하시는 분과 아쉬워하시는 분이 나뉘었습니다.
향에 대해서는 무향에 가깝다라는 점을 장점으로 꼽아 주신 분이 많았습니다.
재구매 의사를 밝혀 주신 분의 비율이 높은 편이며, 용량 대비 가격에 대한 의견은 엇갈립니다.

## 자주 묻는 질문
Q. 피부가 따가운데 계속 써도 되나요?
A. 사용을 중단하시고 상태를 지켜봐 주세요. 증상이 이어지면 전문의와 상담하시기 바랍니다.

Q. 용기가 펌프인가요?
A. 위생과 산화를 고려해 펌프 형태로 제작했습니다. 마지막까지 쓰실 수 있도록 용기 안쪽을 비스듬히 설계했습니다.

Q. 유통기한이 어떻게 되나요?
A. 제조일로부터 30개월이며, 개봉 후에는 12개월 이내에 사용하시는 것을 권장합니다. 용기 하단에서 제조일자를 확인하실 수 있습니다.

Q. 임신 중에도 사용 가능한가요?
A. 제품 특성상 개인차가 있을 수 있으므로 임신 중이시라면 사용 전에 전문의와 상담하시기를 권해 드립니다.

Q. 아침에도 쓸 수 있나요?
A. 네, 아침저녁 모두 사용하실 수 있습니다. 다만 아침에 사용하실 때는 자외선 차단제를 반드시 함께 발라 주세요.

Q. 다른 제품과 같이 써도 되나요?
A. 기초 단계 순서만 지켜 주시면 함께 사용하셔도 괜찮습니다. 묽은 것부터 되직한 것 순으로 발라 주세요.

Q. 샘플을 받아볼 수 있나요?
A. 고객센터로 문의해 주시면 재고 상황에 따라 안내해 드리고 있습니다.

Q. 남성이 써도 되나요?
A. 성별과 무관하게 사용하실 수 있습니다. 면도 직후에는 자극이 있을 수 있으니 시간을 두고 사용해 주세요.

## 배송 및 교환
평일 오후 2시 이전 결제 건은 당일 출고됩니다. 도서·산간 지역은 배송이 하루 이틀 더 걸릴 수 있습니다.
단순 변심에 의한 교환 및 반품은 수령일로부터 7일 이내에 가능하며 왕복 배송비가 부과됩니다.
개봉하였거나 사용한 흔적이 있는 상품은 교환 및 반품이 어렵습니다.
상품에 하자가 있는 경우에는 배송비 부담 없이 교환해 드립니다."
P093,"## 제품 소개
콜라겐 포어 토너은 모공 고민을 겪는 분들을 위해 만들었습니다. 민감성을 기준으로 배합했고, 150ml 용량으로 담았습니다. 성분 하나를 넣고 빼는 데 오래 고민했습니다.

## 주요 성분
콜라겐은 탄력을 채우는 데 쓰이며, 이 제품에는 흡수를 고려해 저분자로 분해한 형태를 넣었습니다.

전성분: 글리세린, 에틸헥실글리세린, 부틸렌글라이콜, 베타인, 잔탄검, 판테놀, 소듐하이알루로네이트, 카보머, 다이소듐이디티에이, 알란토인, 카프릴릴글라이콜, 트로메타민, 1,2-헥산다이올, 콜라겐 추출물, 향료

## 사용법
세안 후 가장 먼저 사용합니다. 화장솜에 적셔 결을 따라 부드럽게 닦아내거나, 손바닥에 덜어 얼굴 전체에 두드려 흡수시켜 주세요.

## 주의사항
화장품 사용 시 또는 사용 후 직사광선에 의하여 사용 부위가 붉은 반점, 부어오름 또는 가려움증 등의 이상 증상이나 부작용이 있는 경우 전문의 등과 상담할 것.
상처가 있는 부위 등에는 사용을 자제할 것.
보관 및 취급 시의 주의사항 — 어린이의 손이 닿지 않는 곳에 보관할 것. 직사광선을 피해서 보관할 것.

## 구매하신 분들의 이야기
구매하신 분들이 자주 남겨주신 이야기를 정리했습니다.

가장 많이 언급된 표현은 「산뜻하다」와 「흡수가 빠르다」였습니다. 특히 겨울철에 만족도가 높다는 의견이 많았고,
제형이 가벼운 편이라 이 점을 좋아하시는 분과 아쉬워하시는 분이 나뉘었습니다.
향에 대해서는 무향에 가깝다라는 점을 장점으로 꼽아 주신 분이 많았습니다.
재구매 의사를 밝혀 주신 분의 비율이 높은 편이며, 용량 대비 가격에 대한 의견은 엇갈립니다.

## 자주 묻는 질문
Q. 샘플을 받아볼 수 있나요?
A. 고객센터로 문의해 주시면 재고 상황에 따라 안내해 드리고 있습니다.

Q. 임신 중에도 사용 가능한가요?
A. 제품 특성상 개인차가 있을 수 있으므로 임신 중이시라면 사용 전에 전문의와 상담하시기를 권해 드립니다.

Q. 남성이 써도 되나요?
A. 성별과 무관하게 사용하실 수 있습니다. 면도 직후에는 자극이 있을 수 있으니 시간을 두고 사용해 주세요.

Q. 용기가 펌프인가요?
A. 위생과 산화를 고려해 펌프 형태로 제작했습니다. 마지막까지 쓰실 수 있도록 용기 안쪽을 비스듬히 설계했습니다.

Q. 아침에도 쓸 수 있나요?
A. 네, 아침저녁 모두 사용하실 수 있습니다. 다만 아침에 사용하실 때는 자외선 차단제를 반드시 함께 발라 주세요.

Q. 유통기한이 어떻게 되나요?
A. 제조일로부터 30개월이며, 개봉 후에는 12개월 이내에 사용하시는 것을 권장합니다. 용기 하단에서 제조일자를 확인하실 수 있습니다.

Q. 피부가 따가운데 계속 써도 되나요?
A. 사용을 중단하시고 상태를 지켜봐 주세요. 증상이 이어지면 전문의와 상담하시기 바랍니다.

## 배송 및 교환
평일 오후 2시 이전 결제 건은 당일 출고됩니다. 도서·산간 지역은 배송이 하루 이틀 더 걸릴 수 있습니다.
단순 변심에 의한 교환 및 반품은 수령일로부터 7일 이내에 가능하며 왕복 배송비가 부과됩니다.
개봉하였거나 사용한 흔적이 있는 상품은 교환 및 반품이 어렵습니다.
상품에 하자가 있는 경우에는 배송비 부담 없이 교환해 드립니다."
P094,"## 제품 소개
그린포레는 숲에서 자란 원료를 씁니다. 국내 청정 지역에서 재배한 식물을 저온에서 추출해 본래의 성질을 지켰습니다. 자연에 가까운 것이 결국 피부에도 가깝다고 믿습니다.

어성초 시카 클렌징폼은 진정 고민을 겪는 분들을 위해 만들었습니다. 건성을 기준으로 배합했고, 120ml 용량으로 담았습니다. 성분 하나를 넣고 빼는 데 오래 고민했습니다.

## 주요 성분
어성초는 예로부터 열감을 식히는 데 써온 식물입니다. 이 제품은 잎과 줄기를 저온에서 우려낸 추출물을 정제수 대신 사용했습니다.

전성분: 글리세린, 다이소듐이디티에이, 트로메타민, 소듐하이알루로네이트, 부틸렌글라이콜, 베타인, 카프릴릴글라이콜, 어성초 추출물, 향료

## 이런 분께 권합니다
건성이신 분, 진정 때문에 오래 고민하신 분께 권합니다. 기초 단계를 줄이고 싶은 분께 적합합니다.

## 사용법
미온수로 얼굴을 적신 뒤 적당량을 손에 덜어 거품을 충분히 낸 다음 얼굴에 올려 부드럽게 굴리듯 세안합니다.

## 주의사항
화장품 사용 시 또는 사용 후 직사광선에 의하여 사용 부위가 붉은 반점, 부어오름 또는 가려움증 등의 이상 증상이나 부작용이 있는 경우 전문의 등과 상담할 것.
상처가 있는 부위 등에는 사용을 자제할 것.
보관 및 취급 시의 주의사항 — 어린이의 손이 닿지 않는 곳에 보관할 것. 직사광선을 피해서 보관할 것.

## 사용성 평가
자체 진행한 사용성 평가 결과입니다. 시험 대상자 30명, 6주간 1일 2회 사용 조건입니다.

- 사용 직후 수분량 51% 증가 (기기 측정)
- 6주 후 피부 거칠기 12% 개선
- 사용자의 88%가 「다시 구매할 의향이 있다」고 응답
- 시험 기간 중 이상 반응을 보고한 대상자 없음

본 결과는 개인에 따라 다를 수 있으며 질병의 예방이나 치료를 위한 것이 아닙니다.

## 배송 및 교환
평일 오후 2시 이전 결제 건은 당일 출고됩니다. 도서·산간 지역은 배송이 하루 이틀 더 걸릴 수 있습니다.
단순 변심에 의한 교환 및 반품은 수령일로부터 7일 이내에 가능하며 왕복 배송비가 부과됩니다.
개봉하였거나 사용한 흔적이 있는 상품은 교환 및 반품이 어렵습니다.
상품에 하자가 있는 경우에는 배송비 부담 없이 교환해 드립니다."
P095,"## 제품 소개
청담수는 맑은 물처럼 투명한 제품을 지향합니다. 무엇이 들어갔는지 숨기지 않고 전 성분을 함량 순으로 공개합니다. 신뢰는 정보에서 나온다고 봅니다.

세라마이드 브라이트닝 클렌징폼은 미백 고민을 겪는 분들을 위해 만들었습니다. 모든 피부을 기준으로 배합했고, 120ml 용량으로 담았습니다. 출시 전 3개월간 자체 모니터링을 진행했습니다.

## 주요 성분
세라마이드는 원래 피부 각질층에 있는 지질 성분입니다. 나이가 들거나 건조한 환경에 오래 있으면 줄어드는데, 이 제품은 그 빈자리를 채우는 것을 목표로 배합했습니다.

전성분: 정제수, 잔탄검, 글리세린, 베타인, 카보머, 1,2-헥산다이올, 소듐하이알루로네이트, 카프릴릴글라이콜, 세라마이드 추출물, 향료

## 이런 분께 권합니다
모든 피부이신 분, 미백 때문에 오래 고민하신 분께 권합니다. 처음 쓰시는 분도 부담 없이 시작하실 수 있습니다.

## 사용법
미온수로 얼굴을 적신 뒤 적당량을 손에 덜어 거품을 충분히 낸 다음 얼굴에 올려 부드럽게 굴리듯 세안합니다.

## 주의사항
화장품 사용 시 또는 사용 후 직사광선에 의하여 사용 부위가 붉은 반점, 부어오름 또는 가려움증 등의 이상 증상이나 부작용이 있는 경우 전문의 등과 상담할 것.
상처가 있는 부위 등에는 사용을 자제할 것.
보관 및 취급 시의 주의사항 — 어린이의 손이 닿지 않는 곳에 보관할 것. 직사광선을 피해서 보관할 것.

## 사용성 평가
자체 진행한 사용성 평가 결과입니다. 시험 대상자 21명, 6주간 1일 2회 사용 조건입니다.

- 사용 직후 수분량 47% 증가 (기기 측정)
- 6주 후 피부 거칠기 33% 개선
- 사용자의 84%가 「다시 구매할 의향이 있다」고 응답
- 시험 기간 중 이상 반응을 보고한 대상자 없음

본 결과는 개인에 따라 다를 수 있으며 질병의 예방이나 치료를 위한 것이 아닙니다.

## 인증 및 시험
- 피부 자극 테스트 완료 (국내 임상시험 기관)
- 알레르기 유발 성분 21종 무첨가
- 동물 실험을 하지 않았습니다
- 환경을 생각한 재활용 가능 용기를 사용했습니다
- 화장품 책임판매업 등록 필증 보유

## 구매하신 분들의 이야기
구매하신 분들이 자주 남겨주신 이야기를 정리했습니다.

가장 많이 언급된 표현은 「촉촉하다」와 「향이 은은하다」였습니다. 특히 여름철에 만족도가 높다는 의견이 많았고,
제형이 젤 같은 편이라 이 점을 좋아하시는 분과 아쉬워하시는 분이 나뉘었습니다.
향에 대해서는 은은하다라는 점을 장점으로 꼽아 주신 분이 많았습니다.
재구매 의사를 밝혀 주신 분의 비율이 높은 편이며, 용량 대비 가격에 대한 의견은 엇갈립니다.

## 배송 및 교환
평일 오후 2시 이전 결제 건은 당일 출고됩니다. 도서·산간 지역은 배송이 하루 이틀 더 걸릴 수 있습니다.
단순 변심에 의한 교환 및 반품은 수령일로부터 7일 이내에 가능하며 왕복 배송비가 부과됩니다.
개봉하였거나 사용한 흔적이 있는 상품은 교환 및 반품이 어렵습니다.
상품에 하자가 있는 경우에는 배송비 부담 없이 교환해 드립니다."
P096,"## 제품 소개
데일리랩은 매일 쓰는 것을 만듭니다. 특별한 날의 화려함보다 매일의 꾸준함이 피부를 바꾼다고 생각합니다. 그래서 가격도 매일 쓸 수 있게 맞췄습니다.

레티놀 브라이트닝 클렌징오일은 미백 고민을 겪는 분들을 위해 만들었습니다. 모든 피부을 기준으로 배합했고, 150ml 용량으로 담았습니다. 출시 전 3개월간 자체 모니터링을 진행했습니다.

## 주요 성분
레티놀은 잔주름 관리에 쓰이는 대표적인 성분입니다. 다만 처음 쓰면 각질이 일거나 따가울 수 있어, 이 제품은 저농도로 시작하도록 설계했습니다.

전성분: 잔탄검, 글리세린, 에틸헥실글리세린, 정제수, 다이소듐이디티에이, 카보머, 1,2-헥산다이올, 베타인, 카프릴릴글라이콜, 트로메타민, 알란토인, 부틸렌글라이콜, 판테놀, 소듐하이알루로네이트, 레티놀 추출물, 향료

## 이런 분께 권합니다
모든 피부이신 분, 미백 때문에 오래 고민하신 분께 권합니다. 환절기마다 컨디션이 흔들리는 분께도 잘 맞습니다.

## 사용법
마른 손과 마른 얼굴에 사용합니다. 얼굴 전체에 펴 발라 메이크업을 녹인 뒤 미온수를 조금씩 더해 유화시키고 헹궈냅니다.

## 주의사항
레티놀 성분이 함유되어 있습니다. 민감성 피부는 사용을 권하지 않으며, 처음 사용하시는 분은 주 1~2회 저녁에만 소량으로 시작해 주세요. 임산부 및 수유부는 사용 전 전문의와 상담하시기 바랍니다. 사용 중 자외선 차단제를 반드시 함께 사용해 주세요.
화장품 사용 시 또는 사용 후 직사광선에 의하여 사용 부위가 붉은 반점, 부어오름 또는 가려움증 등의 이상 증상이나 부작용이 있는 경우 전문의 등과 상담할 것.
상처가 있는 부위 등에는 사용을 자제할 것.
보관 및 취급 시의 주의사항 — 어린이의 손이 닿지 않는 곳에 보관할 것. 직사광선을 피해서 보관할 것.

## 사용성 평가
자체 진행한 사용성 평가 결과입니다. 시험 대상자 21명, 8주간 1일 2회 사용 조건입니다.

- 사용 직후 수분량 60% 증가 (기기 측정)
- 8주 후 피부 거칠기 18% 개선
- 사용자의 76%가 「다시 구매할 의향이 있다」고 응답
- 시험 기간 중 이상 반응을 보고한 대상자 없음

본 결과는 개인에 따라 다를 수 있으며 질병의 예방이나 치료를 위한 것이 아닙니다.

## 구매하신 분들의 이야기
구매하신 분들이 자주 남겨주신 이야기를 정리했습니다.

가장 많이 언급된 표현은 「부담 없다」와 「흡수가 빠르다」였습니다. 특히 장마철에 만족도가 높다는 의견이 많았고,
제형이 꾸덕한 편이라 이 점을 좋아하시는 분과 아쉬워하시는 분이 나뉘었습니다.
향에 대해서는 은은하다라는 점을 장점으로 꼽아 주신 분이 많았습니다.
재구매 의사를 밝혀 주신 분의 비율이 높은 편이며, 용량 대비 가격에 대한 의견은 엇갈립니다.

## 배송 및 교환
평일 오후 2시 이전 결제 건은 당일 출고됩니다. 도서·산간 지역은 배송이 하루 이틀 더 걸릴 수 있습니다.
단순 변심에 의한 교환 및 반품은 수령일로부터 7일 이내에 가능하며 왕복 배송비가 부과됩니다.
개봉하였거나 사용한 흔적이 있는 상품은 교환 및 반품이 어렵습니다.
상품에 하자가 있는 경우에는 배송비 부담 없이 교환해 드립니다."
P097,"## 제품 소개
모이스트랩은 수분에 집중합니다. 겉만 촉촉한 것과 속까지 채우는 것은 다르다는 것을 여러 실험으로 확인했고, 그 차이를 제형에 담았습니다.

레티놀 트러블 로션은 트러블 고민을 겪는 분들을 위해 만들었습니다. 복합성을 기준으로 배합했고, 150ml 용량으로 담았습니다. 출시 전 3개월간 자체 모니터링을 진행했습니다.

## 주요 성분
레티놀은 잔주름 관리에 쓰이는 대표적인 성분입니다. 다만 처음 쓰면 각질이 일거나 따가울 수 있어, 이 제품은 저농도로 시작하도록 설계했습니다.

전성분: 판테놀, 소듐하이알루로네이트, 부틸렌글라이콜, 카보머, 1,2-헥산다이올, 잔탄검, 다이소듐이디티에이, 에틸헥실글리세린, 글리세린, 베타인, 레티놀 추출물, 향료

## 사용법
가벼운 마무리가 필요할 때 크림 대신 사용합니다. 아침에는 로션, 저녁에는 크림으로 나누어 쓰셔도 좋습니다.

## 주의사항
레티놀 성분이 함유되어 있습니다. 민감성 피부는 사용을 권하지 않으며, 처음 사용하시는 분은 주 1~2회 저녁에만 소량으로 시작해 주세요. 임산부 및 수유부는 사용 전 전문의와 상담하시기 바랍니다. 사용 중 자외선 차단제를 반드시 함께 사용해 주세요.
화장품 사용 시 또는 사용 후 직사광선에 의하여 사용 부위가 붉은 반점, 부어오름 또는 가려움증 등의 이상 증상이나 부작용이 있는 경우 전문의 등과 상담할 것.
상처가 있는 부위 등에는 사용을 자제할 것.
보관 및 취급 시의 주의사항 — 어린이의 손이 닿지 않는 곳에 보관할 것. 직사광선을 피해서 보관할 것.

## 인증 및 시험
- 피부 자극 테스트 완료 (국내 임상시험 기관)
- 알레르기 유발 성분 20종 무첨가
- 동물 실험을 하지 않았습니다
- 환경을 생각한 재활용 가능 용기를 사용했습니다
- 화장품 책임판매업 등록 필증 보유

## 구매하신 분들의 이야기
구매하신 분들이 자주 남겨주신 이야기를 정리했습니다.

가장 많이 언급된 표현은 「산뜻하다」와 「가성비가 좋다」였습니다. 특히 봄가을 환절철에 만족도가 높다는 의견이 많았고,
제형이 물처럼 묽은 편이라 이 점을 좋아하시는 분과 아쉬워하시는 분이 나뉘었습니다.
향에 대해서는 무향에 가깝다라는 점을 장점으로 꼽아 주신 분이 많았습니다.
재구매 의사를 밝혀 주신 분의 비율이 높은 편이며, 용량 대비 가격에 대한 의견은 엇갈립니다.

## 자주 묻는 질문
Q. 용기가 펌프인가요?
A. 위생과 산화를 고려해 펌프 형태로 제작했습니다. 마지막까지 쓰실 수 있도록 용기 안쪽을 비스듬히 설계했습니다.

Q. 샘플을 받아볼 수 있나요?
A. 고객센터로 문의해 주시면 재고 상황에 따라 안내해 드리고 있습니다.

Q. 피부가 따가운데 계속 써도 되나요?
A. 사용을 중단하시고 상태를 지켜봐 주세요. 증상이 이어지면 전문의와 상담하시기 바랍니다.

Q. 다른 제품과 같이 써도 되나요?
A. 기초 단계 순서만 지켜 주시면 함께 사용하셔도 괜찮습니다. 묽은 것부터 되직한 것 순으로 발라 주세요.

Q. 남성이 써도 되나요?
A. 성별과 무관하게 사용하실 수 있습니다. 면도 직후에는 자극이 있을 수 있으니 시간을 두고 사용해 주세요.

Q. 유통기한이 어떻게 되나요?
A. 제조일로부터 30개월이며, 개봉 후에는 12개월 이내에 사용하시는 것을 권장합니다. 용기 하단에서 제조일자를 확인하실 수 있습니다.

Q. 임신 중에도 사용 가능한가요?
A. 제품 특성상 개인차가 있을 수 있으므로 임신 중이시라면 사용 전에 전문의와 상담하시기를 권해 드립니다.

## 배송 및 교환
평일 오후 2시 이전 결제 건은 당일 출고됩니다. 도서·산간 지역은 배송이 하루 이틀 더 걸릴 수 있습니다.
단순 변심에 의한 교환 및 반품은 수령일로부터 7일 이내에 가능하며 왕복 배송비가 부과됩니다.
개봉하였거나 사용한 흔적이 있는 상품은 교환 및 반품이 어렵습니다.
상품에 하자가 있는 경우에는 배송비 부담 없이 교환해 드립니다."
P098,"## 제품 소개
미니멀스킨은 덜어내는 브랜드입니다. 성분 수를 줄이고 공정을 줄이고 포장을 줄였습니다. 남은 것은 꼭 필요한 것뿐입니다.

녹차 필링 에센스은 각질 고민을 겪는 분들을 위해 만들었습니다. 건성을 기준으로 배합했고, 100ml 용량으로 담았습니다. 여러 차례의 사용성 평가를 거쳐 제형을 확정했습니다.

## 주요 성분
녹차 추출물은 산뜻하게 정돈하는 느낌을 줍니다. 국내 재배 녹차를 첫물로 수확해 사용했습니다.

전성분: 정제수, 트로메타민, 알란토인, 에틸헥실글리세린, 글리세린, 잔탄검, 다이소듐이디티에이, 판테놀, 카프릴릴글라이콜, 녹차 추출물, 향료

## 이런 분께 권합니다
건성이신 분, 각질 때문에 오래 고민하신 분께 권합니다. 기초 단계를 줄이고 싶은 분께 적합합니다.

## 사용법
토너로 결을 정리한 뒤 사용합니다. 2~3회 펌핑해 얼굴 전체에 펴 바르고 가볍게 두드려 흡수시켜 주세요.

## 주의사항
화장품 사용 시 또는 사용 후 직사광선에 의하여 사용 부위가 붉은 반점, 부어오름 또는 가려움증 등의 이상 증상이나 부작용이 있는 경우 전문의 등과 상담할 것.
상처가 있는 부위 등에는 사용을 자제할 것.
보관 및 취급 시의 주의사항 — 어린이의 손이 닿지 않는 곳에 보관할 것. 직사광선을 피해서 보관할 것.

## 자주 묻는 질문
Q. 샘플을 받아볼 수 있나요?
A. 고객센터로 문의해 주시면 재고 상황에 따라 안내해 드리고 있습니다.

Q. 피부가 따가운데 계속 써도 되나요?
A. 사용을 중단하시고 상태를 지켜봐 주세요. 증상이 이어지면 전문의와 상담하시기 바랍니다.

Q. 용기가 펌프인가요?
A. 위생과 산화를 고려해 펌프 형태로 제작했습니다. 마지막까지 쓰실 수 있도록 용기 안쪽을 비스듬히 설계했습니다.

## 배송 및 교환
평일 오후 2시 이전 결제 건은 당일 출고됩니다. 도서·산간 지역은 배송이 하루 이틀 더 걸릴 수 있습니다.
단순 변심에 의한 교환 및 반품은 수령일로부터 7일 이내에 가능하며 왕복 배송비가 부과됩니다.
개봉하였거나 사용한 흔적이 있는 상품은 교환 및 반품이 어렵습니다.
상품에 하자가 있는 경우에는 배송비 부담 없이 교환해 드립니다."
P099,"## 제품 소개
청담수는 맑은 물처럼 투명한 제품을 지향합니다. 무엇이 들어갔는지 숨기지 않고 전 성분을 함량 순으로 공개합니다. 신뢰는 정보에서 나온다고 봅니다.

프로폴리스 포어 클렌징오일은 모공 고민을 겪는 분들을 위해 만들었습니다. 모든 피부을 기준으로 배합했고, 150ml 용량으로 담았습니다. 출시 전 3개월간 자체 모니터링을 진행했습니다.

## 주요 성분
프로폴리스는 벌이 모은 수지 성분으로 영양을 채우는 데 씁니다. 원물 함량을 높여 특유의 끈적임이 있습니다.

전성분: 알란토인, 소듐하이알루로네이트, 카보머, 카프릴릴글라이콜, 글리세린, 부틸렌글라이콜, 프로폴리스 추출물, 향료

## 이런 분께 권합니다
모든 피부이신 분, 모공 때문에 오래 고민하신 분께 권합니다. 환절기마다 컨디션이 흔들리는 분께도 잘 맞습니다.

## 사용법
마른 손과 마른 얼굴에 사용합니다. 얼굴 전체에 펴 발라 메이크업을 녹인 뒤 미온수를 조금씩 더해 유화시키고 헹궈냅니다.

## 주의사항
벌 유래 성분이 함유되어 있습니다. 벌 관련 알레르기가 있으신 분은 사용을 피해 주세요.
화장품 사용 시 또는 사용 후 직사광선에 의하여 사용 부위가 붉은 반점, 부어오름 또는 가려움증 등의 이상 증상이나 부작용이 있는 경우 전문의 등과 상담할 것.
상처가 있는 부위 등에는 사용을 자제할 것.
보관 및 취급 시의 주의사항 — 어린이의 손이 닿지 않는 곳에 보관할 것. 직사광선을 피해서 보관할 것.

## 사용성 평가
자체 진행한 사용성 평가 결과입니다. 시험 대상자 31명, 2주간 1일 2회 사용 조건입니다.

- 사용 직후 수분량 24% 증가 (기기 측정)
- 2주 후 피부 거칠기 34% 개선
- 사용자의 74%가 「다시 구매할 의향이 있다」고 응답
- 시험 기간 중 이상 반응을 보고한 대상자 없음

본 결과는 개인에 따라 다를 수 있으며 질병의 예방이나 치료를 위한 것이 아닙니다.

## 인증 및 시험
- 피부 자극 테스트 완료 (국내 임상시험 기관)
- 알레르기 유발 성분 20종 무첨가
- 동물 실험을 하지 않았습니다
- 환경을 생각한 재활용 가능 용기를 사용했습니다
- 화장품 책임판매업 등록 필증 보유

## 구매하신 분들의 이야기
구매하신 분들이 자주 남겨주신 이야기를 정리했습니다.

가장 많이 언급된 표현은 「부담 없다」와 「흡수가 빠르다」였습니다. 특히 겨울철에 만족도가 높다는 의견이 많았고,
제형이 젤 같은 편이라 이 점을 좋아하시는 분과 아쉬워하시는 분이 나뉘었습니다.
향에 대해서는 인공적이지 않다라는 점을 장점으로 꼽아 주신 분이 많았습니다.
재구매 의사를 밝혀 주신 분의 비율이 높은 편이며, 용량 대비 가격에 대한 의견은 엇갈립니다.

## 배송 및 교환
평일 오후 2시 이전 결제 건은 당일 출고됩니다. 도서·산간 지역은 배송이 하루 이틀 더 걸릴 수 있습니다.
단순 변심에 의한 교환 및 반품은 수령일로부터 7일 이내에 가능하며 왕복 배송비가 부과됩니다.
개봉하였거나 사용한 흔적이 있는 상품은 교환 및 반품이 어렵습니다.
상품에 하자가 있는 경우에는 배송비 부담 없이 교환해 드립니다."
P100,"## 제품 소개
모이스트랩은 수분에 집중합니다. 겉만 촉촉한 것과 속까지 채우는 것은 다르다는 것을 여러 실험으로 확인했고, 그 차이를 제형에 담았습니다.

녹차 트러블 에센스은 트러블 고민을 겪는 분들을 위해 만들었습니다. 민감성을 기준으로 배합했고, 100ml 용량으로 담았습니다. 성분 하나를 넣고 빼는 데 오래 고민했습니다.

## 주요 성분
녹차 추출물은 산뜻하게 정돈하는 느낌을 줍니다. 국내 재배 녹차를 첫물로 수확해 사용했습니다.

전성분: 글리세린, 카프릴릴글라이콜, 알란토인, 부틸렌글라이콜, 카보머, 판테놀, 잔탄검, 녹차 추출물, 향료

## 이런 분께 권합니다
민감성이신 분, 트러블 때문에 오래 고민하신 분께 권합니다. 환절기마다 컨디션이 흔들리는 분께도 잘 맞습니다.

## 사용법
토너로 결을 정리한 뒤 사용합니다. 2~3회 펌핑해 얼굴 전체에 펴 바르고 가볍게 두드려 흡수시켜 주세요.

## 주의사항
화장품 사용 시 또는 사용 후 직사광선에 의하여 사용 부위가 붉은 반점, 부어오름 또는 가려움증 등의 이상 증상이나 부작용이 있는 경우 전문의 등과 상담할 것.
상처가 있는 부위 등에는 사용을 자제할 것.
보관 및 취급 시의 주의사항 — 어린이의 손이 닿지 않는 곳에 보관할 것. 직사광선을 피해서 보관할 것.

## 인증 및 시험
- 피부 자극 테스트 완료 (국내 임상시험 기관)
- 알레르기 유발 성분 20종 무첨가
- 동물 실험을 하지 않았습니다
- 환경을 생각한 재활용 가능 용기를 사용했습니다
- 화장품 책임판매업 등록 필증 보유

## 구매하신 분들의 이야기
구매하신 분들이 자주 남겨주신 이야기를 정리했습니다.

가장 많이 언급된 표현은 「자극이 없다」와 「가성비가 좋다」였습니다. 특히 여름철에 만족도가 높다는 의견이 많았고,
제형이 꾸덕한 편이라 이 점을 좋아하시는 분과 아쉬워하시는 분이 나뉘었습니다.
향에 대해서는 인공적이지 않다라는 점을 장점으로 꼽아 주신 분이 많았습니다.
재구매 의사를 밝혀 주신 분의 비율이 높은 편이며, 용량 대비 가격에 대한 의견은 엇갈립니다.

## 자주 묻는 질문
Q. 임신 중에도 사용 가능한가요?
A. 제품 특성상 개인차가 있을 수 있으므로 임신 중이시라면 사용 전에 전문의와 상담하시기를 권해 드립니다.

Q. 남성이 써도 되나요?
A. 성별과 무관하게 사용하실 수 있습니다. 면도 직후에는 자극이 있을 수 있으니 시간을 두고 사용해 주세요.

Q. 피부가 따가운데 계속 써도 되나요?
A. 사용을 중단하시고 상태를 지켜봐 주세요. 증상이 이어지면 전문의와 상담하시기 바랍니다.

Q. 아침에도 쓸 수 있나요?
A. 네, 아침저녁 모두 사용하실 수 있습니다. 다만 아침에 사용하실 때는 자외선 차단제를 반드시 함께 발라 주세요.

Q. 샘플을 받아볼 수 있나요?
A. 고객센터로 문의해 주시면 재고 상황에 따라 안내해 드리고 있습니다.

Q. 용기가 펌프인가요?
A. 위생과 산화를 고려해 펌프 형태로 제작했습니다. 마지막까지 쓰실 수 있도록 용기 안쪽을 비스듬히 설계했습니다.

Q. 다른 제품과 같이 써도 되나요?
A. 기초 단계 순서만 지켜 주시면 함께 사용하셔도 괜찮습니다. 묽은 것부터 되직한 것 순으로 발라 주세요.

## 배송 및 교환
평일 오후 2시 이전 결제 건은 당일 출고됩니다. 도서·산간 지역은 배송이 하루 이틀 더 걸릴 수 있습니다.
단순 변심에 의한 교환 및 반품은 수령일로부터 7일 이내에 가능하며 왕복 배송비가 부과됩니다.
개봉하였거나 사용한 흔적이 있는 상품은 교환 및 반품이 어렵습니다.
상품에 하자가 있는 경우에는 배송비 부담 없이 교환해 드립니다."
P101,"## 제품 소개
물빛연구소는 물의 결을 닮은 제형을 연구합니다. 무겁게 덮는 대신 스미게 하는 것, 그 한 가지를 위해 십수 년간 배합비를 고쳐 왔습니다. 오늘도 실험실의 불은 늦게까지 켜져 있습니다.

약산성 아미노산 브라이트닝 로션은 미백 고민을 겪는 분들을 위해 만들었습니다. 지성을 기준으로 배합했고, 150ml 용량으로 담았습니다. 성분 하나를 넣고 빼는 데 오래 고민했습니다.

## 주요 성분
약산성 아미노산 계면활성제를 사용했습니다. 세정력은 유지하면서 씻고 난 뒤 당김을 줄이는 데 초점을 맞췄습니다.

전성분: 알란토인, 1,2-헥산다이올, 소듐하이알루로네이트, 글리세린, 부틸렌글라이콜, 카보머, 정제수, 트로메타민, 에틸헥실글리세린, 잔탄검, 판테놀, 다이소듐이디티에이, 약산성 아미노산 추출물, 향료

## 사용법
가벼운 마무리가 필요할 때 크림 대신 사용합니다. 아침에는 로션, 저녁에는 크림으로 나누어 쓰셔도 좋습니다.

## 주의사항
화장품 사용 시 또는 사용 후 직사광선에 의하여 사용 부위가 붉은 반점, 부어오름 또는 가려움증 등의 이상 증상이나 부작용이 있는 경우 전문의 등과 상담할 것.
상처가 있는 부위 등에는 사용을 자제할 것.
보관 및 취급 시의 주의사항 — 어린이의 손이 닿지 않는 곳에 보관할 것. 직사광선을 피해서 보관할 것.

## 사용성 평가
자체 진행한 사용성 평가 결과입니다. 시험 대상자 22명, 8주간 1일 2회 사용 조건입니다.

- 사용 직후 수분량 24% 증가 (기기 측정)
- 8주 후 피부 거칠기 26% 개선
- 사용자의 93%가 「다시 구매할 의향이 있다」고 응답
- 시험 기간 중 이상 반응을 보고한 대상자 없음

본 결과는 개인에 따라 다를 수 있으며 질병의 예방이나 치료를 위한 것이 아닙니다.

## 인증 및 시험
- 피부 자극 테스트 완료 (국내 임상시험 기관)
- 알레르기 유발 성분 21종 무첨가
- 동물 실험을 하지 않았습니다
- 환경을 생각한 재활용 가능 용기를 사용했습니다
- 화장품 책임판매업 등록 필증 보유

## 자주 묻는 질문
Q. 다른 제품과 같이 써도 되나요?
A. 기초 단계 순서만 지켜 주시면 함께 사용하셔도 괜찮습니다. 묽은 것부터 되직한 것 순으로 발라 주세요.

Q. 임신 중에도 사용 가능한가요?
A. 제품 특성상 개인차가 있을 수 있으므로 임신 중이시라면 사용 전에 전문의와 상담하시기를 권해 드립니다.

Q. 남성이 써도 되나요?
A. 성별과 무관하게 사용하실 수 있습니다. 면도 직후에는 자극이 있을 수 있으니 시간을 두고 사용해 주세요.

Q. 용기가 펌프인가요?
A. 위생과 산화를 고려해 펌프 형태로 제작했습니다. 마지막까지 쓰실 수 있도록 용기 안쪽을 비스듬히 설계했습니다.

Q. 아침에도 쓸 수 있나요?
A. 네, 아침저녁 모두 사용하실 수 있습니다. 다만 아침에 사용하실 때는 자외선 차단제를 반드시 함께 발라 주세요.

Q. 샘플을 받아볼 수 있나요?
A. 고객센터로 문의해 주시면 재고 상황에 따라 안내해 드리고 있습니다.

Q. 피부가 따가운데 계속 써도 되나요?
A. 사용을 중단하시고 상태를 지켜봐 주세요. 증상이 이어지면 전문의와 상담하시기 바랍니다.

## 배송 및 교환
평일 오후 2시 이전 결제 건은 당일 출고됩니다. 도서·산간 지역은 배송이 하루 이틀 더 걸릴 수 있습니다.
단순 변심에 의한 교환 및 반품은 수령일로부터 7일 이내에 가능하며 왕복 배송비가 부과됩니다.
개봉하였거나 사용한 흔적이 있는 상품은 교환 및 반품이 어렵습니다.
상품에 하자가 있는 경우에는 배송비 부담 없이 교환해 드립니다."
P102,"## 제품 소개
순수담은 담백한 것을 만듭니다. 향을 넣지 않고 색을 입히지 않으며, 꼭 필요한 것만 담습니다. 처음 써보시는 분도 부담 없이 시작하실 수 있도록 설계했습니다.

세라마이드 필링 토너은 각질 고민을 겪는 분들을 위해 만들었습니다. 건성을 기준으로 배합했고, 150ml 용량으로 담았습니다. 출시 전 3개월간 자체 모니터링을 진행했습니다.

## 주요 성분
세라마이드는 원래 피부 각질층에 있는 지질 성분입니다. 나이가 들거나 건조한 환경에 오래 있으면 줄어드는데, 이 제품은 그 빈자리를 채우는 것을 목표로 배합했습니다.

전성분: 트로메타민, 글리세린, 부틸렌글라이콜, 다이소듐이디티에이, 카프릴릴글라이콜, 알란토인, 베타인, 소듐하이알루로네이트, 1,2-헥산다이올, 에틸헥실글리세린, 카보머, 세라마이드 추출물, 향료

## 이런 분께 권합니다
건성이신 분, 각질 때문에 오래 고민하신 분께 권합니다. 환절기마다 컨디션이 흔들리는 분께도 잘 맞습니다.

## 사용법
세안 후 가장 먼저 사용합니다. 화장솜에 적셔 결을 따라 부드럽게 닦아내거나, 손바닥에 덜어 얼굴 전체에 두드려 흡수시켜 주세요.

## 주의사항
화장품 사용 시 또는 사용 후 직사광선에 의하여 사용 부위가 붉은 반점, 부어오름 또는 가려움증 등의 이상 증상이나 부작용이 있는 경우 전문의 등과 상담할 것.
상처가 있는 부위 등에는 사용을 자제할 것.
보관 및 취급 시의 주의사항 — 어린이의 손이 닿지 않는 곳에 보관할 것. 직사광선을 피해서 보관할 것.

## 구매하신 분들의 이야기
구매하신 분들이 자주 남겨주신 이야기를 정리했습니다.

가장 많이 언급된 표현은 「산뜻하다」와 「겉돌지 않는다」였습니다. 특히 장마철에 만족도가 높다는 의견이 많았고,
제형이 물처럼 묽은 편이라 이 점을 좋아하시는 분과 아쉬워하시는 분이 나뉘었습니다.
향에 대해서는 은은하다라는 점을 장점으로 꼽아 주신 분이 많았습니다.
재구매 의사를 밝혀 주신 분의 비율이 높은 편이며, 용량 대비 가격에 대한 의견은 엇갈립니다.

## 자주 묻는 질문
Q. 용기가 펌프인가요?
A. 위생과 산화를 고려해 펌프 형태로 제작했습니다. 마지막까지 쓰실 수 있도록 용기 안쪽을 비스듬히 설계했습니다.

Q. 임신 중에도 사용 가능한가요?
A. 제품 특성상 개인차가 있을 수 있으므로 임신 중이시라면 사용 전에 전문의와 상담하시기를 권해 드립니다.

Q. 유통기한이 어떻게 되나요?
A. 제조일로부터 30개월이며, 개봉 후에는 12개월 이내에 사용하시는 것을 권장합니다. 용기 하단에서 제조일자를 확인하실 수 있습니다.

Q. 샘플을 받아볼 수 있나요?
A. 고객센터로 문의해 주시면 재고 상황에 따라 안내해 드리고 있습니다.

Q. 피부가 따가운데 계속 써도 되나요?
A. 사용을 중단하시고 상태를 지켜봐 주세요. 증상이 이어지면 전문의와 상담하시기 바랍니다.

## 배송 및 교환
평일 오후 2시 이전 결제 건은 당일 출고됩니다. 도서·산간 지역은 배송이 하루 이틀 더 걸릴 수 있습니다.
단순 변심에 의한 교환 및 반품은 수령일로부터 7일 이내에 가능하며 왕복 배송비가 부과됩니다.
개봉하였거나 사용한 흔적이 있는 상품은 교환 및 반품이 어렵습니다.
상품에 하자가 있는 경우에는 배송비 부담 없이 교환해 드립니다."
P103,"## 제품 소개
미니멀스킨은 덜어내는 브랜드입니다. 성분 수를 줄이고 공정을 줄이고 포장을 줄였습니다. 남은 것은 꼭 필요한 것뿐입니다.

비타민C 탄력 에센스은 탄력 고민을 겪는 분들을 위해 만들었습니다. 모든 피부을 기준으로 배합했고, 80ml 용량으로 담았습니다. 여러 차례의 사용성 평가를 거쳐 제형을 확정했습니다.

## 주요 성분
비타민C는 맑은 결을 만드는 데 널리 쓰이지만 공기와 빛에 약합니다. 이 제품은 안정화된 유도체를 사용했고 불투명 용기에 담았습니다.

전성분: 카보머, 알란토인, 1,2-헥산다이올, 판테놀, 부틸렌글라이콜, 잔탄검, 정제수, 비타민C 추출물, 향료

## 이런 분께 권합니다
모든 피부이신 분, 탄력 때문에 오래 고민하신 분께 권합니다. 처음 쓰시는 분도 부담 없이 시작하실 수 있습니다.

## 사용법
토너로 결을 정리한 뒤 사용합니다. 2~3회 펌핑해 얼굴 전체에 펴 바르고 가볍게 두드려 흡수시켜 주세요.

## 주의사항
고농도 비타민C 유도체가 함유되어 있습니다. 민감성 피부에는 따가움이 느껴질 수 있으므로 사용을 권하지 않습니다. 개봉 후에는 색이 변할 수 있으니 3개월 이내에 사용해 주세요.
화장품 사용 시 또는 사용 후 직사광선에 의하여 사용 부위가 붉은 반점, 부어오름 또는 가려움증 등의 이상 증상이나 부작용이 있는 경우 전문의 등과 상담할 것.
상처가 있는 부위 등에는 사용을 자제할 것.
보관 및 취급 시의 주의사항 — 어린이의 손이 닿지 않는 곳에 보관할 것. 직사광선을 피해서 보관할 것.

## 사용성 평가
자체 진행한 사용성 평가 결과입니다. 시험 대상자 31명, 8주간 1일 2회 사용 조건입니다.

- 사용 직후 수분량 35% 증가 (기기 측정)
- 8주 후 피부 거칠기 30% 개선
- 사용자의 77%가 「다시 구매할 의향이 있다」고 응답
- 시험 기간 중 이상 반응을 보고한 대상자 없음

본 결과는 개인에 따라 다를 수 있으며 질병의 예방이나 치료를 위한 것이 아닙니다.

## 자주 묻는 질문
Q. 유통기한이 어떻게 되나요?
A. 제조일로부터 30개월이며, 개봉 후에는 12개월 이내에 사용하시는 것을 권장합니다. 용기 하단에서 제조일자를 확인하실 수 있습니다.

Q. 아침에도 쓸 수 있나요?
A. 네, 아침저녁 모두 사용하실 수 있습니다. 다만 아침에 사용하실 때는 자외선 차단제를 반드시 함께 발라 주세요.

Q. 피부가 따가운데 계속 써도 되나요?
A. 사용을 중단하시고 상태를 지켜봐 주세요. 증상이 이어지면 전문의와 상담하시기 바랍니다.

## 배송 및 교환
평일 오후 2시 이전 결제 건은 당일 출고됩니다. 도서·산간 지역은 배송이 하루 이틀 더 걸릴 수 있습니다.
단순 변심에 의한 교환 및 반품은 수령일로부터 7일 이내에 가능하며 왕복 배송비가 부과됩니다.
개봉하였거나 사용한 흔적이 있는 상품은 교환 및 반품이 어렵습니다.
상품에 하자가 있는 경우에는 배송비 부담 없이 교환해 드립니다."
P104,"## 제품 소개
라온셀은 2009년 작은 연구실에서 시작했습니다. 피부에 얹는 것은 적을수록 좋다는 생각으로 불필요한 성분을 덜어내는 일에 오래 매달려 왔습니다. 화려한 광고 대신 성분표로 이야기하겠습니다.

콜라겐 시카 선크림은 진정 고민을 겪는 분들을 위해 만들었습니다. 민감성을 기준으로 배합했고, 50ml 용량으로 담았습니다. 여러 차례의 사용성 평가를 거쳐 제형을 확정했습니다.

## 주요 성분
콜라겐은 탄력을 채우는 데 쓰이며, 이 제품에는 흡수를 고려해 저분자로 분해한 형태를 넣었습니다.

전성분: 글리세린, 판테놀, 부틸렌글라이콜, 베타인, 카프릴릴글라이콜, 트로메타민, 다이소듐이디티에이, 소듐하이알루로네이트, 1,2-헥산다이올, 잔탄검, 카보머, 알란토인, 에틸헥실글리세린, 콜라겐 추출물, 향료

## 이런 분께 권합니다
민감성이신 분, 진정 때문에 오래 고민하신 분께 권합니다. 처음 쓰시는 분도 부담 없이 시작하실 수 있습니다.

## 사용법
기초 마지막 단계에 사용합니다. 외출 20분 전에 충분한 양을 바르고, 야외 활동 시에는 2~3시간마다 덧발라 주세요.

## 주의사항
화장품 사용 시 또는 사용 후 직사광선에 의하여 사용 부위가 붉은 반점, 부어오름 또는 가려움증 등의 이상 증상이나 부작용이 있는 경우 전문의 등과 상담할 것.
상처가 있는 부위 등에는 사용을 자제할 것.
보관 및 취급 시의 주의사항 — 어린이의 손이 닿지 않는 곳에 보관할 것. 직사광선을 피해서 보관할 것.

## 사용성 평가
자체 진행한 사용성 평가 결과입니다. 시험 대상자 31명, 8주간 1일 2회 사용 조건입니다.

- 사용 직후 수분량 47% 증가 (기기 측정)
- 8주 후 피부 거칠기 19% 개선
- 사용자의 78%가 「다시 구매할 의향이 있다」고 응답
- 시험 기간 중 이상 반응을 보고한 대상자 없음

본 결과는 개인에 따라 다를 수 있으며 질병의 예방이나 치료를 위한 것이 아닙니다.

## 배송 및 교환
평일 오후 2시 이전 결제 건은 당일 출고됩니다. 도서·산간 지역은 배송이 하루 이틀 더 걸릴 수 있습니다.
단순 변심에 의한 교환 및 반품은 수령일로부터 7일 이내에 가능하며 왕복 배송비가 부과됩니다.
개봉하였거나 사용한 흔적이 있는 상품은 교환 및 반품이 어렵습니다.
상품에 하자가 있는 경우에는 배송비 부담 없이 교환해 드립니다."
P105,"## 제품 소개
데일리랩은 매일 쓰는 것을 만듭니다. 특별한 날의 화려함보다 매일의 꾸준함이 피부를 바꾼다고 생각합니다. 그래서 가격도 매일 쓸 수 있게 맞췄습니다.

쌀겨 수분 에센스은 수분 고민을 겪는 분들을 위해 만들었습니다. 지성을 기준으로 배합했고, 80ml 용량으로 담았습니다. 출시 전 3개월간 자체 모니터링을 진행했습니다.

## 주요 성분
쌀겨 추출물과 미세 분말이 묵은 각질을 부드럽게 녹입니다. 알갱이로 문지르는 방식이 아니라 녹여내는 방식이라 마찰이 적습니다.

전성분: 베타인, 잔탄검, 1,2-헥산다이올, 부틸렌글라이콜, 정제수, 판테놀, 카보머, 알란토인, 카프릴릴글라이콜, 쌀겨 추출물, 향료

## 이런 분께 권합니다
지성이신 분, 수분 때문에 오래 고민하신 분께 권합니다. 처음 쓰시는 분도 부담 없이 시작하실 수 있습니다.

## 사용법
토너로 결을 정리한 뒤 사용합니다. 2~3회 펌핑해 얼굴 전체에 펴 바르고 가볍게 두드려 흡수시켜 주세요.

## 주의사항
각질 관리 성분이 함유되어 있습니다. 민감성 피부 및 상처가 있는 부위에는 사용하지 마세요. 사용 빈도는 주 2회를 넘기지 않는 것을 권합니다.
화장품 사용 시 또는 사용 후 직사광선에 의하여 사용 부위가 붉은 반점, 부어오름 또는 가려움증 등의 이상 증상이나 부작용이 있는 경우 전문의 등과 상담할 것.
상처가 있는 부위 등에는 사용을 자제할 것.
보관 및 취급 시의 주의사항 — 어린이의 손이 닿지 않는 곳에 보관할 것. 직사광선을 피해서 보관할 것.

## 구매하신 분들의 이야기
구매하신 분들이 자주 남겨주신 이야기를 정리했습니다.

가장 많이 언급된 표현은 「산뜻하다」와 「가성비가 좋다」였습니다. 특히 장마철에 만족도가 높다는 의견이 많았고,
제형이 꾸덕한 편이라 이 점을 좋아하시는 분과 아쉬워하시는 분이 나뉘었습니다.
향에 대해서는 인공적이지 않다라는 점을 장점으로 꼽아 주신 분이 많았습니다.
재구매 의사를 밝혀 주신 분의 비율이 높은 편이며, 용량 대비 가격에 대한 의견은 엇갈립니다.

## 자주 묻는 질문
Q. 용기가 펌프인가요?
A. 위생과 산화를 고려해 펌프 형태로 제작했습니다. 마지막까지 쓰실 수 있도록 용기 안쪽을 비스듬히 설계했습니다.

Q. 남성이 써도 되나요?
A. 성별과 무관하게 사용하실 수 있습니다. 면도 직후에는 자극이 있을 수 있으니 시간을 두고 사용해 주세요.

Q. 유통기한이 어떻게 되나요?
A. 제조일로부터 30개월이며, 개봉 후에는 12개월 이내에 사용하시는 것을 권장합니다. 용기 하단에서 제조일자를 확인하실 수 있습니다.

Q. 임신 중에도 사용 가능한가요?
A. 제품 특성상 개인차가 있을 수 있으므로 임신 중이시라면 사용 전에 전문의와 상담하시기를 권해 드립니다.

Q. 피부가 따가운데 계속 써도 되나요?
A. 사용을 중단하시고 상태를 지켜봐 주세요. 증상이 이어지면 전문의와 상담하시기 바랍니다.

Q. 샘플을 받아볼 수 있나요?
A. 고객센터로 문의해 주시면 재고 상황에 따라 안내해 드리고 있습니다.

## 배송 및 교환
평일 오후 2시 이전 결제 건은 당일 출고됩니다. 도서·산간 지역은 배송이 하루 이틀 더 걸릴 수 있습니다.
단순 변심에 의한 교환 및 반품은 수령일로부터 7일 이내에 가능하며 왕복 배송비가 부과됩니다.
개봉하였거나 사용한 흔적이 있는 상품은 교환 및 반품이 어렵습니다.
상품에 하자가 있는 경우에는 배송비 부담 없이 교환해 드립니다."
P106,"## 제품 소개
세라마이드 필링 클렌징오일은 각질 고민을 겪는 분들을 위해 만들었습니다. 건성을 기준으로 배합했고, 150ml 용량으로 담았습니다. 성분 하나를 넣고 빼는 데 오래 고민했습니다.

## 주요 성분
세라마이드는 원래 피부 각질층에 있는 지질 성분입니다. 나이가 들거나 건조한 환경에 오래 있으면 줄어드는데, 이 제품은 그 빈자리를 채우는 것을 목표로 배합했습니다.

전성분: 글리세린, 트로메타민, 소듐하이알루로네이트, 1,2-헥산다이올, 에틸헥실글리세린, 정제수, 세라마이드 추출물, 향료

## 이런 분께 권합니다
건성이신 분, 각질 때문에 오래 고민하신 분께 권합니다. 환절기마다 컨디션이 흔들리는 분께도 잘 맞습니다.

## 사용법
마른 손과 마른 얼굴에 사용합니다. 얼굴 전체에 펴 발라 메이크업을 녹인 뒤 미온수를 조금씩 더해 유화시키고 헹궈냅니다.

## 주의사항
화장품 사용 시 또는 사용 후 직사광선에 의하여 사용 부위가 붉은 반점, 부어오름 또는 가려움증 등의 이상 증상이나 부작용이 있는 경우 전문의 등과 상담할 것.
상처가 있는 부위 등에는 사용을 자제할 것.
보관 및 취급 시의 주의사항 — 어린이의 손이 닿지 않는 곳에 보관할 것. 직사광선을 피해서 보관할 것.

## 구매하신 분들의 이야기
구매하신 분들이 자주 남겨주신 이야기를 정리했습니다.

가장 많이 언급된 표현은 「부담 없다」와 「향이 은은하다」였습니다. 특히 장마철에 만족도가 높다는 의견이 많았고,
제형이 가벼운 편이라 이 점을 좋아하시는 분과 아쉬워하시는 분이 나뉘었습니다.
향에 대해서는 무향에 가깝다라는 점을 장점으로 꼽아 주신 분이 많았습니다.
재구매 의사를 밝혀 주신 분의 비율이 높은 편이며, 용량 대비 가격에 대한 의견은 엇갈립니다.

## 배송 및 교환
평일 오후 2시 이전 결제 건은 당일 출고됩니다. 도서·산간 지역은 배송이 하루 이틀 더 걸릴 수 있습니다.
단순 변심에 의한 교환 및 반품은 수령일로부터 7일 이내에 가능하며 왕복 배송비가 부과됩니다.
개봉하였거나 사용한 흔적이 있는 상품은 교환 및 반품이 어렵습니다.
상품에 하자가 있는 경우에는 배송비 부담 없이 교환해 드립니다."
P107,"## 제품 소개
알로에 포어 마스크팩은 모공 고민을 겪는 분들을 위해 만들었습니다. 건성을 기준으로 배합했고, 10매 용량으로 담았습니다. 여러 차례의 사용성 평가를 거쳐 제형을 확정했습니다.

## 주요 성분
알로에 잎의 겔 부분만 골라 담았습니다. 수분을 오래 붙잡아두는 성질이 있어 여름철 진정용으로도 많이 찾으십니다.

전성분: 잔탄검, 정제수, 알란토인, 에틸헥실글리세린, 판테놀, 다이소듐이디티에이, 부틸렌글라이콜, 알로에 추출물, 향료

## 사용법
토너로 결을 정리한 뒤 시트를 얼굴에 밀착시켜 15~20분간 둡니다. 떼어낸 뒤 남은 에센스는 두드려 흡수시켜 주세요.

## 주의사항
화장품 사용 시 또는 사용 후 직사광선에 의하여 사용 부위가 붉은 반점, 부어오름 또는 가려움증 등의 이상 증상이나 부작용이 있는 경우 전문의 등과 상담할 것.
상처가 있는 부위 등에는 사용을 자제할 것.
보관 및 취급 시의 주의사항 — 어린이의 손이 닿지 않는 곳에 보관할 것. 직사광선을 피해서 보관할 것.

## 인증 및 시험
- 피부 자극 테스트 완료 (국내 임상시험 기관)
- 알레르기 유발 성분 24종 무첨가
- 동물 실험을 하지 않았습니다
- 환경을 생각한 재활용 가능 용기를 사용했습니다
- 화장품 책임판매업 등록 필증 보유

## 자주 묻는 질문
Q. 임신 중에도 사용 가능한가요?
A. 제품 특성상 개인차가 있을 수 있으므로 임신 중이시라면 사용 전에 전문의와 상담하시기를 권해 드립니다.

Q. 피부가 따가운데 계속 써도 되나요?
A. 사용을 중단하시고 상태를 지켜봐 주세요. 증상이 이어지면 전문의와 상담하시기 바랍니다.

Q. 샘플을 받아볼 수 있나요?
A. 고객센터로 문의해 주시면 재고 상황에 따라 안내해 드리고 있습니다.

Q. 유통기한이 어떻게 되나요?
A. 제조일로부터 30개월이며, 개봉 후에는 12개월 이내에 사용하시는 것을 권장합니다. 용기 하단에서 제조일자를 확인하실 수 있습니다.

Q. 용기가 펌프인가요?
A. 위생과 산화를 고려해 펌프 형태로 제작했습니다. 마지막까지 쓰실 수 있도록 용기 안쪽을 비스듬히 설계했습니다.

Q. 다른 제품과 같이 써도 되나요?
A. 기초 단계 순서만 지켜 주시면 함께 사용하셔도 괜찮습니다. 묽은 것부터 되직한 것 순으로 발라 주세요.

Q. 남성이 써도 되나요?
A. 성별과 무관하게 사용하실 수 있습니다. 면도 직후에는 자극이 있을 수 있으니 시간을 두고 사용해 주세요.

## 배송 및 교환
평일 오후 2시 이전 결제 건은 당일 출고됩니다. 도서·산간 지역은 배송이 하루 이틀 더 걸릴 수 있습니다.
단순 변심에 의한 교환 및 반품은 수령일로부터 7일 이내에 가능하며 왕복 배송비가 부과됩니다.
개봉하였거나 사용한 흔적이 있는 상품은 교환 및 반품이 어렵습니다.
상품에 하자가 있는 경우에는 배송비 부담 없이 교환해 드립니다."
P108,"## 제품 소개
물빛연구소는 물의 결을 닮은 제형을 연구합니다. 무겁게 덮는 대신 스미게 하는 것, 그 한 가지를 위해 십수 년간 배합비를 고쳐 왔습니다. 오늘도 실험실의 불은 늦게까지 켜져 있습니다.

세라마이드 링클 에센스은 주름 고민을 겪는 분들을 위해 만들었습니다. 건성을 기준으로 배합했고, 100ml 용량으로 담았습니다. 성분 하나를 넣고 빼는 데 오래 고민했습니다.

## 주요 성분
세라마이드는 원래 피부 각질층에 있는 지질 성분입니다. 나이가 들거나 건조한 환경에 오래 있으면 줄어드는데, 이 제품은 그 빈자리를 채우는 것을 목표로 배합했습니다.

전성분: 잔탄검, 에틸헥실글리세린, 카보머, 글리세린, 정제수, 카프릴릴글라이콜, 소듐하이알루로네이트, 알란토인, 부틸렌글라이콜, 다이소듐이디티에이, 세라마이드 추출물, 향료

## 사용법
토너로 결을 정리한 뒤 사용합니다. 2~3회 펌핑해 얼굴 전체에 펴 바르고 가볍게 두드려 흡수시켜 주세요.

## 주의사항
화장품 사용 시 또는 사용 후 직사광선에 의하여 사용 부위가 붉은 반점, 부어오름 또는 가려움증 등의 이상 증상이나 부작용이 있는 경우 전문의 등과 상담할 것.
상처가 있는 부위 등에는 사용을 자제할 것.
보관 및 취급 시의 주의사항 — 어린이의 손이 닿지 않는 곳에 보관할 것. 직사광선을 피해서 보관할 것.

## 배송 및 교환
평일 오후 2시 이전 결제 건은 당일 출고됩니다. 도서·산간 지역은 배송이 하루 이틀 더 걸릴 수 있습니다.
단순 변심에 의한 교환 및 반품은 수령일로부터 7일 이내에 가능하며 왕복 배송비가 부과됩니다.
개봉하였거나 사용한 흔적이 있는 상품은 교환 및 반품이 어렵습니다.
상품에 하자가 있는 경우에는 배송비 부담 없이 교환해 드립니다."
P109,"## 제품 소개
물빛연구소는 물의 결을 닮은 제형을 연구합니다. 무겁게 덮는 대신 스미게 하는 것, 그 한 가지를 위해 십수 년간 배합비를 고쳐 왔습니다. 오늘도 실험실의 불은 늦게까지 켜져 있습니다.

쌀겨 브라이트닝 클렌징폼은 미백 고민을 겪는 분들을 위해 만들었습니다. 모든 피부을 기준으로 배합했고, 150ml 용량으로 담았습니다. 성분 하나를 넣고 빼는 데 오래 고민했습니다.

## 주요 성분
쌀겨 추출물과 미세 분말이 묵은 각질을 부드럽게 녹입니다. 알갱이로 문지르는 방식이 아니라 녹여내는 방식이라 마찰이 적습니다.

전성분: 알란토인, 카프릴릴글라이콜, 정제수, 잔탄검, 소듐하이알루로네이트, 트로메타민, 부틸렌글라이콜, 판테놀, 1,2-헥산다이올, 다이소듐이디티에이, 카보머, 베타인, 에틸헥실글리세린, 쌀겨 추출물, 향료

## 이런 분께 권합니다
모든 피부이신 분, 미백 때문에 오래 고민하신 분께 권합니다. 기초 단계를 줄이고 싶은 분께 적합합니다.

## 사용법
미온수로 얼굴을 적신 뒤 적당량을 손에 덜어 거품을 충분히 낸 다음 얼굴에 올려 부드럽게 굴리듯 세안합니다.

## 주의사항
각질 관리 성분이 함유되어 있습니다. 민감성 피부 및 상처가 있는 부위에는 사용하지 마세요. 사용 빈도는 주 2회를 넘기지 않는 것을 권합니다.
화장품 사용 시 또는 사용 후 직사광선에 의하여 사용 부위가 붉은 반점, 부어오름 또는 가려움증 등의 이상 증상이나 부작용이 있는 경우 전문의 등과 상담할 것.
상처가 있는 부위 등에는 사용을 자제할 것.
보관 및 취급 시의 주의사항 — 어린이의 손이 닿지 않는 곳에 보관할 것. 직사광선을 피해서 보관할 것.

## 사용성 평가
자체 진행한 사용성 평가 결과입니다. 시험 대상자 30명, 6주간 1일 2회 사용 조건입니다.

- 사용 직후 수분량 23% 증가 (기기 측정)
- 6주 후 피부 거칠기 16% 개선
- 사용자의 78%가 「다시 구매할 의향이 있다」고 응답
- 시험 기간 중 이상 반응을 보고한 대상자 없음

본 결과는 개인에 따라 다를 수 있으며 질병의 예방이나 치료를 위한 것이 아닙니다.

## 인증 및 시험
- 피부 자극 테스트 완료 (국내 임상시험 기관)
- 알레르기 유발 성분 24종 무첨가
- 동물 실험을 하지 않았습니다
- 환경을 생각한 재활용 가능 용기를 사용했습니다
- 화장품 책임판매업 등록 필증 보유

## 자주 묻는 질문
Q. 아침에도 쓸 수 있나요?
A. 네, 아침저녁 모두 사용하실 수 있습니다. 다만 아침에 사용하실 때는 자외선 차단제를 반드시 함께 발라 주세요.

Q. 유통기한이 어떻게 되나요?
A. 제조일로부터 30개월이며, 개봉 후에는 12개월 이내에 사용하시는 것을 권장합니다. 용기 하단에서 제조일자를 확인하실 수 있습니다.

## 배송 및 교환
평일 오후 2시 이전 결제 건은 당일 출고됩니다. 도서·산간 지역은 배송이 하루 이틀 더 걸릴 수 있습니다.
단순 변심에 의한 교환 및 반품은 수령일로부터 7일 이내에 가능하며 왕복 배송비가 부과됩니다.
개봉하였거나 사용한 흔적이 있는 상품은 교환 및 반품이 어렵습니다.
상품에 하자가 있는 경우에는 배송비 부담 없이 교환해 드립니다."
P110,"## 제품 소개
알로에 트러블 세럼은 트러블 고민을 겪는 분들을 위해 만들었습니다. 건성을 기준으로 배합했고, 50ml 용량으로 담았습니다. 여러 차례의 사용성 평가를 거쳐 제형을 확정했습니다.

## 주요 성분
알로에 잎의 겔 부분만 골라 담았습니다. 수분을 오래 붙잡아두는 성질이 있어 여름철 진정용으로도 많이 찾으십니다.

전성분: 판테놀, 카보머, 잔탄검, 1,2-헥산다이올, 알란토인, 다이소듐이디티에이, 정제수, 베타인, 부틸렌글라이콜, 글리세린, 알로에 추출물, 향료

## 이런 분께 권합니다
건성이신 분, 트러블 때문에 오래 고민하신 분께 권합니다. 환절기마다 컨디션이 흔들리는 분께도 잘 맞습니다.

## 사용법
에센스 다음 단계에서 사용합니다. 건조한 부위에는 한 번 더 덧발라 주세요.

## 주의사항
화장품 사용 시 또는 사용 후 직사광선에 의하여 사용 부위가 붉은 반점, 부어오름 또는 가려움증 등의 이상 증상이나 부작용이 있는 경우 전문의 등과 상담할 것.
상처가 있는 부위 등에는 사용을 자제할 것.
보관 및 취급 시의 주의사항 — 어린이의 손이 닿지 않는 곳에 보관할 것. 직사광선을 피해서 보관할 것.

## 사용성 평가
자체 진행한 사용성 평가 결과입니다. 시험 대상자 21명, 4주간 1일 2회 사용 조건입니다.

- 사용 직후 수분량 20% 증가 (기기 측정)
- 4주 후 피부 거칠기 21% 개선
- 사용자의 85%가 「다시 구매할 의향이 있다」고 응답
- 시험 기간 중 이상 반응을 보고한 대상자 없음

본 결과는 개인에 따라 다를 수 있으며 질병의 예방이나 치료를 위한 것이 아닙니다.

## 인증 및 시험
- 피부 자극 테스트 완료 (국내 임상시험 기관)
- 알레르기 유발 성분 20종 무첨가
- 동물 실험을 하지 않았습니다
- 환경을 생각한 재활용 가능 용기를 사용했습니다
- 화장품 책임판매업 등록 필증 보유

## 자주 묻는 질문
Q. 남성이 써도 되나요?
A. 성별과 무관하게 사용하실 수 있습니다. 면도 직후에는 자극이 있을 수 있으니 시간을 두고 사용해 주세요.

Q. 샘플을 받아볼 수 있나요?
A. 고객센터로 문의해 주시면 재고 상황에 따라 안내해 드리고 있습니다.

Q. 유통기한이 어떻게 되나요?
A. 제조일로부터 30개월이며, 개봉 후에는 12개월 이내에 사용하시는 것을 권장합니다. 용기 하단에서 제조일자를 확인하실 수 있습니다.

Q. 다른 제품과 같이 써도 되나요?
A. 기초 단계 순서만 지켜 주시면 함께 사용하셔도 괜찮습니다. 묽은 것부터 되직한 것 순으로 발라 주세요.

Q. 피부가 따가운데 계속 써도 되나요?
A. 사용을 중단하시고 상태를 지켜봐 주세요. 증상이 이어지면 전문의와 상담하시기 바랍니다.

Q. 임신 중에도 사용 가능한가요?
A. 제품 특성상 개인차가 있을 수 있으므로 임신 중이시라면 사용 전에 전문의와 상담하시기를 권해 드립니다.

## 배송 및 교환
평일 오후 2시 이전 결제 건은 당일 출고됩니다. 도서·산간 지역은 배송이 하루 이틀 더 걸릴 수 있습니다.
단순 변심에 의한 교환 및 반품은 수령일로부터 7일 이내에 가능하며 왕복 배송비가 부과됩니다.
개봉하였거나 사용한 흔적이 있는 상품은 교환 및 반품이 어렵습니다.
상품에 하자가 있는 경우에는 배송비 부담 없이 교환해 드립니다."
P111,"## 제품 소개
나이아신아마이드 브라이트닝 세럼은 미백 고민을 겪는 분들을 위해 만들었습니다. 민감성을 기준으로 배합했고, 50ml 용량으로 담았습니다. 성분 하나를 넣고 빼는 데 오래 고민했습니다.

## 주요 성분
나이아신아마이드는 비타민B3 계열 성분으로, 칙칙해 보이는 기를 덜어내는 데 오래 쓰여 왔습니다. 함량을 2%로 잡아 부담을 낮췄습니다.

전성분: 글리세린, 카보머, 판테놀, 베타인, 소듐하이알루로네이트, 1,2-헥산다이올, 나이아신아마이드 추출물, 향료

## 이런 분께 권합니다
민감성이신 분, 미백 때문에 오래 고민하신 분께 권합니다. 처음 쓰시는 분도 부담 없이 시작하실 수 있습니다.

## 사용법
에센스 다음 단계에서 사용합니다. 건조한 부위에는 한 번 더 덧발라 주세요.

## 주의사항
화장품 사용 시 또는 사용 후 직사광선에 의하여 사용 부위가 붉은 반점, 부어오름 또는 가려움증 등의 이상 증상이나 부작용이 있는 경우 전문의 등과 상담할 것.
상처가 있는 부위 등에는 사용을 자제할 것.
보관 및 취급 시의 주의사항 — 어린이의 손이 닿지 않는 곳에 보관할 것. 직사광선을 피해서 보관할 것.

## 구매하신 분들의 이야기
구매하신 분들이 자주 남겨주신 이야기를 정리했습니다.

가장 많이 언급된 표현은 「순하다」와 「겉돌지 않는다」였습니다. 특히 여름철에 만족도가 높다는 의견이 많았고,
제형이 가벼운 편이라 이 점을 좋아하시는 분과 아쉬워하시는 분이 나뉘었습니다.
향에 대해서는 인공적이지 않다라는 점을 장점으로 꼽아 주신 분이 많았습니다.
재구매 의사를 밝혀 주신 분의 비율이 높은 편이며, 용량 대비 가격에 대한 의견은 엇갈립니다.

## 자주 묻는 질문
Q. 용기가 펌프인가요?
A. 위생과 산화를 고려해 펌프 형태로 제작했습니다. 마지막까지 쓰실 수 있도록 용기 안쪽을 비스듬히 설계했습니다.

Q. 다른 제품과 같이 써도 되나요?
A. 기초 단계 순서만 지켜 주시면 함께 사용하셔도 괜찮습니다. 묽은 것부터 되직한 것 순으로 발라 주세요.

Q. 샘플을 받아볼 수 있나요?
A. 고객센터로 문의해 주시면 재고 상황에 따라 안내해 드리고 있습니다.

Q. 유통기한이 어떻게 되나요?
A. 제조일로부터 30개월이며, 개봉 후에는 12개월 이내에 사용하시는 것을 권장합니다. 용기 하단에서 제조일자를 확인하실 수 있습니다.

## 배송 및 교환
평일 오후 2시 이전 결제 건은 당일 출고됩니다. 도서·산간 지역은 배송이 하루 이틀 더 걸릴 수 있습니다.
단순 변심에 의한 교환 및 반품은 수령일로부터 7일 이내에 가능하며 왕복 배송비가 부과됩니다.
개봉하였거나 사용한 흔적이 있는 상품은 교환 및 반품이 어렵습니다.
상품에 하자가 있는 경우에는 배송비 부담 없이 교환해 드립니다."
P112,"## 제품 소개
피부일기는 매일의 기록에서 출발했습니다. 하루하루 달라지는 피부 상태를 오래 관찰하며, 계절과 컨디션에 따라 달리 쓸 수 있는 제품을 만들어 왔습니다.

어성초 포어 에센스은 모공 고민을 겪는 분들을 위해 만들었습니다. 지성을 기준으로 배합했고, 50ml 용량으로 담았습니다. 여러 차례의 사용성 평가를 거쳐 제형을 확정했습니다.

## 주요 성분
어성초는 예로부터 열감을 식히는 데 써온 식물입니다. 이 제품은 잎과 줄기를 저온에서 우려낸 추출물을 정제수 대신 사용했습니다.

전성분: 잔탄검, 카보머, 카프릴릴글라이콜, 에틸헥실글리세린, 정제수, 베타인, 다이소듐이디티에이, 글리세린, 판테놀, 1,2-헥산다이올, 부틸렌글라이콜, 알란토인, 어성초 추출물, 향료

## 이런 분께 권합니다
지성이신 분, 모공 때문에 오래 고민하신 분께 권합니다. 처음 쓰시는 분도 부담 없이 시작하실 수 있습니다.

## 사용법
토너로 결을 정리한 뒤 사용합니다. 2~3회 펌핑해 얼굴 전체에 펴 바르고 가볍게 두드려 흡수시켜 주세요.

## 주의사항
화장품 사용 시 또는 사용 후 직사광선에 의하여 사용 부위가 붉은 반점, 부어오름 또는 가려움증 등의 이상 증상이나 부작용이 있는 경우 전문의 등과 상담할 것.
상처가 있는 부위 등에는 사용을 자제할 것.
보관 및 취급 시의 주의사항 — 어린이의 손이 닿지 않는 곳에 보관할 것. 직사광선을 피해서 보관할 것.

## 사용성 평가
자체 진행한 사용성 평가 결과입니다. 시험 대상자 31명, 4주간 1일 2회 사용 조건입니다.

- 사용 직후 수분량 22% 증가 (기기 측정)
- 4주 후 피부 거칠기 12% 개선
- 사용자의 80%가 「다시 구매할 의향이 있다」고 응답
- 시험 기간 중 이상 반응을 보고한 대상자 없음

본 결과는 개인에 따라 다를 수 있으며 질병의 예방이나 치료를 위한 것이 아닙니다.

## 인증 및 시험
- 피부 자극 테스트 완료 (국내 임상시험 기관)
- 알레르기 유발 성분 20종 무첨가
- 동물 실험을 하지 않았습니다
- 환경을 생각한 재활용 가능 용기를 사용했습니다
- 화장품 책임판매업 등록 필증 보유

## 구매하신 분들의 이야기
구매하신 분들이 자주 남겨주신 이야기를 정리했습니다.

가장 많이 언급된 표현은 「부담 없다」와 「흡수가 빠르다」였습니다. 특히 봄가을 환절철에 만족도가 높다는 의견이 많았고,
제형이 가벼운 편이라 이 점을 좋아하시는 분과 아쉬워하시는 분이 나뉘었습니다.
향에 대해서는 무향에 가깝다라는 점을 장점으로 꼽아 주신 분이 많았습니다.
재구매 의사를 밝혀 주신 분의 비율이 높은 편이며, 용량 대비 가격에 대한 의견은 엇갈립니다.

## 배송 및 교환
평일 오후 2시 이전 결제 건은 당일 출고됩니다. 도서·산간 지역은 배송이 하루 이틀 더 걸릴 수 있습니다.
단순 변심에 의한 교환 및 반품은 수령일로부터 7일 이내에 가능하며 왕복 배송비가 부과됩니다.
개봉하였거나 사용한 흔적이 있는 상품은 교환 및 반품이 어렵습니다.
상품에 하자가 있는 경우에는 배송비 부담 없이 교환해 드립니다."
P113,"## 제품 소개
약산성 아미노산 탄력 클렌징오일은 탄력 고민을 겪는 분들을 위해 만들었습니다. 복합성을 기준으로 배합했고, 150ml 용량으로 담았습니다. 출시 전 3개월간 자체 모니터링을 진행했습니다.

## 주요 성분
약산성 아미노산 계면활성제를 사용했습니다. 세정력은 유지하면서 씻고 난 뒤 당김을 줄이는 데 초점을 맞췄습니다.

전성분: 소듐하이알루로네이트, 에틸헥실글리세린, 베타인, 정제수, 카보머, 잔탄검, 알란토인, 카프릴릴글라이콜, 다이소듐이디티에이, 약산성 아미노산 추출물, 향료

## 사용법
마른 손과 마른 얼굴에 사용합니다. 얼굴 전체에 펴 발라 메이크업을 녹인 뒤 미온수를 조금씩 더해 유화시키고 헹궈냅니다.

## 주의사항
화장품 사용 시 또는 사용 후 직사광선에 의하여 사용 부위가 붉은 반점, 부어오름 또는 가려움증 등의 이상 증상이나 부작용이 있는 경우 전문의 등과 상담할 것.
상처가 있는 부위 등에는 사용을 자제할 것.
보관 및 취급 시의 주의사항 — 어린이의 손이 닿지 않는 곳에 보관할 것. 직사광선을 피해서 보관할 것.

## 인증 및 시험
- 피부 자극 테스트 완료 (국내 임상시험 기관)
- 알레르기 유발 성분 20종 무첨가
- 동물 실험을 하지 않았습니다
- 환경을 생각한 재활용 가능 용기를 사용했습니다
- 화장품 책임판매업 등록 필증 보유

## 배송 및 교환
평일 오후 2시 이전 결제 건은 당일 출고됩니다. 도서·산간 지역은 배송이 하루 이틀 더 걸릴 수 있습니다.
단순 변심에 의한 교환 및 반품은 수령일로부터 7일 이내에 가능하며 왕복 배송비가 부과됩니다.
개봉하였거나 사용한 흔적이 있는 상품은 교환 및 반품이 어렵습니다.
상품에 하자가 있는 경우에는 배송비 부담 없이 교환해 드립니다."
P114,"## 제품 소개
모이스트랩은 수분에 집중합니다. 겉만 촉촉한 것과 속까지 채우는 것은 다르다는 것을 여러 실험으로 확인했고, 그 차이를 제형에 담았습니다.

병풀 필링 클렌징폼은 각질 고민을 겪는 분들을 위해 만들었습니다. 지성을 기준으로 배합했고, 120ml 용량으로 담았습니다. 출시 전 3개월간 자체 모니터링을 진행했습니다.

## 주요 성분
병풀 추출물은 예민해진 피부를 진정시키는 데 쓰입니다. 마데카소사이드를 포함한 네 가지 지표 성분을 함께 담았습니다.

전성분: 알란토인, 카프릴릴글라이콜, 트로메타민, 다이소듐이디티에이, 소듐하이알루로네이트, 베타인, 병풀 추출물, 향료

## 사용법
미온수로 얼굴을 적신 뒤 적당량을 손에 덜어 거품을 충분히 낸 다음 얼굴에 올려 부드럽게 굴리듯 세안합니다.

## 주의사항
화장품 사용 시 또는 사용 후 직사광선에 의하여 사용 부위가 붉은 반점, 부어오름 또는 가려움증 등의 이상 증상이나 부작용이 있는 경우 전문의 등과 상담할 것.
상처가 있는 부위 등에는 사용을 자제할 것.
보관 및 취급 시의 주의사항 — 어린이의 손이 닿지 않는 곳에 보관할 것. 직사광선을 피해서 보관할 것.

## 인증 및 시험
- 피부 자극 테스트 완료 (국내 임상시험 기관)
- 알레르기 유발 성분 20종 무첨가
- 동물 실험을 하지 않았습니다
- 환경을 생각한 재활용 가능 용기를 사용했습니다
- 화장품 책임판매업 등록 필증 보유

## 구매하신 분들의 이야기
구매하신 분들이 자주 남겨주신 이야기를 정리했습니다.

가장 많이 언급된 표현은 「부담 없다」와 「흡수가 빠르다」였습니다. 특히 봄가을 환절철에 만족도가 높다는 의견이 많았고,
제형이 꾸덕한 편이라 이 점을 좋아하시는 분과 아쉬워하시는 분이 나뉘었습니다.
향에 대해서는 은은하다라는 점을 장점으로 꼽아 주신 분이 많았습니다.
재구매 의사를 밝혀 주신 분의 비율이 높은 편이며, 용량 대비 가격에 대한 의견은 엇갈립니다.

## 배송 및 교환
평일 오후 2시 이전 결제 건은 당일 출고됩니다. 도서·산간 지역은 배송이 하루 이틀 더 걸릴 수 있습니다.
단순 변심에 의한 교환 및 반품은 수령일로부터 7일 이내에 가능하며 왕복 배송비가 부과됩니다.
개봉하였거나 사용한 흔적이 있는 상품은 교환 및 반품이 어렵습니다.
상품에 하자가 있는 경우에는 배송비 부담 없이 교환해 드립니다."
P115,"## 제품 소개
미니멀스킨은 덜어내는 브랜드입니다. 성분 수를 줄이고 공정을 줄이고 포장을 줄였습니다. 남은 것은 꼭 필요한 것뿐입니다.

비타민C 트러블 클렌징오일은 트러블 고민을 겪는 분들을 위해 만들었습니다. 복합성을 기준으로 배합했고, 150ml 용량으로 담았습니다. 성분 하나를 넣고 빼는 데 오래 고민했습니다.

## 주요 성분
비타민C는 맑은 결을 만드는 데 널리 쓰이지만 공기와 빛에 약합니다. 이 제품은 안정화된 유도체를 사용했고 불투명 용기에 담았습니다.

전성분: 카보머, 트로메타민, 글리세린, 잔탄검, 부틸렌글라이콜, 소듐하이알루로네이트, 카프릴릴글라이콜, 1,2-헥산다이올, 판테놀, 정제수, 비타민C 추출물, 향료

## 이런 분께 권합니다
복합성이신 분, 트러블 때문에 오래 고민하신 분께 권합니다. 처음 쓰시는 분도 부담 없이 시작하실 수 있습니다.

## 사용법
마른 손과 마른 얼굴에 사용합니다. 얼굴 전체에 펴 발라 메이크업을 녹인 뒤 미온수를 조금씩 더해 유화시키고 헹궈냅니다.

## 주의사항
고농도 비타민C 유도체가 함유되어 있습니다. 민감성 피부에는 따가움이 느껴질 수 있으므로 사용을 권하지 않습니다. 개봉 후에는 색이 변할 수 있으니 3개월 이내에 사용해 주세요.
화장품 사용 시 또는 사용 후 직사광선에 의하여 사용 부위가 붉은 반점, 부어오름 또는 가려움증 등의 이상 증상이나 부작용이 있는 경우 전문의 등과 상담할 것.
상처가 있는 부위 등에는 사용을 자제할 것.
보관 및 취급 시의 주의사항 — 어린이의 손이 닿지 않는 곳에 보관할 것. 직사광선을 피해서 보관할 것.

## 구매하신 분들의 이야기
구매하신 분들이 자주 남겨주신 이야기를 정리했습니다.

가장 많이 언급된 표현은 「부담 없다」와 「흡수가 빠르다」였습니다. 특히 장마철에 만족도가 높다는 의견이 많았고,
제형이 젤 같은 편이라 이 점을 좋아하시는 분과 아쉬워하시는 분이 나뉘었습니다.
향에 대해서는 무향에 가깝다라는 점을 장점으로 꼽아 주신 분이 많았습니다.
재구매 의사를 밝혀 주신 분의 비율이 높은 편이며, 용량 대비 가격에 대한 의견은 엇갈립니다.

## 자주 묻는 질문
Q. 샘플을 받아볼 수 있나요?
A. 고객센터로 문의해 주시면 재고 상황에 따라 안내해 드리고 있습니다.

Q. 용기가 펌프인가요?
A. 위생과 산화를 고려해 펌프 형태로 제작했습니다. 마지막까지 쓰실 수 있도록 용기 안쪽을 비스듬히 설계했습니다.

Q. 남성이 써도 되나요?
A. 성별과 무관하게 사용하실 수 있습니다. 면도 직후에는 자극이 있을 수 있으니 시간을 두고 사용해 주세요.

Q. 아침에도 쓸 수 있나요?
A. 네, 아침저녁 모두 사용하실 수 있습니다. 다만 아침에 사용하실 때는 자외선 차단제를 반드시 함께 발라 주세요.

## 배송 및 교환
평일 오후 2시 이전 결제 건은 당일 출고됩니다. 도서·산간 지역은 배송이 하루 이틀 더 걸릴 수 있습니다.
단순 변심에 의한 교환 및 반품은 수령일로부터 7일 이내에 가능하며 왕복 배송비가 부과됩니다.
개봉하였거나 사용한 흔적이 있는 상품은 교환 및 반품이 어렵습니다.
상품에 하자가 있는 경우에는 배송비 부담 없이 교환해 드립니다."
P116,"## 제품 소개
물빛연구소는 물의 결을 닮은 제형을 연구합니다. 무겁게 덮는 대신 스미게 하는 것, 그 한 가지를 위해 십수 년간 배합비를 고쳐 왔습니다. 오늘도 실험실의 불은 늦게까지 켜져 있습니다.

알로에 트러블 크림은 트러블 고민을 겪는 분들을 위해 만들었습니다. 건성을 기준으로 배합했고, 50ml 용량으로 담았습니다. 출시 전 3개월간 자체 모니터링을 진행했습니다.

## 주요 성분
알로에 잎의 겔 부분만 골라 담았습니다. 수분을 오래 붙잡아두는 성질이 있어 여름철 진정용으로도 많이 찾으십니다.

전성분: 부틸렌글라이콜, 트로메타민, 소듐하이알루로네이트, 잔탄검, 정제수, 판테놀, 알로에 추출물, 향료

## 이런 분께 권합니다
건성이신 분, 트러블 때문에 오래 고민하신 분께 권합니다. 환절기마다 컨디션이 흔들리는 분께도 잘 맞습니다.

## 사용법
기초 단계의 마지막에 사용합니다. 적당량을 덜어 얼굴 안쪽에서 바깥쪽으로 펴 발라 주세요.

## 주의사항
화장품 사용 시 또는 사용 후 직사광선에 의하여 사용 부위가 붉은 반점, 부어오름 또는 가려움증 등의 이상 증상이나 부작용이 있는 경우 전문의 등과 상담할 것.
상처가 있는 부위 등에는 사용을 자제할 것.
보관 및 취급 시의 주의사항 — 어린이의 손이 닿지 않는 곳에 보관할 것. 직사광선을 피해서 보관할 것.

## 사용성 평가
자체 진행한 사용성 평가 결과입니다. 시험 대상자 30명, 6주간 1일 2회 사용 조건입니다.

- 사용 직후 수분량 49% 증가 (기기 측정)
- 6주 후 피부 거칠기 30% 개선
- 사용자의 79%가 「다시 구매할 의향이 있다」고 응답
- 시험 기간 중 이상 반응을 보고한 대상자 없음

본 결과는 개인에 따라 다를 수 있으며 질병의 예방이나 치료를 위한 것이 아닙니다.

## 자주 묻는 질문
Q. 다른 제품과 같이 써도 되나요?
A. 기초 단계 순서만 지켜 주시면 함께 사용하셔도 괜찮습니다. 묽은 것부터 되직한 것 순으로 발라 주세요.

Q. 샘플을 받아볼 수 있나요?
A. 고객센터로 문의해 주시면 재고 상황에 따라 안내해 드리고 있습니다.

## 배송 및 교환
평일 오후 2시 이전 결제 건은 당일 출고됩니다. 도서·산간 지역은 배송이 하루 이틀 더 걸릴 수 있습니다.
단순 변심에 의한 교환 및 반품은 수령일로부터 7일 이내에 가능하며 왕복 배송비가 부과됩니다.
개봉하였거나 사용한 흔적이 있는 상품은 교환 및 반품이 어렵습니다.
상품에 하자가 있는 경우에는 배송비 부담 없이 교환해 드립니다."
P117,"## 제품 소개
포레스트힐은 언덕 위 작은 농장에서 시작했습니다. 직접 기른 원료로 만들던 방식을 지금도 이어가고 있으며, 생산량이 적어 품절이 잦은 점 양해 부탁드립니다.

나이아신아마이드 탄력 앰플은 탄력 고민을 겪는 분들을 위해 만들었습니다. 모든 피부을 기준으로 배합했고, 50ml 용량으로 담았습니다. 성분 하나를 넣고 빼는 데 오래 고민했습니다.

## 주요 성분
나이아신아마이드는 비타민B3 계열 성분으로, 칙칙해 보이는 기를 덜어내는 데 오래 쓰여 왔습니다. 함량을 2%로 잡아 부담을 낮췄습니다.

전성분: 잔탄검, 다이소듐이디티에이, 알란토인, 소듐하이알루로네이트, 베타인, 판테놀, 부틸렌글라이콜, 나이아신아마이드 추출물, 향료

## 이런 분께 권합니다
모든 피부이신 분, 탄력 때문에 오래 고민하신 분께 권합니다. 환절기마다 컨디션이 흔들리는 분께도 잘 맞습니다.

## 사용법
집중 관리가 필요할 때 세럼 대신 또는 세럼 다음에 사용합니다. 매일 써도 되지만 주 2~3회 집중 사용도 좋습니다.

## 주의사항
화장품 사용 시 또는 사용 후 직사광선에 의하여 사용 부위가 붉은 반점, 부어오름 또는 가려움증 등의 이상 증상이나 부작용이 있는 경우 전문의 등과 상담할 것.
상처가 있는 부위 등에는 사용을 자제할 것.
보관 및 취급 시의 주의사항 — 어린이의 손이 닿지 않는 곳에 보관할 것. 직사광선을 피해서 보관할 것.

## 사용성 평가
자체 진행한 사용성 평가 결과입니다. 시험 대상자 31명, 4주간 1일 2회 사용 조건입니다.

- 사용 직후 수분량 21% 증가 (기기 측정)
- 4주 후 피부 거칠기 16% 개선
- 사용자의 93%가 「다시 구매할 의향이 있다」고 응답
- 시험 기간 중 이상 반응을 보고한 대상자 없음

본 결과는 개인에 따라 다를 수 있으며 질병의 예방이나 치료를 위한 것이 아닙니다.

## 자주 묻는 질문
Q. 샘플을 받아볼 수 있나요?
A. 고객센터로 문의해 주시면 재고 상황에 따라 안내해 드리고 있습니다.

Q. 피부가 따가운데 계속 써도 되나요?
A. 사용을 중단하시고 상태를 지켜봐 주세요. 증상이 이어지면 전문의와 상담하시기 바랍니다.

## 배송 및 교환
평일 오후 2시 이전 결제 건은 당일 출고됩니다. 도서·산간 지역은 배송이 하루 이틀 더 걸릴 수 있습니다.
단순 변심에 의한 교환 및 반품은 수령일로부터 7일 이내에 가능하며 왕복 배송비가 부과됩니다.
개봉하였거나 사용한 흔적이 있는 상품은 교환 및 반품이 어렵습니다.
상품에 하자가 있는 경우에는 배송비 부담 없이 교환해 드립니다."
P118,"## 제품 소개
피부일기는 매일의 기록에서 출발했습니다. 하루하루 달라지는 피부 상태를 오래 관찰하며, 계절과 컨디션에 따라 달리 쓸 수 있는 제품을 만들어 왔습니다.

히알루론산 브라이트닝 아이크림은 미백 고민을 겪는 분들을 위해 만들었습니다. 모든 피부을 기준으로 배합했고, 20ml 용량으로 담았습니다. 여러 차례의 사용성 평가를 거쳐 제형을 확정했습니다.

## 주요 성분
히알루론산은 자기 무게의 수백 배에 달하는 수분을 끌어안는 성분입니다. 이 제품에는 분자 크기가 다른 세 종류를 함께 넣어 겉과 속에 나누어 자리 잡도록 했습니다.

전성분: 정제수, 부틸렌글라이콜, 잔탄검, 트로메타민, 카프릴릴글라이콜, 베타인, 히알루론산 추출물, 향료

## 이런 분께 권합니다
모든 피부이신 분, 미백 때문에 오래 고민하신 분께 권합니다. 기초 단계를 줄이고 싶은 분께 적합합니다.

## 사용법
기초 마지막 단계에 눈가에 사용합니다. 약지로 톡톡 두드려 흡수시켜 주세요. 눈에 직접 닿지 않도록 주의합니다.

## 주의사항
화장품 사용 시 또는 사용 후 직사광선에 의하여 사용 부위가 붉은 반점, 부어오름 또는 가려움증 등의 이상 증상이나 부작용이 있는 경우 전문의 등과 상담할 것.
상처가 있는 부위 등에는 사용을 자제할 것.
보관 및 취급 시의 주의사항 — 어린이의 손이 닿지 않는 곳에 보관할 것. 직사광선을 피해서 보관할 것.

## 인증 및 시험
- 피부 자극 테스트 완료 (국내 임상시험 기관)
- 알레르기 유발 성분 24종 무첨가
- 동물 실험을 하지 않았습니다
- 환경을 생각한 재활용 가능 용기를 사용했습니다
- 화장품 책임판매업 등록 필증 보유

## 배송 및 교환
평일 오후 2시 이전 결제 건은 당일 출고됩니다. 도서·산간 지역은 배송이 하루 이틀 더 걸릴 수 있습니다.
단순 변심에 의한 교환 및 반품은 수령일로부터 7일 이내에 가능하며 왕복 배송비가 부과됩니다.
개봉하였거나 사용한 흔적이 있는 상품은 교환 및 반품이 어렵습니다.
상품에 하자가 있는 경우에는 배송비 부담 없이 교환해 드립니다."
P119,"## 제품 소개
허브노트는 허브의 향과 성질을 함께 담습니다. 합성 향료 대신 원료 본연의 향을 살렸고, 그래서 제품마다 향이 조금씩 다릅니다.

콜라겐 트러블 마스크팩은 트러블 고민을 겪는 분들을 위해 만들었습니다. 민감성을 기준으로 배합했고, 10매 용량으로 담았습니다. 출시 전 3개월간 자체 모니터링을 진행했습니다.

## 주요 성분
콜라겐은 탄력을 채우는 데 쓰이며, 이 제품에는 흡수를 고려해 저분자로 분해한 형태를 넣었습니다.

전성분: 에틸헥실글리세린, 소듐하이알루로네이트, 카보머, 정제수, 알란토인, 다이소듐이디티에이, 트로메타민, 판테놀, 부틸렌글라이콜, 콜라겐 추출물, 향료

## 사용법
토너로 결을 정리한 뒤 시트를 얼굴에 밀착시켜 15~20분간 둡니다. 떼어낸 뒤 남은 에센스는 두드려 흡수시켜 주세요.

## 주의사항
화장품 사용 시 또는 사용 후 직사광선에 의하여 사용 부위가 붉은 반점, 부어오름 또는 가려움증 등의 이상 증상이나 부작용이 있는 경우 전문의 등과 상담할 것.
상처가 있는 부위 등에는 사용을 자제할 것.
보관 및 취급 시의 주의사항 — 어린이의 손이 닿지 않는 곳에 보관할 것. 직사광선을 피해서 보관할 것.

## 구매하신 분들의 이야기
구매하신 분들이 자주 남겨주신 이야기를 정리했습니다.

가장 많이 언급된 표현은 「순하다」와 「겉돌지 않는다」였습니다. 특히 여름철에 만족도가 높다는 의견이 많았고,
제형이 가벼운 편이라 이 점을 좋아하시는 분과 아쉬워하시는 분이 나뉘었습니다.
향에 대해서는 인공적이지 않다라는 점을 장점으로 꼽아 주신 분이 많았습니다.
재구매 의사를 밝혀 주신 분의 비율이 높은 편이며, 용량 대비 가격에 대한 의견은 엇갈립니다.

## 자주 묻는 질문
Q. 임신 중에도 사용 가능한가요?
A. 제품 특성상 개인차가 있을 수 있으므로 임신 중이시라면 사용 전에 전문의와 상담하시기를 권해 드립니다.

Q. 샘플을 받아볼 수 있나요?
A. 고객센터로 문의해 주시면 재고 상황에 따라 안내해 드리고 있습니다.

Q. 피부가 따가운데 계속 써도 되나요?
A. 사용을 중단하시고 상태를 지켜봐 주세요. 증상이 이어지면 전문의와 상담하시기 바랍니다.

Q. 남성이 써도 되나요?
A. 성별과 무관하게 사용하실 수 있습니다. 면도 직후에는 자극이 있을 수 있으니 시간을 두고 사용해 주세요.

Q. 아침에도 쓸 수 있나요?
A. 네, 아침저녁 모두 사용하실 수 있습니다. 다만 아침에 사용하실 때는 자외선 차단제를 반드시 함께 발라 주세요.

Q. 유통기한이 어떻게 되나요?
A. 제조일로부터 30개월이며, 개봉 후에는 12개월 이내에 사용하시는 것을 권장합니다. 용기 하단에서 제조일자를 확인하실 수 있습니다.

Q. 용기가 펌프인가요?
A. 위생과 산화를 고려해 펌프 형태로 제작했습니다. 마지막까지 쓰실 수 있도록 용기 안쪽을 비스듬히 설계했습니다.

## 배송 및 교환
평일 오후 2시 이전 결제 건은 당일 출고됩니다. 도서·산간 지역은 배송이 하루 이틀 더 걸릴 수 있습니다.
단순 변심에 의한 교환 및 반품은 수령일로부터 7일 이내에 가능하며 왕복 배송비가 부과됩니다.
개봉하였거나 사용한 흔적이 있는 상품은 교환 및 반품이 어렵습니다.
상품에 하자가 있는 경우에는 배송비 부담 없이 교환해 드립니다."
P120,"## 제품 소개
라온셀은 2009년 작은 연구실에서 시작했습니다. 피부에 얹는 것은 적을수록 좋다는 생각으로 불필요한 성분을 덜어내는 일에 오래 매달려 왔습니다. 화려한 광고 대신 성분표로 이야기하겠습니다.

녹차 시카 앰플은 진정 고민을 겪는 분들을 위해 만들었습니다. 모든 피부을 기준으로 배합했고, 50ml 용량으로 담았습니다. 성분 하나를 넣고 빼는 데 오래 고민했습니다.

## 주요 성분
녹차 추출물은 산뜻하게 정돈하는 느낌을 줍니다. 국내 재배 녹차를 첫물로 수확해 사용했습니다.

전성분: 트로메타민, 카보머, 잔탄검, 1,2-헥산다이올, 에틸헥실글리세린, 소듐하이알루로네이트, 글리세린, 다이소듐이디티에이, 카프릴릴글라이콜, 판테놀, 베타인, 알란토인, 부틸렌글라이콜, 정제수, 녹차 추출물, 향료

## 이런 분께 권합니다
모든 피부이신 분, 진정 때문에 오래 고민하신 분께 권합니다. 처음 쓰시는 분도 부담 없이 시작하실 수 있습니다.

## 사용법
집중 관리가 필요할 때 세럼 대신 또는 세럼 다음에 사용합니다. 매일 써도 되지만 주 2~3회 집중 사용도 좋습니다.

## 주의사항
화장품 사용 시 또는 사용 후 직사광선에 의하여 사용 부위가 붉은 반점, 부어오름 또는 가려움증 등의 이상 증상이나 부작용이 있는 경우 전문의 등과 상담할 것.
상처가 있는 부위 등에는 사용을 자제할 것.
보관 및 취급 시의 주의사항 — 어린이의 손이 닿지 않는 곳에 보관할 것. 직사광선을 피해서 보관할 것.

## 사용성 평가
자체 진행한 사용성 평가 결과입니다. 시험 대상자 31명, 4주간 1일 2회 사용 조건입니다.

- 사용 직후 수분량 25% 증가 (기기 측정)
- 4주 후 피부 거칠기 32% 개선
- 사용자의 88%가 「다시 구매할 의향이 있다」고 응답
- 시험 기간 중 이상 반응을 보고한 대상자 없음

본 결과는 개인에 따라 다를 수 있으며 질병의 예방이나 치료를 위한 것이 아닙니다.

## 구매하신 분들의 이야기
구매하신 분들이 자주 남겨주신 이야기를 정리했습니다.

가장 많이 언급된 표현은 「촉촉하다」와 「흡수가 빠르다」였습니다. 특히 여름철에 만족도가 높다는 의견이 많았고,
제형이 젤 같은 편이라 이 점을 좋아하시는 분과 아쉬워하시는 분이 나뉘었습니다.
향에 대해서는 무향에 가깝다라는 점을 장점으로 꼽아 주신 분이 많았습니다.
재구매 의사를 밝혀 주신 분의 비율이 높은 편이며, 용량 대비 가격에 대한 의견은 엇갈립니다.

## 배송 및 교환
평일 오후 2시 이전 결제 건은 당일 출고됩니다. 도서·산간 지역은 배송이 하루 이틀 더 걸릴 수 있습니다.
단순 변심에 의한 교환 및 반품은 수령일로부터 7일 이내에 가능하며 왕복 배송비가 부과됩니다.
개봉하였거나 사용한 흔적이 있는 상품은 교환 및 반품이 어렵습니다.
상품에 하자가 있는 경우에는 배송비 부담 없이 교환해 드립니다."
P121,"## 제품 소개
녹차 수분 토너은 수분 고민을 겪는 분들을 위해 만들었습니다. 지성을 기준으로 배합했고, 150ml 용량으로 담았습니다. 출시 전 3개월간 자체 모니터링을 진행했습니다.

## 주요 성분
녹차 추출물은 산뜻하게 정돈하는 느낌을 줍니다. 국내 재배 녹차를 첫물로 수확해 사용했습니다.

전성분: 베타인, 에틸헥실글리세린, 부틸렌글라이콜, 카보머, 판테놀, 트로메타민, 정제수, 소듐하이알루로네이트, 녹차 추출물, 향료

## 이런 분께 권합니다
지성이신 분, 수분 때문에 오래 고민하신 분께 권합니다. 기초 단계를 줄이고 싶은 분께 적합합니다.

## 사용법
세안 후 가장 먼저 사용합니다. 화장솜에 적셔 결을 따라 부드럽게 닦아내거나, 손바닥에 덜어 얼굴 전체에 두드려 흡수시켜 주세요.

## 주의사항
화장품 사용 시 또는 사용 후 직사광선에 의하여 사용 부위가 붉은 반점, 부어오름 또는 가려움증 등의 이상 증상이나 부작용이 있는 경우 전문의 등과 상담할 것.
상처가 있는 부위 등에는 사용을 자제할 것.
보관 및 취급 시의 주의사항 — 어린이의 손이 닿지 않는 곳에 보관할 것. 직사광선을 피해서 보관할 것.

## 인증 및 시험
- 피부 자극 테스트 완료 (국내 임상시험 기관)
- 알레르기 유발 성분 24종 무첨가
- 동물 실험을 하지 않았습니다
- 환경을 생각한 재활용 가능 용기를 사용했습니다
- 화장품 책임판매업 등록 필증 보유

## 자주 묻는 질문
Q. 아침에도 쓸 수 있나요?
A. 네, 아침저녁 모두 사용하실 수 있습니다. 다만 아침에 사용하실 때는 자외선 차단제를 반드시 함께 발라 주세요.

Q. 피부가 따가운데 계속 써도 되나요?
A. 사용을 중단하시고 상태를 지켜봐 주세요. 증상이 이어지면 전문의와 상담하시기 바랍니다.

Q. 샘플을 받아볼 수 있나요?
A. 고객센터로 문의해 주시면 재고 상황에 따라 안내해 드리고 있습니다.

Q. 남성이 써도 되나요?
A. 성별과 무관하게 사용하실 수 있습니다. 면도 직후에는 자극이 있을 수 있으니 시간을 두고 사용해 주세요.

Q. 임신 중에도 사용 가능한가요?
A. 제품 특성상 개인차가 있을 수 있으므로 임신 중이시라면 사용 전에 전문의와 상담하시기를 권해 드립니다.

Q. 유통기한이 어떻게 되나요?
A. 제조일로부터 30개월이며, 개봉 후에는 12개월 이내에 사용하시는 것을 권장합니다. 용기 하단에서 제조일자를 확인하실 수 있습니다.

Q. 용기가 펌프인가요?
A. 위생과 산화를 고려해 펌프 형태로 제작했습니다. 마지막까지 쓰실 수 있도록 용기 안쪽을 비스듬히 설계했습니다.

## 배송 및 교환
평일 오후 2시 이전 결제 건은 당일 출고됩니다. 도서·산간 지역은 배송이 하루 이틀 더 걸릴 수 있습니다.
단순 변심에 의한 교환 및 반품은 수령일로부터 7일 이내에 가능하며 왕복 배송비가 부과됩니다.
개봉하였거나 사용한 흔적이 있는 상품은 교환 및 반품이 어렵습니다.
상품에 하자가 있는 경우에는 배송비 부담 없이 교환해 드립니다."
P122,"## 제품 소개
프로폴리스 브라이트닝 선크림은 미백 고민을 겪는 분들을 위해 만들었습니다. 건성을 기준으로 배합했고, 60ml 용량으로 담았습니다. 성분 하나를 넣고 빼는 데 오래 고민했습니다.

## 주요 성분
프로폴리스는 벌이 모은 수지 성분으로 영양을 채우는 데 씁니다. 원물 함량을 높여 특유의 끈적임이 있습니다.

전성분: 베타인, 에틸헥실글리세린, 1,2-헥산다이올, 카프릴릴글라이콜, 알란토인, 트로메타민, 카보머, 정제수, 다이소듐이디티에이, 판테놀, 프로폴리스 추출물, 향료

## 이런 분께 권합니다
건성이신 분, 미백 때문에 오래 고민하신 분께 권합니다. 환절기마다 컨디션이 흔들리는 분께도 잘 맞습니다.

## 사용법
기초 마지막 단계에 사용합니다. 외출 20분 전에 충분한 양을 바르고, 야외 활동 시에는 2~3시간마다 덧발라 주세요.

## 주의사항
벌 유래 성분이 함유되어 있습니다. 벌 관련 알레르기가 있으신 분은 사용을 피해 주세요.
화장품 사용 시 또는 사용 후 직사광선에 의하여 사용 부위가 붉은 반점, 부어오름 또는 가려움증 등의 이상 증상이나 부작용이 있는 경우 전문의 등과 상담할 것.
상처가 있는 부위 등에는 사용을 자제할 것.
보관 및 취급 시의 주의사항 — 어린이의 손이 닿지 않는 곳에 보관할 것. 직사광선을 피해서 보관할 것.

## 인증 및 시험
- 피부 자극 테스트 완료 (국내 임상시험 기관)
- 알레르기 유발 성분 24종 무첨가
- 동물 실험을 하지 않았습니다
- 환경을 생각한 재활용 가능 용기를 사용했습니다
- 화장품 책임판매업 등록 필증 보유

## 자주 묻는 질문
Q. 유통기한이 어떻게 되나요?
A. 제조일로부터 30개월이며, 개봉 후에는 12개월 이내에 사용하시는 것을 권장합니다. 용기 하단에서 제조일자를 확인하실 수 있습니다.

Q. 아침에도 쓸 수 있나요?
A. 네, 아침저녁 모두 사용하실 수 있습니다. 다만 아침에 사용하실 때는 자외선 차단제를 반드시 함께 발라 주세요.

Q. 용기가 펌프인가요?
A. 위생과 산화를 고려해 펌프 형태로 제작했습니다. 마지막까지 쓰실 수 있도록 용기 안쪽을 비스듬히 설계했습니다.

Q. 다른 제품과 같이 써도 되나요?
A. 기초 단계 순서만 지켜 주시면 함께 사용하셔도 괜찮습니다. 묽은 것부터 되직한 것 순으로 발라 주세요.

Q. 임신 중에도 사용 가능한가요?
A. 제품 특성상 개인차가 있을 수 있으므로 임신 중이시라면 사용 전에 전문의와 상담하시기를 권해 드립니다.

Q. 피부가 따가운데 계속 써도 되나요?
A. 사용을 중단하시고 상태를 지켜봐 주세요. 증상이 이어지면 전문의와 상담하시기 바랍니다.

## 배송 및 교환
평일 오후 2시 이전 결제 건은 당일 출고됩니다. 도서·산간 지역은 배송이 하루 이틀 더 걸릴 수 있습니다.
단순 변심에 의한 교환 및 반품은 수령일로부터 7일 이내에 가능하며 왕복 배송비가 부과됩니다.
개봉하였거나 사용한 흔적이 있는 상품은 교환 및 반품이 어렵습니다.
상품에 하자가 있는 경우에는 배송비 부담 없이 교환해 드립니다."
P123,"## 제품 소개
모이스트랩은 수분에 집중합니다. 겉만 촉촉한 것과 속까지 채우는 것은 다르다는 것을 여러 실험으로 확인했고, 그 차이를 제형에 담았습니다.

녹차 시카 에센스은 진정 고민을 겪는 분들을 위해 만들었습니다. 모든 피부을 기준으로 배합했고, 80ml 용량으로 담았습니다. 출시 전 3개월간 자체 모니터링을 진행했습니다.

## 주요 성분
녹차 추출물은 산뜻하게 정돈하는 느낌을 줍니다. 국내 재배 녹차를 첫물로 수확해 사용했습니다.

전성분: 부틸렌글라이콜, 소듐하이알루로네이트, 에틸헥실글리세린, 잔탄검, 1,2-헥산다이올, 카보머, 글리세린, 정제수, 다이소듐이디티에이, 녹차 추출물, 향료

## 이런 분께 권합니다
모든 피부이신 분, 진정 때문에 오래 고민하신 분께 권합니다. 기초 단계를 줄이고 싶은 분께 적합합니다.

## 사용법
토너로 결을 정리한 뒤 사용합니다. 2~3회 펌핑해 얼굴 전체에 펴 바르고 가볍게 두드려 흡수시켜 주세요.

## 주의사항
화장품 사용 시 또는 사용 후 직사광선에 의하여 사용 부위가 붉은 반점, 부어오름 또는 가려움증 등의 이상 증상이나 부작용이 있는 경우 전문의 등과 상담할 것.
상처가 있는 부위 등에는 사용을 자제할 것.
보관 및 취급 시의 주의사항 — 어린이의 손이 닿지 않는 곳에 보관할 것. 직사광선을 피해서 보관할 것.

## 배송 및 교환
평일 오후 2시 이전 결제 건은 당일 출고됩니다. 도서·산간 지역은 배송이 하루 이틀 더 걸릴 수 있습니다.
단순 변심에 의한 교환 및 반품은 수령일로부터 7일 이내에 가능하며 왕복 배송비가 부과됩니다.
개봉하였거나 사용한 흔적이 있는 상품은 교환 및 반품이 어렵습니다.
상품에 하자가 있는 경우에는 배송비 부담 없이 교환해 드립니다."
P124,"## 제품 소개
라온셀은 2009년 작은 연구실에서 시작했습니다. 피부에 얹는 것은 적을수록 좋다는 생각으로 불필요한 성분을 덜어내는 일에 오래 매달려 왔습니다. 화려한 광고 대신 성분표로 이야기하겠습니다.

알로에 필링 마스크팩은 각질 고민을 겪는 분들을 위해 만들었습니다. 건성을 기준으로 배합했고, 30매 용량으로 담았습니다. 출시 전 3개월간 자체 모니터링을 진행했습니다.

## 주요 성분
알로에 잎의 겔 부분만 골라 담았습니다. 수분을 오래 붙잡아두는 성질이 있어 여름철 진정용으로도 많이 찾으십니다.

전성분: 카보머, 에틸헥실글리세린, 소듐하이알루로네이트, 잔탄검, 1,2-헥산다이올, 베타인, 글리세린, 다이소듐이디티에이, 트로메타민, 알란토인, 정제수, 판테놀, 부틸렌글라이콜, 알로에 추출물, 향료

## 사용법
토너로 결을 정리한 뒤 시트를 얼굴에 밀착시켜 15~20분간 둡니다. 떼어낸 뒤 남은 에센스는 두드려 흡수시켜 주세요.

## 주의사항
화장품 사용 시 또는 사용 후 직사광선에 의하여 사용 부위가 붉은 반점, 부어오름 또는 가려움증 등의 이상 증상이나 부작용이 있는 경우 전문의 등과 상담할 것.
상처가 있는 부위 등에는 사용을 자제할 것.
보관 및 취급 시의 주의사항 — 어린이의 손이 닿지 않는 곳에 보관할 것. 직사광선을 피해서 보관할 것.

## 사용성 평가
자체 진행한 사용성 평가 결과입니다. 시험 대상자 25명, 4주간 1일 2회 사용 조건입니다.

- 사용 직후 수분량 62% 증가 (기기 측정)
- 4주 후 피부 거칠기 20% 개선
- 사용자의 78%가 「다시 구매할 의향이 있다」고 응답
- 시험 기간 중 이상 반응을 보고한 대상자 없음

본 결과는 개인에 따라 다를 수 있으며 질병의 예방이나 치료를 위한 것이 아닙니다.

## 인증 및 시험
- 피부 자극 테스트 완료 (국내 임상시험 기관)
- 알레르기 유발 성분 20종 무첨가
- 동물 실험을 하지 않았습니다
- 환경을 생각한 재활용 가능 용기를 사용했습니다
- 화장품 책임판매업 등록 필증 보유

## 구매하신 분들의 이야기
구매하신 분들이 자주 남겨주신 이야기를 정리했습니다.

가장 많이 언급된 표현은 「산뜻하다」와 「겉돌지 않는다」였습니다. 특히 봄가을 환절철에 만족도가 높다는 의견이 많았고,
제형이 물처럼 묽은 편이라 이 점을 좋아하시는 분과 아쉬워하시는 분이 나뉘었습니다.
향에 대해서는 무향에 가깝다라는 점을 장점으로 꼽아 주신 분이 많았습니다.
재구매 의사를 밝혀 주신 분의 비율이 높은 편이며, 용량 대비 가격에 대한 의견은 엇갈립니다.

## 배송 및 교환
평일 오후 2시 이전 결제 건은 당일 출고됩니다. 도서·산간 지역은 배송이 하루 이틀 더 걸릴 수 있습니다.
단순 변심에 의한 교환 및 반품은 수령일로부터 7일 이내에 가능하며 왕복 배송비가 부과됩니다.
개봉하였거나 사용한 흔적이 있는 상품은 교환 및 반품이 어렵습니다.
상품에 하자가 있는 경우에는 배송비 부담 없이 교환해 드립니다."
P125,"## 제품 소개
청담수는 맑은 물처럼 투명한 제품을 지향합니다. 무엇이 들어갔는지 숨기지 않고 전 성분을 함량 순으로 공개합니다. 신뢰는 정보에서 나온다고 봅니다.

병풀 수분 에센스은 수분 고민을 겪는 분들을 위해 만들었습니다. 복합성을 기준으로 배합했고, 100ml 용량으로 담았습니다. 여러 차례의 사용성 평가를 거쳐 제형을 확정했습니다.

## 주요 성분
병풀 추출물은 예민해진 피부를 진정시키는 데 쓰입니다. 마데카소사이드를 포함한 네 가지 지표 성분을 함께 담았습니다.

전성분: 알란토인, 베타인, 에틸헥실글리세린, 트로메타민, 부틸렌글라이콜, 글리세린, 1,2-헥산다이올, 잔탄검, 소듐하이알루로네이트, 카보머, 다이소듐이디티에이, 판테놀, 병풀 추출물, 향료

## 사용법
토너로 결을 정리한 뒤 사용합니다. 2~3회 펌핑해 얼굴 전체에 펴 바르고 가볍게 두드려 흡수시켜 주세요.

## 주의사항
화장품 사용 시 또는 사용 후 직사광선에 의하여 사용 부위가 붉은 반점, 부어오름 또는 가려움증 등의 이상 증상이나 부작용이 있는 경우 전문의 등과 상담할 것.
상처가 있는 부위 등에는 사용을 자제할 것.
보관 및 취급 시의 주의사항 — 어린이의 손이 닿지 않는 곳에 보관할 것. 직사광선을 피해서 보관할 것.

## 인증 및 시험
- 피부 자극 테스트 완료 (국내 임상시험 기관)
- 알레르기 유발 성분 21종 무첨가
- 동물 실험을 하지 않았습니다
- 환경을 생각한 재활용 가능 용기를 사용했습니다
- 화장품 책임판매업 등록 필증 보유

## 구매하신 분들의 이야기
구매하신 분들이 자주 남겨주신 이야기를 정리했습니다.

가장 많이 언급된 표현은 「자극이 없다」와 「향이 은은하다」였습니다. 특히 장마철에 만족도가 높다는 의견이 많았고,
제형이 물처럼 묽은 편이라 이 점을 좋아하시는 분과 아쉬워하시는 분이 나뉘었습니다.
향에 대해서는 인공적이지 않다라는 점을 장점으로 꼽아 주신 분이 많았습니다.
재구매 의사를 밝혀 주신 분의 비율이 높은 편이며, 용량 대비 가격에 대한 의견은 엇갈립니다.

## 자주 묻는 질문
Q. 피부가 따가운데 계속 써도 되나요?
A. 사용을 중단하시고 상태를 지켜봐 주세요. 증상이 이어지면 전문의와 상담하시기 바랍니다.

Q. 유통기한이 어떻게 되나요?
A. 제조일로부터 30개월이며, 개봉 후에는 12개월 이내에 사용하시는 것을 권장합니다. 용기 하단에서 제조일자를 확인하실 수 있습니다.

Q. 남성이 써도 되나요?
A. 성별과 무관하게 사용하실 수 있습니다. 면도 직후에는 자극이 있을 수 있으니 시간을 두고 사용해 주세요.

Q. 샘플을 받아볼 수 있나요?
A. 고객센터로 문의해 주시면 재고 상황에 따라 안내해 드리고 있습니다.

## 배송 및 교환
평일 오후 2시 이전 결제 건은 당일 출고됩니다. 도서·산간 지역은 배송이 하루 이틀 더 걸릴 수 있습니다.
단순 변심에 의한 교환 및 반품은 수령일로부터 7일 이내에 가능하며 왕복 배송비가 부과됩니다.
개봉하였거나 사용한 흔적이 있는 상품은 교환 및 반품이 어렵습니다.
상품에 하자가 있는 경우에는 배송비 부담 없이 교환해 드립니다."
P126,"## 제품 소개
데일리랩은 매일 쓰는 것을 만듭니다. 특별한 날의 화려함보다 매일의 꾸준함이 피부를 바꾼다고 생각합니다. 그래서 가격도 매일 쓸 수 있게 맞췄습니다.

판테놀 시카 마스크팩은 진정 고민을 겪는 분들을 위해 만들었습니다. 지성을 기준으로 배합했고, 30매 용량으로 담았습니다. 여러 차례의 사용성 평가를 거쳐 제형을 확정했습니다.

## 주요 성분
판테놀은 프로비타민B5라고도 불리며, 붉게 달아오른 피부를 달래는 데 씁니다. 자극이 적어 예민한 시기에도 쓸 수 있는 편입니다.

전성분: 정제수, 카프릴릴글라이콜, 소듐하이알루로네이트, 1,2-헥산다이올, 잔탄검, 카보머, 글리세린, 트로메타민, 에틸헥실글리세린, 다이소듐이디티에이, 베타인, 판테놀, 알란토인, 판테놀 추출물, 향료

## 이런 분께 권합니다
지성이신 분, 진정 때문에 오래 고민하신 분께 권합니다. 환절기마다 컨디션이 흔들리는 분께도 잘 맞습니다.

## 사용법
토너로 결을 정리한 뒤 시트를 얼굴에 밀착시켜 15~20분간 둡니다. 떼어낸 뒤 남은 에센스는 두드려 흡수시켜 주세요.

## 주의사항
화장품 사용 시 또는 사용 후 직사광선에 의하여 사용 부위가 붉은 반점, 부어오름 또는 가려움증 등의 이상 증상이나 부작용이 있는 경우 전문의 등과 상담할 것.
상처가 있는 부위 등에는 사용을 자제할 것.
보관 및 취급 시의 주의사항 — 어린이의 손이 닿지 않는 곳에 보관할 것. 직사광선을 피해서 보관할 것.

## 사용성 평가
자체 진행한 사용성 평가 결과입니다. 시험 대상자 30명, 8주간 1일 2회 사용 조건입니다.

- 사용 직후 수분량 59% 증가 (기기 측정)
- 8주 후 피부 거칠기 21% 개선
- 사용자의 72%가 「다시 구매할 의향이 있다」고 응답
- 시험 기간 중 이상 반응을 보고한 대상자 없음

본 결과는 개인에 따라 다를 수 있으며 질병의 예방이나 치료를 위한 것이 아닙니다.

## 인증 및 시험
- 피부 자극 테스트 완료 (국내 임상시험 기관)
- 알레르기 유발 성분 26종 무첨가
- 동물 실험을 하지 않았습니다
- 환경을 생각한 재활용 가능 용기를 사용했습니다
- 화장품 책임판매업 등록 필증 보유

## 배송 및 교환
평일 오후 2시 이전 결제 건은 당일 출고됩니다. 도서·산간 지역은 배송이 하루 이틀 더 걸릴 수 있습니다.
단순 변심에 의한 교환 및 반품은 수령일로부터 7일 이내에 가능하며 왕복 배송비가 부과됩니다.
개봉하였거나 사용한 흔적이 있는 상품은 교환 및 반품이 어렵습니다.
상품에 하자가 있는 경우에는 배송비 부담 없이 교환해 드립니다."
P127,"## 제품 소개
순수담은 담백한 것을 만듭니다. 향을 넣지 않고 색을 입히지 않으며, 꼭 필요한 것만 담습니다. 처음 써보시는 분도 부담 없이 시작하실 수 있도록 설계했습니다.

어성초 브라이트닝 아이크림은 미백 고민을 겪는 분들을 위해 만들었습니다. 복합성을 기준으로 배합했고, 30ml 용량으로 담았습니다. 성분 하나를 넣고 빼는 데 오래 고민했습니다.

## 주요 성분
어성초는 예로부터 열감을 식히는 데 써온 식물입니다. 이 제품은 잎과 줄기를 저온에서 우려낸 추출물을 정제수 대신 사용했습니다.

전성분: 잔탄검, 알란토인, 카프릴릴글라이콜, 소듐하이알루로네이트, 판테놀, 부틸렌글라이콜, 어성초 추출물, 향료

## 이런 분께 권합니다
복합성이신 분, 미백 때문에 오래 고민하신 분께 권합니다. 기초 단계를 줄이고 싶은 분께 적합합니다.

## 사용법
기초 마지막 단계에 눈가에 사용합니다. 약지로 톡톡 두드려 흡수시켜 주세요. 눈에 직접 닿지 않도록 주의합니다.

## 주의사항
화장품 사용 시 또는 사용 후 직사광선에 의하여 사용 부위가 붉은 반점, 부어오름 또는 가려움증 등의 이상 증상이나 부작용이 있는 경우 전문의 등과 상담할 것.
상처가 있는 부위 등에는 사용을 자제할 것.
보관 및 취급 시의 주의사항 — 어린이의 손이 닿지 않는 곳에 보관할 것. 직사광선을 피해서 보관할 것.

## 사용성 평가
자체 진행한 사용성 평가 결과입니다. 시험 대상자 22명, 4주간 1일 2회 사용 조건입니다.

- 사용 직후 수분량 31% 증가 (기기 측정)
- 4주 후 피부 거칠기 13% 개선
- 사용자의 75%가 「다시 구매할 의향이 있다」고 응답
- 시험 기간 중 이상 반응을 보고한 대상자 없음

본 결과는 개인에 따라 다를 수 있으며 질병의 예방이나 치료를 위한 것이 아닙니다.

## 배송 및 교환
평일 오후 2시 이전 결제 건은 당일 출고됩니다. 도서·산간 지역은 배송이 하루 이틀 더 걸릴 수 있습니다.
단순 변심에 의한 교환 및 반품은 수령일로부터 7일 이내에 가능하며 왕복 배송비가 부과됩니다.
개봉하였거나 사용한 흔적이 있는 상품은 교환 및 반품이 어렵습니다.
상품에 하자가 있는 경우에는 배송비 부담 없이 교환해 드립니다."
P128,"## 제품 소개
세라마이드 수분 크림은 수분 고민을 겪는 분들을 위해 만들었습니다. 민감성을 기준으로 배합했고, 60ml 용량으로 담았습니다. 성분 하나를 넣고 빼는 데 오래 고민했습니다.

## 주요 성분
세라마이드는 원래 피부 각질층에 있는 지질 성분입니다. 나이가 들거나 건조한 환경에 오래 있으면 줄어드는데, 이 제품은 그 빈자리를 채우는 것을 목표로 배합했습니다.

전성분: 에틸헥실글리세린, 글리세린, 정제수, 베타인, 카보머, 판테놀, 1,2-헥산다이올, 잔탄검, 트로메타민, 카프릴릴글라이콜, 부틸렌글라이콜, 다이소듐이디티에이, 알란토인, 세라마이드 추출물, 향료

## 사용법
기초 단계의 마지막에 사용합니다. 적당량을 덜어 얼굴 안쪽에서 바깥쪽으로 펴 발라 주세요.

## 주의사항
화장품 사용 시 또는 사용 후 직사광선에 의하여 사용 부위가 붉은 반점, 부어오름 또는 가려움증 등의 이상 증상이나 부작용이 있는 경우 전문의 등과 상담할 것.
상처가 있는 부위 등에는 사용을 자제할 것.
보관 및 취급 시의 주의사항 — 어린이의 손이 닿지 않는 곳에 보관할 것. 직사광선을 피해서 보관할 것.

## 사용성 평가
자체 진행한 사용성 평가 결과입니다. 시험 대상자 22명, 4주간 1일 2회 사용 조건입니다.

- 사용 직후 수분량 48% 증가 (기기 측정)
- 4주 후 피부 거칠기 12% 개선
- 사용자의 90%가 「다시 구매할 의향이 있다」고 응답
- 시험 기간 중 이상 반응을 보고한 대상자 없음

본 결과는 개인에 따라 다를 수 있으며 질병의 예방이나 치료를 위한 것이 아닙니다.

## 인증 및 시험
- 피부 자극 테스트 완료 (국내 임상시험 기관)
- 알레르기 유발 성분 20종 무첨가
- 동물 실험을 하지 않았습니다
- 환경을 생각한 재활용 가능 용기를 사용했습니다
- 화장품 책임판매업 등록 필증 보유

## 자주 묻는 질문
Q. 아침에도 쓸 수 있나요?
A. 네, 아침저녁 모두 사용하실 수 있습니다. 다만 아침에 사용하실 때는 자외선 차단제를 반드시 함께 발라 주세요.

Q. 다른 제품과 같이 써도 되나요?
A. 기초 단계 순서만 지켜 주시면 함께 사용하셔도 괜찮습니다. 묽은 것부터 되직한 것 순으로 발라 주세요.

Q. 남성이 써도 되나요?
A. 성별과 무관하게 사용하실 수 있습니다. 면도 직후에는 자극이 있을 수 있으니 시간을 두고 사용해 주세요.

Q. 유통기한이 어떻게 되나요?
A. 제조일로부터 30개월이며, 개봉 후에는 12개월 이내에 사용하시는 것을 권장합니다. 용기 하단에서 제조일자를 확인하실 수 있습니다.

Q. 용기가 펌프인가요?
A. 위생과 산화를 고려해 펌프 형태로 제작했습니다. 마지막까지 쓰실 수 있도록 용기 안쪽을 비스듬히 설계했습니다.

Q. 피부가 따가운데 계속 써도 되나요?
A. 사용을 중단하시고 상태를 지켜봐 주세요. 증상이 이어지면 전문의와 상담하시기 바랍니다.

Q. 임신 중에도 사용 가능한가요?
A. 제품 특성상 개인차가 있을 수 있으므로 임신 중이시라면 사용 전에 전문의와 상담하시기를 권해 드립니다.

Q. 샘플을 받아볼 수 있나요?
A. 고객센터로 문의해 주시면 재고 상황에 따라 안내해 드리고 있습니다.

## 배송 및 교환
평일 오후 2시 이전 결제 건은 당일 출고됩니다. 도서·산간 지역은 배송이 하루 이틀 더 걸릴 수 있습니다.
단순 변심에 의한 교환 및 반품은 수령일로부터 7일 이내에 가능하며 왕복 배송비가 부과됩니다.
개봉하였거나 사용한 흔적이 있는 상품은 교환 및 반품이 어렵습니다.
상품에 하자가 있는 경우에는 배송비 부담 없이 교환해 드립니다."
P129,"## 제품 소개
데일리랩은 매일 쓰는 것을 만듭니다. 특별한 날의 화려함보다 매일의 꾸준함이 피부를 바꾼다고 생각합니다. 그래서 가격도 매일 쓸 수 있게 맞췄습니다.

약산성 아미노산 브라이트닝 클렌징폼은 미백 고민을 겪는 분들을 위해 만들었습니다. 지성을 기준으로 배합했고, 150ml 용량으로 담았습니다. 출시 전 3개월간 자체 모니터링을 진행했습니다.

## 주요 성분
약산성 아미노산 계면활성제를 사용했습니다. 세정력은 유지하면서 씻고 난 뒤 당김을 줄이는 데 초점을 맞췄습니다.

전성분: 글리세린, 정제수, 잔탄검, 카보머, 판테놀, 부틸렌글라이콜, 트로메타민, 다이소듐이디티에이, 1,2-헥산다이올, 카프릴릴글라이콜, 소듐하이알루로네이트, 에틸헥실글리세린, 베타인, 알란토인, 약산성 아미노산 추출물, 향료

## 이런 분께 권합니다
지성이신 분, 미백 때문에 오래 고민하신 분께 권합니다. 환절기마다 컨디션이 흔들리는 분께도 잘 맞습니다.

## 사용법
미온수로 얼굴을 적신 뒤 적당량을 손에 덜어 거품을 충분히 낸 다음 얼굴에 올려 부드럽게 굴리듯 세안합니다.

## 주의사항
화장품 사용 시 또는 사용 후 직사광선에 의하여 사용 부위가 붉은 반점, 부어오름 또는 가려움증 등의 이상 증상이나 부작용이 있는 경우 전문의 등과 상담할 것.
상처가 있는 부위 등에는 사용을 자제할 것.
보관 및 취급 시의 주의사항 — 어린이의 손이 닿지 않는 곳에 보관할 것. 직사광선을 피해서 보관할 것.

## 자주 묻는 질문
Q. 다른 제품과 같이 써도 되나요?
A. 기초 단계 순서만 지켜 주시면 함께 사용하셔도 괜찮습니다. 묽은 것부터 되직한 것 순으로 발라 주세요.

Q. 남성이 써도 되나요?
A. 성별과 무관하게 사용하실 수 있습니다. 면도 직후에는 자극이 있을 수 있으니 시간을 두고 사용해 주세요.

Q. 샘플을 받아볼 수 있나요?
A. 고객센터로 문의해 주시면 재고 상황에 따라 안내해 드리고 있습니다.

Q. 피부가 따가운데 계속 써도 되나요?
A. 사용을 중단하시고 상태를 지켜봐 주세요. 증상이 이어지면 전문의와 상담하시기 바랍니다.

Q. 유통기한이 어떻게 되나요?
A. 제조일로부터 30개월이며, 개봉 후에는 12개월 이내에 사용하시는 것을 권장합니다. 용기 하단에서 제조일자를 확인하실 수 있습니다.

Q. 임신 중에도 사용 가능한가요?
A. 제품 특성상 개인차가 있을 수 있으므로 임신 중이시라면 사용 전에 전문의와 상담하시기를 권해 드립니다.

## 배송 및 교환
평일 오후 2시 이전 결제 건은 당일 출고됩니다. 도서·산간 지역은 배송이 하루 이틀 더 걸릴 수 있습니다.
단순 변심에 의한 교환 및 반품은 수령일로부터 7일 이내에 가능하며 왕복 배송비가 부과됩니다.
개봉하였거나 사용한 흔적이 있는 상품은 교환 및 반품이 어렵습니다.
상품에 하자가 있는 경우에는 배송비 부담 없이 교환해 드립니다."
P130,"## 제품 소개
콜라겐 트러블 앰플은 트러블 고민을 겪는 분들을 위해 만들었습니다. 건성을 기준으로 배합했고, 50ml 용량으로 담았습니다. 성분 하나를 넣고 빼는 데 오래 고민했습니다.

## 주요 성분
콜라겐은 탄력을 채우는 데 쓰이며, 이 제품에는 흡수를 고려해 저분자로 분해한 형태를 넣었습니다.

전성분: 카프릴릴글라이콜, 부틸렌글라이콜, 1,2-헥산다이올, 판테놀, 알란토인, 베타인, 정제수, 글리세린, 콜라겐 추출물, 향료

## 사용법
집중 관리가 필요할 때 세럼 대신 또는 세럼 다음에 사용합니다. 매일 써도 되지만 주 2~3회 집중 사용도 좋습니다.

## 주의사항
화장품 사용 시 또는 사용 후 직사광선에 의하여 사용 부위가 붉은 반점, 부어오름 또는 가려움증 등의 이상 증상이나 부작용이 있는 경우 전문의 등과 상담할 것.
상처가 있는 부위 등에는 사용을 자제할 것.
보관 및 취급 시의 주의사항 — 어린이의 손이 닿지 않는 곳에 보관할 것. 직사광선을 피해서 보관할 것.

## 구매하신 분들의 이야기
구매하신 분들이 자주 남겨주신 이야기를 정리했습니다.

가장 많이 언급된 표현은 「산뜻하다」와 「흡수가 빠르다」였습니다. 특히 여름철에 만족도가 높다는 의견이 많았고,
제형이 가벼운 편이라 이 점을 좋아하시는 분과 아쉬워하시는 분이 나뉘었습니다.
향에 대해서는 인공적이지 않다라는 점을 장점으로 꼽아 주신 분이 많았습니다.
재구매 의사를 밝혀 주신 분의 비율이 높은 편이며, 용량 대비 가격에 대한 의견은 엇갈립니다.

## 배송 및 교환
평일 오후 2시 이전 결제 건은 당일 출고됩니다. 도서·산간 지역은 배송이 하루 이틀 더 걸릴 수 있습니다.
단순 변심에 의한 교환 및 반품은 수령일로부터 7일 이내에 가능하며 왕복 배송비가 부과됩니다.
개봉하였거나 사용한 흔적이 있는 상품은 교환 및 반품이 어렵습니다.
상품에 하자가 있는 경우에는 배송비 부담 없이 교환해 드립니다."
P131,"## 제품 소개
순수담은 담백한 것을 만듭니다. 향을 넣지 않고 색을 입히지 않으며, 꼭 필요한 것만 담습니다. 처음 써보시는 분도 부담 없이 시작하실 수 있도록 설계했습니다.

어성초 트러블 앰플은 트러블 고민을 겪는 분들을 위해 만들었습니다. 지성을 기준으로 배합했고, 50ml 용량으로 담았습니다. 여러 차례의 사용성 평가를 거쳐 제형을 확정했습니다.

## 주요 성분
어성초는 예로부터 열감을 식히는 데 써온 식물입니다. 이 제품은 잎과 줄기를 저온에서 우려낸 추출물을 정제수 대신 사용했습니다.

전성분: 글리세린, 정제수, 카프릴릴글라이콜, 1,2-헥산다이올, 에틸헥실글리세린, 트로메타민, 어성초 추출물, 향료

## 이런 분께 권합니다
지성이신 분, 트러블 때문에 오래 고민하신 분께 권합니다. 환절기마다 컨디션이 흔들리는 분께도 잘 맞습니다.

## 사용법
집중 관리가 필요할 때 세럼 대신 또는 세럼 다음에 사용합니다. 매일 써도 되지만 주 2~3회 집중 사용도 좋습니다.

## 주의사항
화장품 사용 시 또는 사용 후 직사광선에 의하여 사용 부위가 붉은 반점, 부어오름 또는 가려움증 등의 이상 증상이나 부작용이 있는 경우 전문의 등과 상담할 것.
상처가 있는 부위 등에는 사용을 자제할 것.
보관 및 취급 시의 주의사항 — 어린이의 손이 닿지 않는 곳에 보관할 것. 직사광선을 피해서 보관할 것.

## 인증 및 시험
- 피부 자극 테스트 완료 (국내 임상시험 기관)
- 알레르기 유발 성분 21종 무첨가
- 동물 실험을 하지 않았습니다
- 환경을 생각한 재활용 가능 용기를 사용했습니다
- 화장품 책임판매업 등록 필증 보유

## 구매하신 분들의 이야기
구매하신 분들이 자주 남겨주신 이야기를 정리했습니다.

가장 많이 언급된 표현은 「산뜻하다」와 「겉돌지 않는다」였습니다. 특히 장마철에 만족도가 높다는 의견이 많았고,
제형이 물처럼 묽은 편이라 이 점을 좋아하시는 분과 아쉬워하시는 분이 나뉘었습니다.
향에 대해서는 은은하다라는 점을 장점으로 꼽아 주신 분이 많았습니다.
재구매 의사를 밝혀 주신 분의 비율이 높은 편이며, 용량 대비 가격에 대한 의견은 엇갈립니다.

## 자주 묻는 질문
Q. 남성이 써도 되나요?
A. 성별과 무관하게 사용하실 수 있습니다. 면도 직후에는 자극이 있을 수 있으니 시간을 두고 사용해 주세요.

Q. 용기가 펌프인가요?
A. 위생과 산화를 고려해 펌프 형태로 제작했습니다. 마지막까지 쓰실 수 있도록 용기 안쪽을 비스듬히 설계했습니다.

## 배송 및 교환
평일 오후 2시 이전 결제 건은 당일 출고됩니다. 도서·산간 지역은 배송이 하루 이틀 더 걸릴 수 있습니다.
단순 변심에 의한 교환 및 반품은 수령일로부터 7일 이내에 가능하며 왕복 배송비가 부과됩니다.
개봉하였거나 사용한 흔적이 있는 상품은 교환 및 반품이 어렵습니다.
상품에 하자가 있는 경우에는 배송비 부담 없이 교환해 드립니다."
P132,"## 제품 소개
순수담은 담백한 것을 만듭니다. 향을 넣지 않고 색을 입히지 않으며, 꼭 필요한 것만 담습니다. 처음 써보시는 분도 부담 없이 시작하실 수 있도록 설계했습니다.

콜라겐 탄력 크림은 탄력 고민을 겪는 분들을 위해 만들었습니다. 건성을 기준으로 배합했고, 60ml 용량으로 담았습니다. 성분 하나를 넣고 빼는 데 오래 고민했습니다.

## 주요 성분
콜라겐은 탄력을 채우는 데 쓰이며, 이 제품에는 흡수를 고려해 저분자로 분해한 형태를 넣었습니다.

전성분: 1,2-헥산다이올, 부틸렌글라이콜, 베타인, 카보머, 정제수, 잔탄검, 다이소듐이디티에이, 판테놀, 에틸헥실글리세린, 알란토인, 트로메타민, 글리세린, 카프릴릴글라이콜, 콜라겐 추출물, 향료

## 이런 분께 권합니다
건성이신 분, 탄력 때문에 오래 고민하신 분께 권합니다. 기초 단계를 줄이고 싶은 분께 적합합니다.

## 사용법
기초 단계의 마지막에 사용합니다. 적당량을 덜어 얼굴 안쪽에서 바깥쪽으로 펴 발라 주세요.

## 주의사항
화장품 사용 시 또는 사용 후 직사광선에 의하여 사용 부위가 붉은 반점, 부어오름 또는 가려움증 등의 이상 증상이나 부작용이 있는 경우 전문의 등과 상담할 것.
상처가 있는 부위 등에는 사용을 자제할 것.
보관 및 취급 시의 주의사항 — 어린이의 손이 닿지 않는 곳에 보관할 것. 직사광선을 피해서 보관할 것.

## 사용성 평가
자체 진행한 사용성 평가 결과입니다. 시험 대상자 30명, 4주간 1일 2회 사용 조건입니다.

- 사용 직후 수분량 33% 증가 (기기 측정)
- 4주 후 피부 거칠기 30% 개선
- 사용자의 82%가 「다시 구매할 의향이 있다」고 응답
- 시험 기간 중 이상 반응을 보고한 대상자 없음

본 결과는 개인에 따라 다를 수 있으며 질병의 예방이나 치료를 위한 것이 아닙니다.

## 구매하신 분들의 이야기
구매하신 분들이 자주 남겨주신 이야기를 정리했습니다.

가장 많이 언급된 표현은 「산뜻하다」와 「가성비가 좋다」였습니다. 특히 겨울철에 만족도가 높다는 의견이 많았고,
제형이 가벼운 편이라 이 점을 좋아하시는 분과 아쉬워하시는 분이 나뉘었습니다.
향에 대해서는 은은하다라는 점을 장점으로 꼽아 주신 분이 많았습니다.
재구매 의사를 밝혀 주신 분의 비율이 높은 편이며, 용량 대비 가격에 대한 의견은 엇갈립니다.

## 자주 묻는 질문
Q. 임신 중에도 사용 가능한가요?
A. 제품 특성상 개인차가 있을 수 있으므로 임신 중이시라면 사용 전에 전문의와 상담하시기를 권해 드립니다.

Q. 다른 제품과 같이 써도 되나요?
A. 기초 단계 순서만 지켜 주시면 함께 사용하셔도 괜찮습니다. 묽은 것부터 되직한 것 순으로 발라 주세요.

Q. 피부가 따가운데 계속 써도 되나요?
A. 사용을 중단하시고 상태를 지켜봐 주세요. 증상이 이어지면 전문의와 상담하시기 바랍니다.

## 배송 및 교환
평일 오후 2시 이전 결제 건은 당일 출고됩니다. 도서·산간 지역은 배송이 하루 이틀 더 걸릴 수 있습니다.
단순 변심에 의한 교환 및 반품은 수령일로부터 7일 이내에 가능하며 왕복 배송비가 부과됩니다.
개봉하였거나 사용한 흔적이 있는 상품은 교환 및 반품이 어렵습니다.
상품에 하자가 있는 경우에는 배송비 부담 없이 교환해 드립니다."
P133,"## 제품 소개
데일리랩은 매일 쓰는 것을 만듭니다. 특별한 날의 화려함보다 매일의 꾸준함이 피부를 바꾼다고 생각합니다. 그래서 가격도 매일 쓸 수 있게 맞췄습니다.

약산성 아미노산 브라이트닝 토너은 미백 고민을 겪는 분들을 위해 만들었습니다. 복합성을 기준으로 배합했고, 300ml 용량으로 담았습니다. 출시 전 3개월간 자체 모니터링을 진행했습니다.

## 주요 성분
약산성 아미노산 계면활성제를 사용했습니다. 세정력은 유지하면서 씻고 난 뒤 당김을 줄이는 데 초점을 맞췄습니다.

전성분: 트로메타민, 카보머, 부틸렌글라이콜, 글리세린, 에틸헥실글리세린, 소듐하이알루로네이트, 1,2-헥산다이올, 알란토인, 약산성 아미노산 추출물, 향료

## 이런 분께 권합니다
복합성이신 분, 미백 때문에 오래 고민하신 분께 권합니다. 환절기마다 컨디션이 흔들리는 분께도 잘 맞습니다.

## 사용법
세안 후 가장 먼저 사용합니다. 화장솜에 적셔 결을 따라 부드럽게 닦아내거나, 손바닥에 덜어 얼굴 전체에 두드려 흡수시켜 주세요.

## 주의사항
화장품 사용 시 또는 사용 후 직사광선에 의하여 사용 부위가 붉은 반점, 부어오름 또는 가려움증 등의 이상 증상이나 부작용이 있는 경우 전문의 등과 상담할 것.
상처가 있는 부위 등에는 사용을 자제할 것.
보관 및 취급 시의 주의사항 — 어린이의 손이 닿지 않는 곳에 보관할 것. 직사광선을 피해서 보관할 것.

## 사용성 평가
자체 진행한 사용성 평가 결과입니다. 시험 대상자 30명, 8주간 1일 2회 사용 조건입니다.

- 사용 직후 수분량 27% 증가 (기기 측정)
- 8주 후 피부 거칠기 32% 개선
- 사용자의 92%가 「다시 구매할 의향이 있다」고 응답
- 시험 기간 중 이상 반응을 보고한 대상자 없음

본 결과는 개인에 따라 다를 수 있으며 질병의 예방이나 치료를 위한 것이 아닙니다.

## 인증 및 시험
- 피부 자극 테스트 완료 (국내 임상시험 기관)
- 알레르기 유발 성분 20종 무첨가
- 동물 실험을 하지 않았습니다
- 환경을 생각한 재활용 가능 용기를 사용했습니다
- 화장품 책임판매업 등록 필증 보유

## 배송 및 교환
평일 오후 2시 이전 결제 건은 당일 출고됩니다. 도서·산간 지역은 배송이 하루 이틀 더 걸릴 수 있습니다.
단순 변심에 의한 교환 및 반품은 수령일로부터 7일 이내에 가능하며 왕복 배송비가 부과됩니다.
개봉하였거나 사용한 흔적이 있는 상품은 교환 및 반품이 어렵습니다.
상품에 하자가 있는 경우에는 배송비 부담 없이 교환해 드립니다."
P134,"## 제품 소개
순수담은 담백한 것을 만듭니다. 향을 넣지 않고 색을 입히지 않으며, 꼭 필요한 것만 담습니다. 처음 써보시는 분도 부담 없이 시작하실 수 있도록 설계했습니다.

히알루론산 트러블 미스트은 트러블 고민을 겪는 분들을 위해 만들었습니다. 모든 피부을 기준으로 배합했고, 120ml 용량으로 담았습니다. 성분 하나를 넣고 빼는 데 오래 고민했습니다.

## 주요 성분
히알루론산은 자기 무게의 수백 배에 달하는 수분을 끌어안는 성분입니다. 이 제품에는 분자 크기가 다른 세 종류를 함께 넣어 겉과 속에 나누어 자리 잡도록 했습니다.

전성분: 카프릴릴글라이콜, 알란토인, 판테놀, 정제수, 다이소듐이디티에이, 카보머, 소듐하이알루로네이트, 1,2-헥산다이올, 에틸헥실글리세린, 잔탄검, 트로메타민, 베타인, 글리세린, 히알루론산 추출물, 향료

## 이런 분께 권합니다
모든 피부이신 분, 트러블 때문에 오래 고민하신 분께 권합니다. 환절기마다 컨디션이 흔들리는 분께도 잘 맞습니다.

## 사용법
필요할 때마다 얼굴에서 20cm 정도 떨어뜨려 분사합니다. 메이크업 위에도 사용할 수 있습니다.

## 주의사항
화장품 사용 시 또는 사용 후 직사광선에 의하여 사용 부위가 붉은 반점, 부어오름 또는 가려움증 등의 이상 증상이나 부작용이 있는 경우 전문의 등과 상담할 것.
상처가 있는 부위 등에는 사용을 자제할 것.
보관 및 취급 시의 주의사항 — 어린이의 손이 닿지 않는 곳에 보관할 것. 직사광선을 피해서 보관할 것.

## 인증 및 시험
- 피부 자극 테스트 완료 (국내 임상시험 기관)
- 알레르기 유발 성분 21종 무첨가
- 동물 실험을 하지 않았습니다
- 환경을 생각한 재활용 가능 용기를 사용했습니다
- 화장품 책임판매업 등록 필증 보유

## 자주 묻는 질문
Q. 샘플을 받아볼 수 있나요?
A. 고객센터로 문의해 주시면 재고 상황에 따라 안내해 드리고 있습니다.

Q. 임신 중에도 사용 가능한가요?
A. 제품 특성상 개인차가 있을 수 있으므로 임신 중이시라면 사용 전에 전문의와 상담하시기를 권해 드립니다.

Q. 유통기한이 어떻게 되나요?
A. 제조일로부터 30개월이며, 개봉 후에는 12개월 이내에 사용하시는 것을 권장합니다. 용기 하단에서 제조일자를 확인하실 수 있습니다.

Q. 남성이 써도 되나요?
A. 성별과 무관하게 사용하실 수 있습니다. 면도 직후에는 자극이 있을 수 있으니 시간을 두고 사용해 주세요.

Q. 다른 제품과 같이 써도 되나요?
A. 기초 단계 순서만 지켜 주시면 함께 사용하셔도 괜찮습니다. 묽은 것부터 되직한 것 순으로 발라 주세요.

Q. 용기가 펌프인가요?
A. 위생과 산화를 고려해 펌프 형태로 제작했습니다. 마지막까지 쓰실 수 있도록 용기 안쪽을 비스듬히 설계했습니다.

## 배송 및 교환
평일 오후 2시 이전 결제 건은 당일 출고됩니다. 도서·산간 지역은 배송이 하루 이틀 더 걸릴 수 있습니다.
단순 변심에 의한 교환 및 반품은 수령일로부터 7일 이내에 가능하며 왕복 배송비가 부과됩니다.
개봉하였거나 사용한 흔적이 있는 상품은 교환 및 반품이 어렵습니다.
상품에 하자가 있는 경우에는 배송비 부담 없이 교환해 드립니다."
P135,"## 제품 소개
포레스트힐은 언덕 위 작은 농장에서 시작했습니다. 직접 기른 원료로 만들던 방식을 지금도 이어가고 있으며, 생산량이 적어 품절이 잦은 점 양해 부탁드립니다.

비타민C 브라이트닝 세럼은 미백 고민을 겪는 분들을 위해 만들었습니다. 지성을 기준으로 배합했고, 50ml 용량으로 담았습니다. 성분 하나를 넣고 빼는 데 오래 고민했습니다.

## 주요 성분
비타민C는 맑은 결을 만드는 데 널리 쓰이지만 공기와 빛에 약합니다. 이 제품은 안정화된 유도체를 사용했고 불투명 용기에 담았습니다.

전성분: 잔탄검, 판테놀, 1,2-헥산다이올, 다이소듐이디티에이, 트로메타민, 정제수, 카프릴릴글라이콜, 베타인, 글리세린, 비타민C 추출물, 향료

## 이런 분께 권합니다
지성이신 분, 미백 때문에 오래 고민하신 분께 권합니다. 처음 쓰시는 분도 부담 없이 시작하실 수 있습니다.

## 사용법
에센스 다음 단계에서 사용합니다. 건조한 부위에는 한 번 더 덧발라 주세요.

## 주의사항
고농도 비타민C 유도체가 함유되어 있습니다. 민감성 피부에는 따가움이 느껴질 수 있으므로 사용을 권하지 않습니다. 개봉 후에는 색이 변할 수 있으니 3개월 이내에 사용해 주세요.
화장품 사용 시 또는 사용 후 직사광선에 의하여 사용 부위가 붉은 반점, 부어오름 또는 가려움증 등의 이상 증상이나 부작용이 있는 경우 전문의 등과 상담할 것.
상처가 있는 부위 등에는 사용을 자제할 것.
보관 및 취급 시의 주의사항 — 어린이의 손이 닿지 않는 곳에 보관할 것. 직사광선을 피해서 보관할 것.

## 구매하신 분들의 이야기
구매하신 분들이 자주 남겨주신 이야기를 정리했습니다.

가장 많이 언급된 표현은 「자극이 없다」와 「겉돌지 않는다」였습니다. 특히 장마철에 만족도가 높다는 의견이 많았고,
제형이 젤 같은 편이라 이 점을 좋아하시는 분과 아쉬워하시는 분이 나뉘었습니다.
향에 대해서는 은은하다라는 점을 장점으로 꼽아 주신 분이 많았습니다.
재구매 의사를 밝혀 주신 분의 비율이 높은 편이며, 용량 대비 가격에 대한 의견은 엇갈립니다.

## 자주 묻는 질문
Q. 샘플을 받아볼 수 있나요?
A. 고객센터로 문의해 주시면 재고 상황에 따라 안내해 드리고 있습니다.

Q. 남성이 써도 되나요?
A. 성별과 무관하게 사용하실 수 있습니다. 면도 직후에는 자극이 있을 수 있으니 시간을 두고 사용해 주세요.

Q. 임신 중에도 사용 가능한가요?
A. 제품 특성상 개인차가 있을 수 있으므로 임신 중이시라면 사용 전에 전문의와 상담하시기를 권해 드립니다.

Q. 아침에도 쓸 수 있나요?
A. 네, 아침저녁 모두 사용하실 수 있습니다. 다만 아침에 사용하실 때는 자외선 차단제를 반드시 함께 발라 주세요.

## 배송 및 교환
평일 오후 2시 이전 결제 건은 당일 출고됩니다. 도서·산간 지역은 배송이 하루 이틀 더 걸릴 수 있습니다.
단순 변심에 의한 교환 및 반품은 수령일로부터 7일 이내에 가능하며 왕복 배송비가 부과됩니다.
개봉하였거나 사용한 흔적이 있는 상품은 교환 및 반품이 어렵습니다.
상품에 하자가 있는 경우에는 배송비 부담 없이 교환해 드립니다."
P136,"## 제품 소개
바른결은 결을 다듬는 일을 합니다. 자극으로 밀어내는 대신 부드럽게 정돈하는 방식을 택했습니다. 시간이 걸리더라도 피부가 상하지 않는 쪽을 고릅니다.

쌀겨 수분 크림은 수분 고민을 겪는 분들을 위해 만들었습니다. 건성을 기준으로 배합했고, 80ml 용량으로 담았습니다. 여러 차례의 사용성 평가를 거쳐 제형을 확정했습니다.

## 주요 성분
쌀겨 추출물과 미세 분말이 묵은 각질을 부드럽게 녹입니다. 알갱이로 문지르는 방식이 아니라 녹여내는 방식이라 마찰이 적습니다.

전성분: 부틸렌글라이콜, 다이소듐이디티에이, 알란토인, 베타인, 에틸헥실글리세린, 카보머, 1,2-헥산다이올, 트로메타민, 소듐하이알루로네이트, 카프릴릴글라이콜, 잔탄검, 판테놀, 정제수, 글리세린, 쌀겨 추출물, 향료

## 이런 분께 권합니다
건성이신 분, 수분 때문에 오래 고민하신 분께 권합니다. 기초 단계를 줄이고 싶은 분께 적합합니다.

## 사용법
기초 단계의 마지막에 사용합니다. 적당량을 덜어 얼굴 안쪽에서 바깥쪽으로 펴 발라 주세요.

## 주의사항
각질 관리 성분이 함유되어 있습니다. 민감성 피부 및 상처가 있는 부위에는 사용하지 마세요. 사용 빈도는 주 2회를 넘기지 않는 것을 권합니다.
화장품 사용 시 또는 사용 후 직사광선에 의하여 사용 부위가 붉은 반점, 부어오름 또는 가려움증 등의 이상 증상이나 부작용이 있는 경우 전문의 등과 상담할 것.
상처가 있는 부위 등에는 사용을 자제할 것.
보관 및 취급 시의 주의사항 — 어린이의 손이 닿지 않는 곳에 보관할 것. 직사광선을 피해서 보관할 것.

## 사용성 평가
자체 진행한 사용성 평가 결과입니다. 시험 대상자 31명, 4주간 1일 2회 사용 조건입니다.

- 사용 직후 수분량 42% 증가 (기기 측정)
- 4주 후 피부 거칠기 30% 개선
- 사용자의 73%가 「다시 구매할 의향이 있다」고 응답
- 시험 기간 중 이상 반응을 보고한 대상자 없음

본 결과는 개인에 따라 다를 수 있으며 질병의 예방이나 치료를 위한 것이 아닙니다.

## 구매하신 분들의 이야기
구매하신 분들이 자주 남겨주신 이야기를 정리했습니다.

가장 많이 언급된 표현은 「촉촉하다」와 「가성비가 좋다」였습니다. 특히 여름철에 만족도가 높다는 의견이 많았고,
제형이 물처럼 묽은 편이라 이 점을 좋아하시는 분과 아쉬워하시는 분이 나뉘었습니다.
향에 대해서는 인공적이지 않다라는 점을 장점으로 꼽아 주신 분이 많았습니다.
재구매 의사를 밝혀 주신 분의 비율이 높은 편이며, 용량 대비 가격에 대한 의견은 엇갈립니다.

## 자주 묻는 질문
Q. 유통기한이 어떻게 되나요?
A. 제조일로부터 30개월이며, 개봉 후에는 12개월 이내에 사용하시는 것을 권장합니다. 용기 하단에서 제조일자를 확인하실 수 있습니다.

Q. 다른 제품과 같이 써도 되나요?
A. 기초 단계 순서만 지켜 주시면 함께 사용하셔도 괜찮습니다. 묽은 것부터 되직한 것 순으로 발라 주세요.

Q. 피부가 따가운데 계속 써도 되나요?
A. 사용을 중단하시고 상태를 지켜봐 주세요. 증상이 이어지면 전문의와 상담하시기 바랍니다.

Q. 아침에도 쓸 수 있나요?
A. 네, 아침저녁 모두 사용하실 수 있습니다. 다만 아침에 사용하실 때는 자외선 차단제를 반드시 함께 발라 주세요.

## 배송 및 교환
평일 오후 2시 이전 결제 건은 당일 출고됩니다. 도서·산간 지역은 배송이 하루 이틀 더 걸릴 수 있습니다.
단순 변심에 의한 교환 및 반품은 수령일로부터 7일 이내에 가능하며 왕복 배송비가 부과됩니다.
개봉하였거나 사용한 흔적이 있는 상품은 교환 및 반품이 어렵습니다.
상품에 하자가 있는 경우에는 배송비 부담 없이 교환해 드립니다."
P137,"## 제품 소개
라온셀은 2009년 작은 연구실에서 시작했습니다. 피부에 얹는 것은 적을수록 좋다는 생각으로 불필요한 성분을 덜어내는 일에 오래 매달려 왔습니다. 화려한 광고 대신 성분표로 이야기하겠습니다.

레티놀 수분 선크림은 수분 고민을 겪는 분들을 위해 만들었습니다. 모든 피부을 기준으로 배합했고, 60ml 용량으로 담았습니다. 여러 차례의 사용성 평가를 거쳐 제형을 확정했습니다.

## 주요 성분
레티놀은 잔주름 관리에 쓰이는 대표적인 성분입니다. 다만 처음 쓰면 각질이 일거나 따가울 수 있어, 이 제품은 저농도로 시작하도록 설계했습니다.

전성분: 판테놀, 1,2-헥산다이올, 베타인, 트로메타민, 카프릴릴글라이콜, 잔탄검, 레티놀 추출물, 향료

## 이런 분께 권합니다
모든 피부이신 분, 수분 때문에 오래 고민하신 분께 권합니다. 환절기마다 컨디션이 흔들리는 분께도 잘 맞습니다.

## 사용법
기초 마지막 단계에 사용합니다. 외출 20분 전에 충분한 양을 바르고, 야외 활동 시에는 2~3시간마다 덧발라 주세요.

## 주의사항
레티놀 성분이 함유되어 있습니다. 민감성 피부는 사용을 권하지 않으며, 처음 사용하시는 분은 주 1~2회 저녁에만 소량으로 시작해 주세요. 임산부 및 수유부는 사용 전 전문의와 상담하시기 바랍니다. 사용 중 자외선 차단제를 반드시 함께 사용해 주세요.
화장품 사용 시 또는 사용 후 직사광선에 의하여 사용 부위가 붉은 반점, 부어오름 또는 가려움증 등의 이상 증상이나 부작용이 있는 경우 전문의 등과 상담할 것.
상처가 있는 부위 등에는 사용을 자제할 것.
보관 및 취급 시의 주의사항 — 어린이의 손이 닿지 않는 곳에 보관할 것. 직사광선을 피해서 보관할 것.

## 구매하신 분들의 이야기
구매하신 분들이 자주 남겨주신 이야기를 정리했습니다.

가장 많이 언급된 표현은 「촉촉하다」와 「흡수가 빠르다」였습니다. 특히 장마철에 만족도가 높다는 의견이 많았고,
제형이 물처럼 묽은 편이라 이 점을 좋아하시는 분과 아쉬워하시는 분이 나뉘었습니다.
향에 대해서는 무향에 가깝다라는 점을 장점으로 꼽아 주신 분이 많았습니다.
재구매 의사를 밝혀 주신 분의 비율이 높은 편이며, 용량 대비 가격에 대한 의견은 엇갈립니다.

## 배송 및 교환
평일 오후 2시 이전 결제 건은 당일 출고됩니다. 도서·산간 지역은 배송이 하루 이틀 더 걸릴 수 있습니다.
단순 변심에 의한 교환 및 반품은 수령일로부터 7일 이내에 가능하며 왕복 배송비가 부과됩니다.
개봉하였거나 사용한 흔적이 있는 상품은 교환 및 반품이 어렵습니다.
상품에 하자가 있는 경우에는 배송비 부담 없이 교환해 드립니다."
P138,"## 제품 소개
데일리랩은 매일 쓰는 것을 만듭니다. 특별한 날의 화려함보다 매일의 꾸준함이 피부를 바꾼다고 생각합니다. 그래서 가격도 매일 쓸 수 있게 맞췄습니다.

콜라겐 필링 선크림은 각질 고민을 겪는 분들을 위해 만들었습니다. 건성을 기준으로 배합했고, 50ml 용량으로 담았습니다. 여러 차례의 사용성 평가를 거쳐 제형을 확정했습니다.

## 주요 성분
콜라겐은 탄력을 채우는 데 쓰이며, 이 제품에는 흡수를 고려해 저분자로 분해한 형태를 넣었습니다.

전성분: 베타인, 다이소듐이디티에이, 알란토인, 판테놀, 잔탄검, 1,2-헥산다이올, 글리세린, 콜라겐 추출물, 향료

## 이런 분께 권합니다
건성이신 분, 각질 때문에 오래 고민하신 분께 권합니다. 기초 단계를 줄이고 싶은 분께 적합합니다.

## 사용법
기초 마지막 단계에 사용합니다. 외출 20분 전에 충분한 양을 바르고, 야외 활동 시에는 2~3시간마다 덧발라 주세요.

## 주의사항
화장품 사용 시 또는 사용 후 직사광선에 의하여 사용 부위가 붉은 반점, 부어오름 또는 가려움증 등의 이상 증상이나 부작용이 있는 경우 전문의 등과 상담할 것.
상처가 있는 부위 등에는 사용을 자제할 것.
보관 및 취급 시의 주의사항 — 어린이의 손이 닿지 않는 곳에 보관할 것. 직사광선을 피해서 보관할 것.

## 인증 및 시험
- 피부 자극 테스트 완료 (국내 임상시험 기관)
- 알레르기 유발 성분 21종 무첨가
- 동물 실험을 하지 않았습니다
- 환경을 생각한 재활용 가능 용기를 사용했습니다
- 화장품 책임판매업 등록 필증 보유

## 구매하신 분들의 이야기
구매하신 분들이 자주 남겨주신 이야기를 정리했습니다.

가장 많이 언급된 표현은 「부담 없다」와 「겉돌지 않는다」였습니다. 특히 봄가을 환절철에 만족도가 높다는 의견이 많았고,
제형이 젤 같은 편이라 이 점을 좋아하시는 분과 아쉬워하시는 분이 나뉘었습니다.
향에 대해서는 은은하다라는 점을 장점으로 꼽아 주신 분이 많았습니다.
재구매 의사를 밝혀 주신 분의 비율이 높은 편이며, 용량 대비 가격에 대한 의견은 엇갈립니다.

## 배송 및 교환
평일 오후 2시 이전 결제 건은 당일 출고됩니다. 도서·산간 지역은 배송이 하루 이틀 더 걸릴 수 있습니다.
단순 변심에 의한 교환 및 반품은 수령일로부터 7일 이내에 가능하며 왕복 배송비가 부과됩니다.
개봉하였거나 사용한 흔적이 있는 상품은 교환 및 반품이 어렵습니다.
상품에 하자가 있는 경우에는 배송비 부담 없이 교환해 드립니다."
P139,"## 제품 소개
히알루론산 필링 선크림은 각질 고민을 겪는 분들을 위해 만들었습니다. 모든 피부을 기준으로 배합했고, 50ml 용량으로 담았습니다. 여러 차례의 사용성 평가를 거쳐 제형을 확정했습니다.

## 주요 성분
히알루론산은 자기 무게의 수백 배에 달하는 수분을 끌어안는 성분입니다. 이 제품에는 분자 크기가 다른 세 종류를 함께 넣어 겉과 속에 나누어 자리 잡도록 했습니다.

전성분: 정제수, 글리세린, 베타인, 소듐하이알루로네이트, 다이소듐이디티에이, 알란토인, 카프릴릴글라이콜, 부틸렌글라이콜, 판테놀, 1,2-헥산다이올, 잔탄검, 트로메타민, 히알루론산 추출물, 향료

## 이런 분께 권합니다
모든 피부이신 분, 각질 때문에 오래 고민하신 분께 권합니다. 처음 쓰시는 분도 부담 없이 시작하실 수 있습니다.

## 사용법
기초 마지막 단계에 사용합니다. 외출 20분 전에 충분한 양을 바르고, 야외 활동 시에는 2~3시간마다 덧발라 주세요.

## 주의사항
화장품 사용 시 또는 사용 후 직사광선에 의하여 사용 부위가 붉은 반점, 부어오름 또는 가려움증 등의 이상 증상이나 부작용이 있는 경우 전문의 등과 상담할 것.
상처가 있는 부위 등에는 사용을 자제할 것.
보관 및 취급 시의 주의사항 — 어린이의 손이 닿지 않는 곳에 보관할 것. 직사광선을 피해서 보관할 것.

## 사용성 평가
자체 진행한 사용성 평가 결과입니다. 시험 대상자 21명, 4주간 1일 2회 사용 조건입니다.

- 사용 직후 수분량 26% 증가 (기기 측정)
- 4주 후 피부 거칠기 14% 개선
- 사용자의 72%가 「다시 구매할 의향이 있다」고 응답
- 시험 기간 중 이상 반응을 보고한 대상자 없음

본 결과는 개인에 따라 다를 수 있으며 질병의 예방이나 치료를 위한 것이 아닙니다.

## 자주 묻는 질문
Q. 용기가 펌프인가요?
A. 위생과 산화를 고려해 펌프 형태로 제작했습니다. 마지막까지 쓰실 수 있도록 용기 안쪽을 비스듬히 설계했습니다.

Q. 남성이 써도 되나요?
A. 성별과 무관하게 사용하실 수 있습니다. 면도 직후에는 자극이 있을 수 있으니 시간을 두고 사용해 주세요.

Q. 샘플을 받아볼 수 있나요?
A. 고객센터로 문의해 주시면 재고 상황에 따라 안내해 드리고 있습니다.

## 배송 및 교환
평일 오후 2시 이전 결제 건은 당일 출고됩니다. 도서·산간 지역은 배송이 하루 이틀 더 걸릴 수 있습니다.
단순 변심에 의한 교환 및 반품은 수령일로부터 7일 이내에 가능하며 왕복 배송비가 부과됩니다.
개봉하였거나 사용한 흔적이 있는 상품은 교환 및 반품이 어렵습니다.
상품에 하자가 있는 경우에는 배송비 부담 없이 교환해 드립니다."
P140,"## 제품 소개
라온셀은 2009년 작은 연구실에서 시작했습니다. 피부에 얹는 것은 적을수록 좋다는 생각으로 불필요한 성분을 덜어내는 일에 오래 매달려 왔습니다. 화려한 광고 대신 성분표로 이야기하겠습니다.

히알루론산 시카 클렌징오일은 진정 고민을 겪는 분들을 위해 만들었습니다. 복합성을 기준으로 배합했고, 150ml 용량으로 담았습니다. 출시 전 3개월간 자체 모니터링을 진행했습니다.

## 주요 성분
히알루론산은 자기 무게의 수백 배에 달하는 수분을 끌어안는 성분입니다. 이 제품에는 분자 크기가 다른 세 종류를 함께 넣어 겉과 속에 나누어 자리 잡도록 했습니다.

전성분: 에틸헥실글리세린, 1,2-헥산다이올, 정제수, 글리세린, 다이소듐이디티에이, 베타인, 알란토인, 트로메타민, 부틸렌글라이콜, 잔탄검, 소듐하이알루로네이트, 판테놀, 카보머, 카프릴릴글라이콜, 히알루론산 추출물, 향료

## 이런 분께 권합니다
복합성이신 분, 진정 때문에 오래 고민하신 분께 권합니다. 처음 쓰시는 분도 부담 없이 시작하실 수 있습니다.

## 사용법
마른 손과 마른 얼굴에 사용합니다. 얼굴 전체에 펴 발라 메이크업을 녹인 뒤 미온수를 조금씩 더해 유화시키고 헹궈냅니다.

## 주의사항
화장품 사용 시 또는 사용 후 직사광선에 의하여 사용 부위가 붉은 반점, 부어오름 또는 가려움증 등의 이상 증상이나 부작용이 있는 경우 전문의 등과 상담할 것.
상처가 있는 부위 등에는 사용을 자제할 것.
보관 및 취급 시의 주의사항 — 어린이의 손이 닿지 않는 곳에 보관할 것. 직사광선을 피해서 보관할 것.

## 사용성 평가
자체 진행한 사용성 평가 결과입니다. 시험 대상자 22명, 2주간 1일 2회 사용 조건입니다.

- 사용 직후 수분량 58% 증가 (기기 측정)
- 2주 후 피부 거칠기 10% 개선
- 사용자의 74%가 「다시 구매할 의향이 있다」고 응답
- 시험 기간 중 이상 반응을 보고한 대상자 없음

본 결과는 개인에 따라 다를 수 있으며 질병의 예방이나 치료를 위한 것이 아닙니다.

## 인증 및 시험
- 피부 자극 테스트 완료 (국내 임상시험 기관)
- 알레르기 유발 성분 24종 무첨가
- 동물 실험을 하지 않았습니다
- 환경을 생각한 재활용 가능 용기를 사용했습니다
- 화장품 책임판매업 등록 필증 보유

## 구매하신 분들의 이야기
구매하신 분들이 자주 남겨주신 이야기를 정리했습니다.

가장 많이 언급된 표현은 「순하다」와 「겉돌지 않는다」였습니다. 특히 봄가을 환절철에 만족도가 높다는 의견이 많았고,
제형이 물처럼 묽은 편이라 이 점을 좋아하시는 분과 아쉬워하시는 분이 나뉘었습니다.
향에 대해서는 은은하다라는 점을 장점으로 꼽아 주신 분이 많았습니다.
재구매 의사를 밝혀 주신 분의 비율이 높은 편이며, 용량 대비 가격에 대한 의견은 엇갈립니다.

## 자주 묻는 질문
Q. 남성이 써도 되나요?
A. 성별과 무관하게 사용하실 수 있습니다. 면도 직후에는 자극이 있을 수 있으니 시간을 두고 사용해 주세요.

Q. 피부가 따가운데 계속 써도 되나요?
A. 사용을 중단하시고 상태를 지켜봐 주세요. 증상이 이어지면 전문의와 상담하시기 바랍니다.

Q. 샘플을 받아볼 수 있나요?
A. 고객센터로 문의해 주시면 재고 상황에 따라 안내해 드리고 있습니다.

## 배송 및 교환
평일 오후 2시 이전 결제 건은 당일 출고됩니다. 도서·산간 지역은 배송이 하루 이틀 더 걸릴 수 있습니다.
단순 변심에 의한 교환 및 반품은 수령일로부터 7일 이내에 가능하며 왕복 배송비가 부과됩니다.
개봉하였거나 사용한 흔적이 있는 상품은 교환 및 반품이 어렵습니다.
상품에 하자가 있는 경우에는 배송비 부담 없이 교환해 드립니다."
P141,"## 제품 소개
데일리랩은 매일 쓰는 것을 만듭니다. 특별한 날의 화려함보다 매일의 꾸준함이 피부를 바꾼다고 생각합니다. 그래서 가격도 매일 쓸 수 있게 맞췄습니다.

세라마이드 포어 에센스은 모공 고민을 겪는 분들을 위해 만들었습니다. 모든 피부을 기준으로 배합했고, 50ml 용량으로 담았습니다. 성분 하나를 넣고 빼는 데 오래 고민했습니다.

## 주요 성분
세라마이드는 원래 피부 각질층에 있는 지질 성분입니다. 나이가 들거나 건조한 환경에 오래 있으면 줄어드는데, 이 제품은 그 빈자리를 채우는 것을 목표로 배합했습니다.

전성분: 트로메타민, 글리세린, 카보머, 부틸렌글라이콜, 잔탄검, 에틸헥실글리세린, 알란토인, 정제수, 세라마이드 추출물, 향료

## 사용법
토너로 결을 정리한 뒤 사용합니다. 2~3회 펌핑해 얼굴 전체에 펴 바르고 가볍게 두드려 흡수시켜 주세요.

## 주의사항
화장품 사용 시 또는 사용 후 직사광선에 의하여 사용 부위가 붉은 반점, 부어오름 또는 가려움증 등의 이상 증상이나 부작용이 있는 경우 전문의 등과 상담할 것.
상처가 있는 부위 등에는 사용을 자제할 것.
보관 및 취급 시의 주의사항 — 어린이의 손이 닿지 않는 곳에 보관할 것. 직사광선을 피해서 보관할 것.

## 인증 및 시험
- 피부 자극 테스트 완료 (국내 임상시험 기관)
- 알레르기 유발 성분 20종 무첨가
- 동물 실험을 하지 않았습니다
- 환경을 생각한 재활용 가능 용기를 사용했습니다
- 화장품 책임판매업 등록 필증 보유

## 배송 및 교환
평일 오후 2시 이전 결제 건은 당일 출고됩니다. 도서·산간 지역은 배송이 하루 이틀 더 걸릴 수 있습니다.
단순 변심에 의한 교환 및 반품은 수령일로부터 7일 이내에 가능하며 왕복 배송비가 부과됩니다.
개봉하였거나 사용한 흔적이 있는 상품은 교환 및 반품이 어렵습니다.
상품에 하자가 있는 경우에는 배송비 부담 없이 교환해 드립니다."
P142,"## 제품 소개
물빛연구소는 물의 결을 닮은 제형을 연구합니다. 무겁게 덮는 대신 스미게 하는 것, 그 한 가지를 위해 십수 년간 배합비를 고쳐 왔습니다. 오늘도 실험실의 불은 늦게까지 켜져 있습니다.

어성초 트러블 세럼은 트러블 고민을 겪는 분들을 위해 만들었습니다. 복합성을 기준으로 배합했고, 30ml 용량으로 담았습니다. 성분 하나를 넣고 빼는 데 오래 고민했습니다.

## 주요 성분
어성초는 예로부터 열감을 식히는 데 써온 식물입니다. 이 제품은 잎과 줄기를 저온에서 우려낸 추출물을 정제수 대신 사용했습니다.

전성분: 소듐하이알루로네이트, 부틸렌글라이콜, 잔탄검, 정제수, 글리세린, 에틸헥실글리세린, 1,2-헥산다이올, 어성초 추출물, 향료

## 이런 분께 권합니다
복합성이신 분, 트러블 때문에 오래 고민하신 분께 권합니다. 환절기마다 컨디션이 흔들리는 분께도 잘 맞습니다.

## 사용법
에센스 다음 단계에서 사용합니다. 건조한 부위에는 한 번 더 덧발라 주세요.

## 주의사항
화장품 사용 시 또는 사용 후 직사광선에 의하여 사용 부위가 붉은 반점, 부어오름 또는 가려움증 등의 이상 증상이나 부작용이 있는 경우 전문의 등과 상담할 것.
상처가 있는 부위 등에는 사용을 자제할 것.
보관 및 취급 시의 주의사항 — 어린이의 손이 닿지 않는 곳에 보관할 것. 직사광선을 피해서 보관할 것.

## 배송 및 교환
평일 오후 2시 이전 결제 건은 당일 출고됩니다. 도서·산간 지역은 배송이 하루 이틀 더 걸릴 수 있습니다.
단순 변심에 의한 교환 및 반품은 수령일로부터 7일 이내에 가능하며 왕복 배송비가 부과됩니다.
개봉하였거나 사용한 흔적이 있는 상품은 교환 및 반품이 어렵습니다.
상품에 하자가 있는 경우에는 배송비 부담 없이 교환해 드립니다."
P143,"## 제품 소개
순수담은 담백한 것을 만듭니다. 향을 넣지 않고 색을 입히지 않으며, 꼭 필요한 것만 담습니다. 처음 써보시는 분도 부담 없이 시작하실 수 있도록 설계했습니다.

프로폴리스 수분 토너은 수분 고민을 겪는 분들을 위해 만들었습니다. 민감성을 기준으로 배합했고, 150ml 용량으로 담았습니다. 출시 전 3개월간 자체 모니터링을 진행했습니다.

## 주요 성분
프로폴리스는 벌이 모은 수지 성분으로 영양을 채우는 데 씁니다. 원물 함량을 높여 특유의 끈적임이 있습니다.

전성분: 에틸헥실글리세린, 알란토인, 부틸렌글라이콜, 트로메타민, 정제수, 카프릴릴글라이콜, 판테놀, 카보머, 글리세린, 1,2-헥산다이올, 프로폴리스 추출물, 향료

## 이런 분께 권합니다
민감성이신 분, 수분 때문에 오래 고민하신 분께 권합니다. 기초 단계를 줄이고 싶은 분께 적합합니다.

## 사용법
세안 후 가장 먼저 사용합니다. 화장솜에 적셔 결을 따라 부드럽게 닦아내거나, 손바닥에 덜어 얼굴 전체에 두드려 흡수시켜 주세요.

## 주의사항
벌 유래 성분이 함유되어 있습니다. 벌 관련 알레르기가 있으신 분은 사용을 피해 주세요.
화장품 사용 시 또는 사용 후 직사광선에 의하여 사용 부위가 붉은 반점, 부어오름 또는 가려움증 등의 이상 증상이나 부작용이 있는 경우 전문의 등과 상담할 것.
상처가 있는 부위 등에는 사용을 자제할 것.
보관 및 취급 시의 주의사항 — 어린이의 손이 닿지 않는 곳에 보관할 것. 직사광선을 피해서 보관할 것.

## 사용성 평가
자체 진행한 사용성 평가 결과입니다. 시험 대상자 31명, 6주간 1일 2회 사용 조건입니다.

- 사용 직후 수분량 35% 증가 (기기 측정)
- 6주 후 피부 거칠기 19% 개선
- 사용자의 81%가 「다시 구매할 의향이 있다」고 응답
- 시험 기간 중 이상 반응을 보고한 대상자 없음

본 결과는 개인에 따라 다를 수 있으며 질병의 예방이나 치료를 위한 것이 아닙니다.

## 인증 및 시험
- 피부 자극 테스트 완료 (국내 임상시험 기관)
- 알레르기 유발 성분 26종 무첨가
- 동물 실험을 하지 않았습니다
- 환경을 생각한 재활용 가능 용기를 사용했습니다
- 화장품 책임판매업 등록 필증 보유

## 구매하신 분들의 이야기
구매하신 분들이 자주 남겨주신 이야기를 정리했습니다.

가장 많이 언급된 표현은 「자극이 없다」와 「겉돌지 않는다」였습니다. 특히 여름철에 만족도가 높다는 의견이 많았고,
제형이 가벼운 편이라 이 점을 좋아하시는 분과 아쉬워하시는 분이 나뉘었습니다.
향에 대해서는 인공적이지 않다라는 점을 장점으로 꼽아 주신 분이 많았습니다.
재구매 의사를 밝혀 주신 분의 비율이 높은 편이며, 용량 대비 가격에 대한 의견은 엇갈립니다.

## 자주 묻는 질문
Q. 유통기한이 어떻게 되나요?
A. 제조일로부터 30개월이며, 개봉 후에는 12개월 이내에 사용하시는 것을 권장합니다. 용기 하단에서 제조일자를 확인하실 수 있습니다.

Q. 남성이 써도 되나요?
A. 성별과 무관하게 사용하실 수 있습니다. 면도 직후에는 자극이 있을 수 있으니 시간을 두고 사용해 주세요.

Q. 임신 중에도 사용 가능한가요?
A. 제품 특성상 개인차가 있을 수 있으므로 임신 중이시라면 사용 전에 전문의와 상담하시기를 권해 드립니다.

Q. 용기가 펌프인가요?
A. 위생과 산화를 고려해 펌프 형태로 제작했습니다. 마지막까지 쓰실 수 있도록 용기 안쪽을 비스듬히 설계했습니다.

Q. 아침에도 쓸 수 있나요?
A. 네, 아침저녁 모두 사용하실 수 있습니다. 다만 아침에 사용하실 때는 자외선 차단제를 반드시 함께 발라 주세요.

Q. 샘플을 받아볼 수 있나요?
A. 고객센터로 문의해 주시면 재고 상황에 따라 안내해 드리고 있습니다.

## 배송 및 교환
평일 오후 2시 이전 결제 건은 당일 출고됩니다. 도서·산간 지역은 배송이 하루 이틀 더 걸릴 수 있습니다.
단순 변심에 의한 교환 및 반품은 수령일로부터 7일 이내에 가능하며 왕복 배송비가 부과됩니다.
개봉하였거나 사용한 흔적이 있는 상품은 교환 및 반품이 어렵습니다.
상품에 하자가 있는 경우에는 배송비 부담 없이 교환해 드립니다."
P144,"## 제품 소개
데일리랩은 매일 쓰는 것을 만듭니다. 특별한 날의 화려함보다 매일의 꾸준함이 피부를 바꾼다고 생각합니다. 그래서 가격도 매일 쓸 수 있게 맞췄습니다.

나이아신아마이드 탄력 크림은 탄력 고민을 겪는 분들을 위해 만들었습니다. 복합성을 기준으로 배합했고, 60ml 용량으로 담았습니다. 성분 하나를 넣고 빼는 데 오래 고민했습니다.

## 주요 성분
나이아신아마이드는 비타민B3 계열 성분으로, 칙칙해 보이는 기를 덜어내는 데 오래 쓰여 왔습니다. 함량을 2%로 잡아 부담을 낮췄습니다.

전성분: 판테놀, 1,2-헥산다이올, 알란토인, 베타인, 소듐하이알루로네이트, 카프릴릴글라이콜, 글리세린, 트로메타민, 다이소듐이디티에이, 정제수, 카보머, 나이아신아마이드 추출물, 향료

## 이런 분께 권합니다
복합성이신 분, 탄력 때문에 오래 고민하신 분께 권합니다. 환절기마다 컨디션이 흔들리는 분께도 잘 맞습니다.

## 사용법
기초 단계의 마지막에 사용합니다. 적당량을 덜어 얼굴 안쪽에서 바깥쪽으로 펴 발라 주세요.

## 주의사항
화장품 사용 시 또는 사용 후 직사광선에 의하여 사용 부위가 붉은 반점, 부어오름 또는 가려움증 등의 이상 증상이나 부작용이 있는 경우 전문의 등과 상담할 것.
상처가 있는 부위 등에는 사용을 자제할 것.
보관 및 취급 시의 주의사항 — 어린이의 손이 닿지 않는 곳에 보관할 것. 직사광선을 피해서 보관할 것.

## 사용성 평가
자체 진행한 사용성 평가 결과입니다. 시험 대상자 22명, 6주간 1일 2회 사용 조건입니다.

- 사용 직후 수분량 37% 증가 (기기 측정)
- 6주 후 피부 거칠기 22% 개선
- 사용자의 83%가 「다시 구매할 의향이 있다」고 응답
- 시험 기간 중 이상 반응을 보고한 대상자 없음

본 결과는 개인에 따라 다를 수 있으며 질병의 예방이나 치료를 위한 것이 아닙니다.

## 인증 및 시험
- 피부 자극 테스트 완료 (국내 임상시험 기관)
- 알레르기 유발 성분 21종 무첨가
- 동물 실험을 하지 않았습니다
- 환경을 생각한 재활용 가능 용기를 사용했습니다
- 화장품 책임판매업 등록 필증 보유

## 구매하신 분들의 이야기
구매하신 분들이 자주 남겨주신 이야기를 정리했습니다.

가장 많이 언급된 표현은 「촉촉하다」와 「겉돌지 않는다」였습니다. 특히 여름철에 만족도가 높다는 의견이 많았고,
제형이 물처럼 묽은 편이라 이 점을 좋아하시는 분과 아쉬워하시는 분이 나뉘었습니다.
향에 대해서는 무향에 가깝다라는 점을 장점으로 꼽아 주신 분이 많았습니다.
재구매 의사를 밝혀 주신 분의 비율이 높은 편이며, 용량 대비 가격에 대한 의견은 엇갈립니다.

## 배송 및 교환
평일 오후 2시 이전 결제 건은 당일 출고됩니다. 도서·산간 지역은 배송이 하루 이틀 더 걸릴 수 있습니다.
단순 변심에 의한 교환 및 반품은 수령일로부터 7일 이내에 가능하며 왕복 배송비가 부과됩니다.
개봉하였거나 사용한 흔적이 있는 상품은 교환 및 반품이 어렵습니다.
상품에 하자가 있는 경우에는 배송비 부담 없이 교환해 드립니다."
P145,"## 제품 소개
청담수는 맑은 물처럼 투명한 제품을 지향합니다. 무엇이 들어갔는지 숨기지 않고 전 성분을 함량 순으로 공개합니다. 신뢰는 정보에서 나온다고 봅니다.

비타민C 포어 아이크림은 모공 고민을 겪는 분들을 위해 만들었습니다. 건성을 기준으로 배합했고, 30ml 용량으로 담았습니다. 여러 차례의 사용성 평가를 거쳐 제형을 확정했습니다.

## 주요 성분
비타민C는 맑은 결을 만드는 데 널리 쓰이지만 공기와 빛에 약합니다. 이 제품은 안정화된 유도체를 사용했고 불투명 용기에 담았습니다.

전성분: 다이소듐이디티에이, 잔탄검, 부틸렌글라이콜, 카보머, 베타인, 글리세린, 1,2-헥산다이올, 알란토인, 카프릴릴글라이콜, 에틸헥실글리세린, 판테놀, 정제수, 트로메타민, 비타민C 추출물, 향료

## 이런 분께 권합니다
건성이신 분, 모공 때문에 오래 고민하신 분께 권합니다. 기초 단계를 줄이고 싶은 분께 적합합니다.

## 사용법
기초 마지막 단계에 눈가에 사용합니다. 약지로 톡톡 두드려 흡수시켜 주세요. 눈에 직접 닿지 않도록 주의합니다.

## 주의사항
고농도 비타민C 유도체가 함유되어 있습니다. 민감성 피부에는 따가움이 느껴질 수 있으므로 사용을 권하지 않습니다. 개봉 후에는 색이 변할 수 있으니 3개월 이내에 사용해 주세요.
화장품 사용 시 또는 사용 후 직사광선에 의하여 사용 부위가 붉은 반점, 부어오름 또는 가려움증 등의 이상 증상이나 부작용이 있는 경우 전문의 등과 상담할 것.
상처가 있는 부위 등에는 사용을 자제할 것.
보관 및 취급 시의 주의사항 — 어린이의 손이 닿지 않는 곳에 보관할 것. 직사광선을 피해서 보관할 것.

## 인증 및 시험
- 피부 자극 테스트 완료 (국내 임상시험 기관)
- 알레르기 유발 성분 24종 무첨가
- 동물 실험을 하지 않았습니다
- 환경을 생각한 재활용 가능 용기를 사용했습니다
- 화장품 책임판매업 등록 필증 보유

## 구매하신 분들의 이야기
구매하신 분들이 자주 남겨주신 이야기를 정리했습니다.

가장 많이 언급된 표현은 「자극이 없다」와 「겉돌지 않는다」였습니다. 특히 겨울철에 만족도가 높다는 의견이 많았고,
제형이 물처럼 묽은 편이라 이 점을 좋아하시는 분과 아쉬워하시는 분이 나뉘었습니다.
향에 대해서는 인공적이지 않다라는 점을 장점으로 꼽아 주신 분이 많았습니다.
재구매 의사를 밝혀 주신 분의 비율이 높은 편이며, 용량 대비 가격에 대한 의견은 엇갈립니다.

## 배송 및 교환
평일 오후 2시 이전 결제 건은 당일 출고됩니다. 도서·산간 지역은 배송이 하루 이틀 더 걸릴 수 있습니다.
단순 변심에 의한 교환 및 반품은 수령일로부터 7일 이내에 가능하며 왕복 배송비가 부과됩니다.
개봉하였거나 사용한 흔적이 있는 상품은 교환 및 반품이 어렵습니다.
상품에 하자가 있는 경우에는 배송비 부담 없이 교환해 드립니다."
P146,"## 제품 소개
순수담은 담백한 것을 만듭니다. 향을 넣지 않고 색을 입히지 않으며, 꼭 필요한 것만 담습니다. 처음 써보시는 분도 부담 없이 시작하실 수 있도록 설계했습니다.

병풀 시카 토너은 진정 고민을 겪는 분들을 위해 만들었습니다. 건성을 기준으로 배합했고, 150ml 용량으로 담았습니다. 성분 하나를 넣고 빼는 데 오래 고민했습니다.

## 주요 성분
병풀 추출물은 예민해진 피부를 진정시키는 데 쓰입니다. 마데카소사이드를 포함한 네 가지 지표 성분을 함께 담았습니다.

전성분: 베타인, 에틸헥실글리세린, 알란토인, 다이소듐이디티에이, 글리세린, 잔탄검, 1,2-헥산다이올, 병풀 추출물, 향료

## 사용법
세안 후 가장 먼저 사용합니다. 화장솜에 적셔 결을 따라 부드럽게 닦아내거나, 손바닥에 덜어 얼굴 전체에 두드려 흡수시켜 주세요.

## 주의사항
화장품 사용 시 또는 사용 후 직사광선에 의하여 사용 부위가 붉은 반점, 부어오름 또는 가려움증 등의 이상 증상이나 부작용이 있는 경우 전문의 등과 상담할 것.
상처가 있는 부위 등에는 사용을 자제할 것.
보관 및 취급 시의 주의사항 — 어린이의 손이 닿지 않는 곳에 보관할 것. 직사광선을 피해서 보관할 것.

## 인증 및 시험
- 피부 자극 테스트 완료 (국내 임상시험 기관)
- 알레르기 유발 성분 26종 무첨가
- 동물 실험을 하지 않았습니다
- 환경을 생각한 재활용 가능 용기를 사용했습니다
- 화장품 책임판매업 등록 필증 보유

## 구매하신 분들의 이야기
구매하신 분들이 자주 남겨주신 이야기를 정리했습니다.

가장 많이 언급된 표현은 「순하다」와 「가성비가 좋다」였습니다. 특히 겨울철에 만족도가 높다는 의견이 많았고,
제형이 가벼운 편이라 이 점을 좋아하시는 분과 아쉬워하시는 분이 나뉘었습니다.
향에 대해서는 인공적이지 않다라는 점을 장점으로 꼽아 주신 분이 많았습니다.
재구매 의사를 밝혀 주신 분의 비율이 높은 편이며, 용량 대비 가격에 대한 의견은 엇갈립니다.

## 자주 묻는 질문
Q. 샘플을 받아볼 수 있나요?
A. 고객센터로 문의해 주시면 재고 상황에 따라 안내해 드리고 있습니다.

Q. 피부가 따가운데 계속 써도 되나요?
A. 사용을 중단하시고 상태를 지켜봐 주세요. 증상이 이어지면 전문의와 상담하시기 바랍니다.

Q. 아침에도 쓸 수 있나요?
A. 네, 아침저녁 모두 사용하실 수 있습니다. 다만 아침에 사용하실 때는 자외선 차단제를 반드시 함께 발라 주세요.

## 배송 및 교환
평일 오후 2시 이전 결제 건은 당일 출고됩니다. 도서·산간 지역은 배송이 하루 이틀 더 걸릴 수 있습니다.
단순 변심에 의한 교환 및 반품은 수령일로부터 7일 이내에 가능하며 왕복 배송비가 부과됩니다.
개봉하였거나 사용한 흔적이 있는 상품은 교환 및 반품이 어렵습니다.
상품에 하자가 있는 경우에는 배송비 부담 없이 교환해 드립니다."
P147,"## 제품 소개
허브노트는 허브의 향과 성질을 함께 담습니다. 합성 향료 대신 원료 본연의 향을 살렸고, 그래서 제품마다 향이 조금씩 다릅니다.

레티놀 트러블 선크림은 트러블 고민을 겪는 분들을 위해 만들었습니다. 복합성을 기준으로 배합했고, 50ml 용량으로 담았습니다. 출시 전 3개월간 자체 모니터링을 진행했습니다.

## 주요 성분
레티놀은 잔주름 관리에 쓰이는 대표적인 성분입니다. 다만 처음 쓰면 각질이 일거나 따가울 수 있어, 이 제품은 저농도로 시작하도록 설계했습니다.

전성분: 정제수, 판테놀, 소듐하이알루로네이트, 베타인, 글리세린, 카프릴릴글라이콜, 부틸렌글라이콜, 트로메타민, 카보머, 1,2-헥산다이올, 레티놀 추출물, 향료

## 이런 분께 권합니다
복합성이신 분, 트러블 때문에 오래 고민하신 분께 권합니다. 기초 단계를 줄이고 싶은 분께 적합합니다.

## 사용법
기초 마지막 단계에 사용합니다. 외출 20분 전에 충분한 양을 바르고, 야외 활동 시에는 2~3시간마다 덧발라 주세요.

## 주의사항
레티놀 성분이 함유되어 있습니다. 민감성 피부는 사용을 권하지 않으며, 처음 사용하시는 분은 주 1~2회 저녁에만 소량으로 시작해 주세요. 임산부 및 수유부는 사용 전 전문의와 상담하시기 바랍니다. 사용 중 자외선 차단제를 반드시 함께 사용해 주세요.
화장품 사용 시 또는 사용 후 직사광선에 의하여 사용 부위가 붉은 반점, 부어오름 또는 가려움증 등의 이상 증상이나 부작용이 있는 경우 전문의 등과 상담할 것.
상처가 있는 부위 등에는 사용을 자제할 것.
보관 및 취급 시의 주의사항 — 어린이의 손이 닿지 않는 곳에 보관할 것. 직사광선을 피해서 보관할 것.

## 사용성 평가
자체 진행한 사용성 평가 결과입니다. 시험 대상자 30명, 4주간 1일 2회 사용 조건입니다.

- 사용 직후 수분량 62% 증가 (기기 측정)
- 4주 후 피부 거칠기 13% 개선
- 사용자의 94%가 「다시 구매할 의향이 있다」고 응답
- 시험 기간 중 이상 반응을 보고한 대상자 없음

본 결과는 개인에 따라 다를 수 있으며 질병의 예방이나 치료를 위한 것이 아닙니다.

## 자주 묻는 질문
Q. 남성이 써도 되나요?
A. 성별과 무관하게 사용하실 수 있습니다. 면도 직후에는 자극이 있을 수 있으니 시간을 두고 사용해 주세요.

Q. 유통기한이 어떻게 되나요?
A. 제조일로부터 30개월이며, 개봉 후에는 12개월 이내에 사용하시는 것을 권장합니다. 용기 하단에서 제조일자를 확인하실 수 있습니다.

Q. 용기가 펌프인가요?
A. 위생과 산화를 고려해 펌프 형태로 제작했습니다. 마지막까지 쓰실 수 있도록 용기 안쪽을 비스듬히 설계했습니다.

Q. 아침에도 쓸 수 있나요?
A. 네, 아침저녁 모두 사용하실 수 있습니다. 다만 아침에 사용하실 때는 자외선 차단제를 반드시 함께 발라 주세요.

Q. 임신 중에도 사용 가능한가요?
A. 제품 특성상 개인차가 있을 수 있으므로 임신 중이시라면 사용 전에 전문의와 상담하시기를 권해 드립니다.

Q. 피부가 따가운데 계속 써도 되나요?
A. 사용을 중단하시고 상태를 지켜봐 주세요. 증상이 이어지면 전문의와 상담하시기 바랍니다.

Q. 다른 제품과 같이 써도 되나요?
A. 기초 단계 순서만 지켜 주시면 함께 사용하셔도 괜찮습니다. 묽은 것부터 되직한 것 순으로 발라 주세요.

## 배송 및 교환
평일 오후 2시 이전 결제 건은 당일 출고됩니다. 도서·산간 지역은 배송이 하루 이틀 더 걸릴 수 있습니다.
단순 변심에 의한 교환 및 반품은 수령일로부터 7일 이내에 가능하며 왕복 배송비가 부과됩니다.
개봉하였거나 사용한 흔적이 있는 상품은 교환 및 반품이 어렵습니다.
상품에 하자가 있는 경우에는 배송비 부담 없이 교환해 드립니다."
P148,"## 제품 소개
데일리랩은 매일 쓰는 것을 만듭니다. 특별한 날의 화려함보다 매일의 꾸준함이 피부를 바꾼다고 생각합니다. 그래서 가격도 매일 쓸 수 있게 맞췄습니다.

프로폴리스 트러블 앰플은 트러블 고민을 겪는 분들을 위해 만들었습니다. 건성을 기준으로 배합했고, 30ml 용량으로 담았습니다. 여러 차례의 사용성 평가를 거쳐 제형을 확정했습니다.

## 주요 성분
프로폴리스는 벌이 모은 수지 성분으로 영양을 채우는 데 씁니다. 원물 함량을 높여 특유의 끈적임이 있습니다.

전성분: 잔탄검, 정제수, 판테놀, 1,2-헥산다이올, 다이소듐이디티에이, 글리세린, 카보머, 에틸헥실글리세린, 부틸렌글라이콜, 베타인, 트로메타민, 소듐하이알루로네이트, 알란토인, 프로폴리스 추출물, 향료

## 이런 분께 권합니다
건성이신 분, 트러블 때문에 오래 고민하신 분께 권합니다. 기초 단계를 줄이고 싶은 분께 적합합니다.

## 사용법
집중 관리가 필요할 때 세럼 대신 또는 세럼 다음에 사용합니다. 매일 써도 되지만 주 2~3회 집중 사용도 좋습니다.

## 주의사항
벌 유래 성분이 함유되어 있습니다. 벌 관련 알레르기가 있으신 분은 사용을 피해 주세요.
화장품 사용 시 또는 사용 후 직사광선에 의하여 사용 부위가 붉은 반점, 부어오름 또는 가려움증 등의 이상 증상이나 부작용이 있는 경우 전문의 등과 상담할 것.
상처가 있는 부위 등에는 사용을 자제할 것.
보관 및 취급 시의 주의사항 — 어린이의 손이 닿지 않는 곳에 보관할 것. 직사광선을 피해서 보관할 것.

## 구매하신 분들의 이야기
구매하신 분들이 자주 남겨주신 이야기를 정리했습니다.

가장 많이 언급된 표현은 「부담 없다」와 「흡수가 빠르다」였습니다. 특히 여름철에 만족도가 높다는 의견이 많았고,
제형이 꾸덕한 편이라 이 점을 좋아하시는 분과 아쉬워하시는 분이 나뉘었습니다.
향에 대해서는 무향에 가깝다라는 점을 장점으로 꼽아 주신 분이 많았습니다.
재구매 의사를 밝혀 주신 분의 비율이 높은 편이며, 용량 대비 가격에 대한 의견은 엇갈립니다.

## 자주 묻는 질문
Q. 아침에도 쓸 수 있나요?
A. 네, 아침저녁 모두 사용하실 수 있습니다. 다만 아침에 사용하실 때는 자외선 차단제를 반드시 함께 발라 주세요.

Q. 용기가 펌프인가요?
A. 위생과 산화를 고려해 펌프 형태로 제작했습니다. 마지막까지 쓰실 수 있도록 용기 안쪽을 비스듬히 설계했습니다.

Q. 다른 제품과 같이 써도 되나요?
A. 기초 단계 순서만 지켜 주시면 함께 사용하셔도 괜찮습니다. 묽은 것부터 되직한 것 순으로 발라 주세요.

Q. 남성이 써도 되나요?
A. 성별과 무관하게 사용하실 수 있습니다. 면도 직후에는 자극이 있을 수 있으니 시간을 두고 사용해 주세요.

Q. 유통기한이 어떻게 되나요?
A. 제조일로부터 30개월이며, 개봉 후에는 12개월 이내에 사용하시는 것을 권장합니다. 용기 하단에서 제조일자를 확인하실 수 있습니다.

Q. 임신 중에도 사용 가능한가요?
A. 제품 특성상 개인차가 있을 수 있으므로 임신 중이시라면 사용 전에 전문의와 상담하시기를 권해 드립니다.

## 배송 및 교환
평일 오후 2시 이전 결제 건은 당일 출고됩니다. 도서·산간 지역은 배송이 하루 이틀 더 걸릴 수 있습니다.
단순 변심에 의한 교환 및 반품은 수령일로부터 7일 이내에 가능하며 왕복 배송비가 부과됩니다.
개봉하였거나 사용한 흔적이 있는 상품은 교환 및 반품이 어렵습니다.
상품에 하자가 있는 경우에는 배송비 부담 없이 교환해 드립니다."
P149,"## 제품 소개
쌀겨 탄력 선크림은 탄력 고민을 겪는 분들을 위해 만들었습니다. 모든 피부을 기준으로 배합했고, 50ml 용량으로 담았습니다. 출시 전 3개월간 자체 모니터링을 진행했습니다.

## 주요 성분
쌀겨 추출물과 미세 분말이 묵은 각질을 부드럽게 녹입니다. 알갱이로 문지르는 방식이 아니라 녹여내는 방식이라 마찰이 적습니다.

전성분: 다이소듐이디티에이, 글리세린, 소듐하이알루로네이트, 알란토인, 부틸렌글라이콜, 카보머, 카프릴릴글라이콜, 베타인, 정제수, 판테놀, 에틸헥실글리세린, 잔탄검, 쌀겨 추출물, 향료

## 이런 분께 권합니다
모든 피부이신 분, 탄력 때문에 오래 고민하신 분께 권합니다. 환절기마다 컨디션이 흔들리는 분께도 잘 맞습니다.

## 사용법
기초 마지막 단계에 사용합니다. 외출 20분 전에 충분한 양을 바르고, 야외 활동 시에는 2~3시간마다 덧발라 주세요.

## 주의사항
각질 관리 성분이 함유되어 있습니다. 민감성 피부 및 상처가 있는 부위에는 사용하지 마세요. 사용 빈도는 주 2회를 넘기지 않는 것을 권합니다.
화장품 사용 시 또는 사용 후 직사광선에 의하여 사용 부위가 붉은 반점, 부어오름 또는 가려움증 등의 이상 증상이나 부작용이 있는 경우 전문의 등과 상담할 것.
상처가 있는 부위 등에는 사용을 자제할 것.
보관 및 취급 시의 주의사항 — 어린이의 손이 닿지 않는 곳에 보관할 것. 직사광선을 피해서 보관할 것.

## 인증 및 시험
- 피부 자극 테스트 완료 (국내 임상시험 기관)
- 알레르기 유발 성분 21종 무첨가
- 동물 실험을 하지 않았습니다
- 환경을 생각한 재활용 가능 용기를 사용했습니다
- 화장품 책임판매업 등록 필증 보유

## 구매하신 분들의 이야기
구매하신 분들이 자주 남겨주신 이야기를 정리했습니다.

가장 많이 언급된 표현은 「산뜻하다」와 「흡수가 빠르다」였습니다. 특히 장마철에 만족도가 높다는 의견이 많았고,
제형이 물처럼 묽은 편이라 이 점을 좋아하시는 분과 아쉬워하시는 분이 나뉘었습니다.
향에 대해서는 인공적이지 않다라는 점을 장점으로 꼽아 주신 분이 많았습니다.
재구매 의사를 밝혀 주신 분의 비율이 높은 편이며, 용량 대비 가격에 대한 의견은 엇갈립니다.

## 자주 묻는 질문
Q. 용기가 펌프인가요?
A. 위생과 산화를 고려해 펌프 형태로 제작했습니다. 마지막까지 쓰실 수 있도록 용기 안쪽을 비스듬히 설계했습니다.

Q. 임신 중에도 사용 가능한가요?
A. 제품 특성상 개인차가 있을 수 있으므로 임신 중이시라면 사용 전에 전문의와 상담하시기를 권해 드립니다.

Q. 피부가 따가운데 계속 써도 되나요?
A. 사용을 중단하시고 상태를 지켜봐 주세요. 증상이 이어지면 전문의와 상담하시기 바랍니다.

Q. 유통기한이 어떻게 되나요?
A. 제조일로부터 30개월이며, 개봉 후에는 12개월 이내에 사용하시는 것을 권장합니다. 용기 하단에서 제조일자를 확인하실 수 있습니다.

Q. 샘플을 받아볼 수 있나요?
A. 고객센터로 문의해 주시면 재고 상황에 따라 안내해 드리고 있습니다.

## 배송 및 교환
평일 오후 2시 이전 결제 건은 당일 출고됩니다. 도서·산간 지역은 배송이 하루 이틀 더 걸릴 수 있습니다.
단순 변심에 의한 교환 및 반품은 수령일로부터 7일 이내에 가능하며 왕복 배송비가 부과됩니다.
개봉하였거나 사용한 흔적이 있는 상품은 교환 및 반품이 어렵습니다.
상품에 하자가 있는 경우에는 배송비 부담 없이 교환해 드립니다."
P150,"## 제품 소개
허브노트는 허브의 향과 성질을 함께 담습니다. 합성 향료 대신 원료 본연의 향을 살렸고, 그래서 제품마다 향이 조금씩 다릅니다.

판테놀 시카 세럼은 진정 고민을 겪는 분들을 위해 만들었습니다. 복합성을 기준으로 배합했고, 30ml 용량으로 담았습니다. 성분 하나를 넣고 빼는 데 오래 고민했습니다.

## 주요 성분
판테놀은 프로비타민B5라고도 불리며, 붉게 달아오른 피부를 달래는 데 씁니다. 자극이 적어 예민한 시기에도 쓸 수 있는 편입니다.

전성분: 잔탄검, 다이소듐이디티에이, 카보머, 부틸렌글라이콜, 트로메타민, 에틸헥실글리세린, 정제수, 1,2-헥산다이올, 글리세린, 알란토인, 카프릴릴글라이콜, 소듐하이알루로네이트, 판테놀 추출물, 향료

## 이런 분께 권합니다
복합성이신 분, 진정 때문에 오래 고민하신 분께 권합니다. 처음 쓰시는 분도 부담 없이 시작하실 수 있습니다.

## 사용법
에센스 다음 단계에서 사용합니다. 건조한 부위에는 한 번 더 덧발라 주세요.

## 주의사항
화장품 사용 시 또는 사용 후 직사광선에 의하여 사용 부위가 붉은 반점, 부어오름 또는 가려움증 등의 이상 증상이나 부작용이 있는 경우 전문의 등과 상담할 것.
상처가 있는 부위 등에는 사용을 자제할 것.
보관 및 취급 시의 주의사항 — 어린이의 손이 닿지 않는 곳에 보관할 것. 직사광선을 피해서 보관할 것.

## 사용성 평가
자체 진행한 사용성 평가 결과입니다. 시험 대상자 21명, 6주간 1일 2회 사용 조건입니다.

- 사용 직후 수분량 62% 증가 (기기 측정)
- 6주 후 피부 거칠기 22% 개선
- 사용자의 85%가 「다시 구매할 의향이 있다」고 응답
- 시험 기간 중 이상 반응을 보고한 대상자 없음

본 결과는 개인에 따라 다를 수 있으며 질병의 예방이나 치료를 위한 것이 아닙니다.

## 인증 및 시험
- 피부 자극 테스트 완료 (국내 임상시험 기관)
- 알레르기 유발 성분 20종 무첨가
- 동물 실험을 하지 않았습니다
- 환경을 생각한 재활용 가능 용기를 사용했습니다
- 화장품 책임판매업 등록 필증 보유

## 구매하신 분들의 이야기
구매하신 분들이 자주 남겨주신 이야기를 정리했습니다.

가장 많이 언급된 표현은 「순하다」와 「가성비가 좋다」였습니다. 특히 여름철에 만족도가 높다는 의견이 많았고,
제형이 물처럼 묽은 편이라 이 점을 좋아하시는 분과 아쉬워하시는 분이 나뉘었습니다.
향에 대해서는 인공적이지 않다라는 점을 장점으로 꼽아 주신 분이 많았습니다.
재구매 의사를 밝혀 주신 분의 비율이 높은 편이며, 용량 대비 가격에 대한 의견은 엇갈립니다.

## 자주 묻는 질문
Q. 다른 제품과 같이 써도 되나요?
A. 기초 단계 순서만 지켜 주시면 함께 사용하셔도 괜찮습니다. 묽은 것부터 되직한 것 순으로 발라 주세요.

Q. 아침에도 쓸 수 있나요?
A. 네, 아침저녁 모두 사용하실 수 있습니다. 다만 아침에 사용하실 때는 자외선 차단제를 반드시 함께 발라 주세요.

Q. 남성이 써도 되나요?
A. 성별과 무관하게 사용하실 수 있습니다. 면도 직후에는 자극이 있을 수 있으니 시간을 두고 사용해 주세요.

Q. 용기가 펌프인가요?
A. 위생과 산화를 고려해 펌프 형태로 제작했습니다. 마지막까지 쓰실 수 있도록 용기 안쪽을 비스듬히 설계했습니다.

Q. 유통기한이 어떻게 되나요?
A. 제조일로부터 30개월이며, 개봉 후에는 12개월 이내에 사용하시는 것을 권장합니다. 용기 하단에서 제조일자를 확인하실 수 있습니다.

Q. 임신 중에도 사용 가능한가요?
A. 제품 특성상 개인차가 있을 수 있으므로 임신 중이시라면 사용 전에 전문의와 상담하시기를 권해 드립니다.

## 배송 및 교환
평일 오후 2시 이전 결제 건은 당일 출고됩니다. 도서·산간 지역은 배송이 하루 이틀 더 걸릴 수 있습니다.
단순 변심에 의한 교환 및 반품은 수령일로부터 7일 이내에 가능하며 왕복 배송비가 부과됩니다.
개봉하였거나 사용한 흔적이 있는 상품은 교환 및 반품이 어렵습니다.
상품에 하자가 있는 경우에는 배송비 부담 없이 교환해 드립니다."
P151,"## 제품 소개
콜라겐 브라이트닝 토너은 미백 고민을 겪는 분들을 위해 만들었습니다. 복합성을 기준으로 배합했고, 300ml 용량으로 담았습니다. 여러 차례의 사용성 평가를 거쳐 제형을 확정했습니다.

## 주요 성분
콜라겐은 탄력을 채우는 데 쓰이며, 이 제품에는 흡수를 고려해 저분자로 분해한 형태를 넣었습니다.

전성분: 카보머, 트로메타민, 알란토인, 글리세린, 에틸헥실글리세린, 부틸렌글라이콜, 판테놀, 잔탄검, 다이소듐이디티에이, 베타인, 카프릴릴글라이콜, 소듐하이알루로네이트, 정제수, 콜라겐 추출물, 향료

## 사용법
세안 후 가장 먼저 사용합니다. 화장솜에 적셔 결을 따라 부드럽게 닦아내거나, 손바닥에 덜어 얼굴 전체에 두드려 흡수시켜 주세요.

## 주의사항
화장품 사용 시 또는 사용 후 직사광선에 의하여 사용 부위가 붉은 반점, 부어오름 또는 가려움증 등의 이상 증상이나 부작용이 있는 경우 전문의 등과 상담할 것.
상처가 있는 부위 등에는 사용을 자제할 것.
보관 및 취급 시의 주의사항 — 어린이의 손이 닿지 않는 곳에 보관할 것. 직사광선을 피해서 보관할 것.

## 사용성 평가
자체 진행한 사용성 평가 결과입니다. 시험 대상자 31명, 8주간 1일 2회 사용 조건입니다.

- 사용 직후 수분량 22% 증가 (기기 측정)
- 8주 후 피부 거칠기 30% 개선
- 사용자의 83%가 「다시 구매할 의향이 있다」고 응답
- 시험 기간 중 이상 반응을 보고한 대상자 없음

본 결과는 개인에 따라 다를 수 있으며 질병의 예방이나 치료를 위한 것이 아닙니다.

## 인증 및 시험
- 피부 자극 테스트 완료 (국내 임상시험 기관)
- 알레르기 유발 성분 21종 무첨가
- 동물 실험을 하지 않았습니다
- 환경을 생각한 재활용 가능 용기를 사용했습니다
- 화장품 책임판매업 등록 필증 보유

## 배송 및 교환
평일 오후 2시 이전 결제 건은 당일 출고됩니다. 도서·산간 지역은 배송이 하루 이틀 더 걸릴 수 있습니다.
단순 변심에 의한 교환 및 반품은 수령일로부터 7일 이내에 가능하며 왕복 배송비가 부과됩니다.
개봉하였거나 사용한 흔적이 있는 상품은 교환 및 반품이 어렵습니다.
상품에 하자가 있는 경우에는 배송비 부담 없이 교환해 드립니다."
P152,"## 제품 소개
레티놀 시카 토너은 진정 고민을 겪는 분들을 위해 만들었습니다. 모든 피부을 기준으로 배합했고, 300ml 용량으로 담았습니다. 출시 전 3개월간 자체 모니터링을 진행했습니다.

## 주요 성분
레티놀은 잔주름 관리에 쓰이는 대표적인 성분입니다. 다만 처음 쓰면 각질이 일거나 따가울 수 있어, 이 제품은 저농도로 시작하도록 설계했습니다.

전성분: 트로메타민, 1,2-헥산다이올, 카프릴릴글라이콜, 정제수, 판테놀, 베타인, 레티놀 추출물, 향료

## 이런 분께 권합니다
모든 피부이신 분, 진정 때문에 오래 고민하신 분께 권합니다. 처음 쓰시는 분도 부담 없이 시작하실 수 있습니다.

## 사용법
세안 후 가장 먼저 사용합니다. 화장솜에 적셔 결을 따라 부드럽게 닦아내거나, 손바닥에 덜어 얼굴 전체에 두드려 흡수시켜 주세요.

## 주의사항
레티놀 성분이 함유되어 있습니다. 민감성 피부는 사용을 권하지 않으며, 처음 사용하시는 분은 주 1~2회 저녁에만 소량으로 시작해 주세요. 임산부 및 수유부는 사용 전 전문의와 상담하시기 바랍니다. 사용 중 자외선 차단제를 반드시 함께 사용해 주세요.
화장품 사용 시 또는 사용 후 직사광선에 의하여 사용 부위가 붉은 반점, 부어오름 또는 가려움증 등의 이상 증상이나 부작용이 있는 경우 전문의 등과 상담할 것.
상처가 있는 부위 등에는 사용을 자제할 것.
보관 및 취급 시의 주의사항 — 어린이의 손이 닿지 않는 곳에 보관할 것. 직사광선을 피해서 보관할 것.

## 사용성 평가
자체 진행한 사용성 평가 결과입니다. 시험 대상자 30명, 2주간 1일 2회 사용 조건입니다.

- 사용 직후 수분량 55% 증가 (기기 측정)
- 2주 후 피부 거칠기 15% 개선
- 사용자의 88%가 「다시 구매할 의향이 있다」고 응답
- 시험 기간 중 이상 반응을 보고한 대상자 없음

본 결과는 개인에 따라 다를 수 있으며 질병의 예방이나 치료를 위한 것이 아닙니다.

## 인증 및 시험
- 피부 자극 테스트 완료 (국내 임상시험 기관)
- 알레르기 유발 성분 24종 무첨가
- 동물 실험을 하지 않았습니다
- 환경을 생각한 재활용 가능 용기를 사용했습니다
- 화장품 책임판매업 등록 필증 보유

## 구매하신 분들의 이야기
구매하신 분들이 자주 남겨주신 이야기를 정리했습니다.

가장 많이 언급된 표현은 「산뜻하다」와 「흡수가 빠르다」였습니다. 특히 겨울철에 만족도가 높다는 의견이 많았고,
제형이 꾸덕한 편이라 이 점을 좋아하시는 분과 아쉬워하시는 분이 나뉘었습니다.
향에 대해서는 은은하다라는 점을 장점으로 꼽아 주신 분이 많았습니다.
재구매 의사를 밝혀 주신 분의 비율이 높은 편이며, 용량 대비 가격에 대한 의견은 엇갈립니다.

## 배송 및 교환
평일 오후 2시 이전 결제 건은 당일 출고됩니다. 도서·산간 지역은 배송이 하루 이틀 더 걸릴 수 있습니다.
단순 변심에 의한 교환 및 반품은 수령일로부터 7일 이내에 가능하며 왕복 배송비가 부과됩니다.
개봉하였거나 사용한 흔적이 있는 상품은 교환 및 반품이 어렵습니다.
상품에 하자가 있는 경우에는 배송비 부담 없이 교환해 드립니다."
P153,"## 제품 소개
판테놀 브라이트닝 로션은 미백 고민을 겪는 분들을 위해 만들었습니다. 민감성을 기준으로 배합했고, 100ml 용량으로 담았습니다. 여러 차례의 사용성 평가를 거쳐 제형을 확정했습니다.

## 주요 성분
판테놀은 프로비타민B5라고도 불리며, 붉게 달아오른 피부를 달래는 데 씁니다. 자극이 적어 예민한 시기에도 쓸 수 있는 편입니다.

전성분: 소듐하이알루로네이트, 판테놀, 1,2-헥산다이올, 트로메타민, 카보머, 부틸렌글라이콜, 글리세린, 카프릴릴글라이콜, 베타인, 정제수, 알란토인, 판테놀 추출물, 향료

## 이런 분께 권합니다
민감성이신 분, 미백 때문에 오래 고민하신 분께 권합니다. 환절기마다 컨디션이 흔들리는 분께도 잘 맞습니다.

## 사용법
가벼운 마무리가 필요할 때 크림 대신 사용합니다. 아침에는 로션, 저녁에는 크림으로 나누어 쓰셔도 좋습니다.

## 주의사항
화장품 사용 시 또는 사용 후 직사광선에 의하여 사용 부위가 붉은 반점, 부어오름 또는 가려움증 등의 이상 증상이나 부작용이 있는 경우 전문의 등과 상담할 것.
상처가 있는 부위 등에는 사용을 자제할 것.
보관 및 취급 시의 주의사항 — 어린이의 손이 닿지 않는 곳에 보관할 것. 직사광선을 피해서 보관할 것.

## 사용성 평가
자체 진행한 사용성 평가 결과입니다. 시험 대상자 31명, 6주간 1일 2회 사용 조건입니다.

- 사용 직후 수분량 33% 증가 (기기 측정)
- 6주 후 피부 거칠기 30% 개선
- 사용자의 82%가 「다시 구매할 의향이 있다」고 응답
- 시험 기간 중 이상 반응을 보고한 대상자 없음

본 결과는 개인에 따라 다를 수 있으며 질병의 예방이나 치료를 위한 것이 아닙니다.

## 구매하신 분들의 이야기
구매하신 분들이 자주 남겨주신 이야기를 정리했습니다.

가장 많이 언급된 표현은 「부담 없다」와 「겉돌지 않는다」였습니다. 특히 겨울철에 만족도가 높다는 의견이 많았고,
제형이 젤 같은 편이라 이 점을 좋아하시는 분과 아쉬워하시는 분이 나뉘었습니다.
향에 대해서는 인공적이지 않다라는 점을 장점으로 꼽아 주신 분이 많았습니다.
재구매 의사를 밝혀 주신 분의 비율이 높은 편이며, 용량 대비 가격에 대한 의견은 엇갈립니다.

## 배송 및 교환
평일 오후 2시 이전 결제 건은 당일 출고됩니다. 도서·산간 지역은 배송이 하루 이틀 더 걸릴 수 있습니다.
단순 변심에 의한 교환 및 반품은 수령일로부터 7일 이내에 가능하며 왕복 배송비가 부과됩니다.
개봉하였거나 사용한 흔적이 있는 상품은 교환 및 반품이 어렵습니다.
상품에 하자가 있는 경우에는 배송비 부담 없이 교환해 드립니다."
P154,"## 제품 소개
바른결은 결을 다듬는 일을 합니다. 자극으로 밀어내는 대신 부드럽게 정돈하는 방식을 택했습니다. 시간이 걸리더라도 피부가 상하지 않는 쪽을 고릅니다.

히알루론산 브라이트닝 선크림은 미백 고민을 겪는 분들을 위해 만들었습니다. 지성을 기준으로 배합했고, 60ml 용량으로 담았습니다. 성분 하나를 넣고 빼는 데 오래 고민했습니다.

## 주요 성분
히알루론산은 자기 무게의 수백 배에 달하는 수분을 끌어안는 성분입니다. 이 제품에는 분자 크기가 다른 세 종류를 함께 넣어 겉과 속에 나누어 자리 잡도록 했습니다.

전성분: 베타인, 알란토인, 카보머, 1,2-헥산다이올, 글리세린, 카프릴릴글라이콜, 소듐하이알루로네이트, 잔탄검, 정제수, 트로메타민, 판테놀, 히알루론산 추출물, 향료

## 사용법
기초 마지막 단계에 사용합니다. 외출 20분 전에 충분한 양을 바르고, 야외 활동 시에는 2~3시간마다 덧발라 주세요.

## 주의사항
화장품 사용 시 또는 사용 후 직사광선에 의하여 사용 부위가 붉은 반점, 부어오름 또는 가려움증 등의 이상 증상이나 부작용이 있는 경우 전문의 등과 상담할 것.
상처가 있는 부위 등에는 사용을 자제할 것.
보관 및 취급 시의 주의사항 — 어린이의 손이 닿지 않는 곳에 보관할 것. 직사광선을 피해서 보관할 것.

## 인증 및 시험
- 피부 자극 테스트 완료 (국내 임상시험 기관)
- 알레르기 유발 성분 20종 무첨가
- 동물 실험을 하지 않았습니다
- 환경을 생각한 재활용 가능 용기를 사용했습니다
- 화장품 책임판매업 등록 필증 보유

## 구매하신 분들의 이야기
구매하신 분들이 자주 남겨주신 이야기를 정리했습니다.

가장 많이 언급된 표현은 「촉촉하다」와 「겉돌지 않는다」였습니다. 특히 장마철에 만족도가 높다는 의견이 많았고,
제형이 가벼운 편이라 이 점을 좋아하시는 분과 아쉬워하시는 분이 나뉘었습니다.
향에 대해서는 은은하다라는 점을 장점으로 꼽아 주신 분이 많았습니다.
재구매 의사를 밝혀 주신 분의 비율이 높은 편이며, 용량 대비 가격에 대한 의견은 엇갈립니다.

## 자주 묻는 질문
Q. 샘플을 받아볼 수 있나요?
A. 고객센터로 문의해 주시면 재고 상황에 따라 안내해 드리고 있습니다.

Q. 임신 중에도 사용 가능한가요?
A. 제품 특성상 개인차가 있을 수 있으므로 임신 중이시라면 사용 전에 전문의와 상담하시기를 권해 드립니다.

Q. 아침에도 쓸 수 있나요?
A. 네, 아침저녁 모두 사용하실 수 있습니다. 다만 아침에 사용하실 때는 자외선 차단제를 반드시 함께 발라 주세요.

Q. 남성이 써도 되나요?
A. 성별과 무관하게 사용하실 수 있습니다. 면도 직후에는 자극이 있을 수 있으니 시간을 두고 사용해 주세요.

Q. 피부가 따가운데 계속 써도 되나요?
A. 사용을 중단하시고 상태를 지켜봐 주세요. 증상이 이어지면 전문의와 상담하시기 바랍니다.

Q. 용기가 펌프인가요?
A. 위생과 산화를 고려해 펌프 형태로 제작했습니다. 마지막까지 쓰실 수 있도록 용기 안쪽을 비스듬히 설계했습니다.

Q. 유통기한이 어떻게 되나요?
A. 제조일로부터 30개월이며, 개봉 후에는 12개월 이내에 사용하시는 것을 권장합니다. 용기 하단에서 제조일자를 확인하실 수 있습니다.

Q. 다른 제품과 같이 써도 되나요?
A. 기초 단계 순서만 지켜 주시면 함께 사용하셔도 괜찮습니다. 묽은 것부터 되직한 것 순으로 발라 주세요.

## 배송 및 교환
평일 오후 2시 이전 결제 건은 당일 출고됩니다. 도서·산간 지역은 배송이 하루 이틀 더 걸릴 수 있습니다.
단순 변심에 의한 교환 및 반품은 수령일로부터 7일 이내에 가능하며 왕복 배송비가 부과됩니다.
개봉하였거나 사용한 흔적이 있는 상품은 교환 및 반품이 어렵습니다.
상품에 하자가 있는 경우에는 배송비 부담 없이 교환해 드립니다."
P155,"## 제품 소개
세라마이드 시카 아이크림은 진정 고민을 겪는 분들을 위해 만들었습니다. 모든 피부을 기준으로 배합했고, 30ml 용량으로 담았습니다. 성분 하나를 넣고 빼는 데 오래 고민했습니다.

## 주요 성분
세라마이드는 원래 피부 각질층에 있는 지질 성분입니다. 나이가 들거나 건조한 환경에 오래 있으면 줄어드는데, 이 제품은 그 빈자리를 채우는 것을 목표로 배합했습니다.

전성분: 정제수, 카보머, 부틸렌글라이콜, 다이소듐이디티에이, 1,2-헥산다이올, 글리세린, 소듐하이알루로네이트, 베타인, 잔탄검, 에틸헥실글리세린, 판테놀, 트로메타민, 세라마이드 추출물, 향료

## 이런 분께 권합니다
모든 피부이신 분, 진정 때문에 오래 고민하신 분께 권합니다. 환절기마다 컨디션이 흔들리는 분께도 잘 맞습니다.

## 사용법
기초 마지막 단계에 눈가에 사용합니다. 약지로 톡톡 두드려 흡수시켜 주세요. 눈에 직접 닿지 않도록 주의합니다.

## 주의사항
화장품 사용 시 또는 사용 후 직사광선에 의하여 사용 부위가 붉은 반점, 부어오름 또는 가려움증 등의 이상 증상이나 부작용이 있는 경우 전문의 등과 상담할 것.
상처가 있는 부위 등에는 사용을 자제할 것.
보관 및 취급 시의 주의사항 — 어린이의 손이 닿지 않는 곳에 보관할 것. 직사광선을 피해서 보관할 것.

## 사용성 평가
자체 진행한 사용성 평가 결과입니다. 시험 대상자 30명, 6주간 1일 2회 사용 조건입니다.

- 사용 직후 수분량 38% 증가 (기기 측정)
- 6주 후 피부 거칠기 9% 개선
- 사용자의 84%가 「다시 구매할 의향이 있다」고 응답
- 시험 기간 중 이상 반응을 보고한 대상자 없음

본 결과는 개인에 따라 다를 수 있으며 질병의 예방이나 치료를 위한 것이 아닙니다.

## 자주 묻는 질문
Q. 다른 제품과 같이 써도 되나요?
A. 기초 단계 순서만 지켜 주시면 함께 사용하셔도 괜찮습니다. 묽은 것부터 되직한 것 순으로 발라 주세요.

Q. 용기가 펌프인가요?
A. 위생과 산화를 고려해 펌프 형태로 제작했습니다. 마지막까지 쓰실 수 있도록 용기 안쪽을 비스듬히 설계했습니다.

Q. 피부가 따가운데 계속 써도 되나요?
A. 사용을 중단하시고 상태를 지켜봐 주세요. 증상이 이어지면 전문의와 상담하시기 바랍니다.

Q. 남성이 써도 되나요?
A. 성별과 무관하게 사용하실 수 있습니다. 면도 직후에는 자극이 있을 수 있으니 시간을 두고 사용해 주세요.

Q. 임신 중에도 사용 가능한가요?
A. 제품 특성상 개인차가 있을 수 있으므로 임신 중이시라면 사용 전에 전문의와 상담하시기를 권해 드립니다.

Q. 샘플을 받아볼 수 있나요?
A. 고객센터로 문의해 주시면 재고 상황에 따라 안내해 드리고 있습니다.

Q. 유통기한이 어떻게 되나요?
A. 제조일로부터 30개월이며, 개봉 후에는 12개월 이내에 사용하시는 것을 권장합니다. 용기 하단에서 제조일자를 확인하실 수 있습니다.

## 배송 및 교환
평일 오후 2시 이전 결제 건은 당일 출고됩니다. 도서·산간 지역은 배송이 하루 이틀 더 걸릴 수 있습니다.
단순 변심에 의한 교환 및 반품은 수령일로부터 7일 이내에 가능하며 왕복 배송비가 부과됩니다.
개봉하였거나 사용한 흔적이 있는 상품은 교환 및 반품이 어렵습니다.
상품에 하자가 있는 경우에는 배송비 부담 없이 교환해 드립니다."
P156,"## 제품 소개
약산성 아미노산 트러블 앰플은 트러블 고민을 겪는 분들을 위해 만들었습니다. 모든 피부을 기준으로 배합했고, 30ml 용량으로 담았습니다. 여러 차례의 사용성 평가를 거쳐 제형을 확정했습니다.

## 주요 성분
약산성 아미노산 계면활성제를 사용했습니다. 세정력은 유지하면서 씻고 난 뒤 당김을 줄이는 데 초점을 맞췄습니다.

전성분: 알란토인, 정제수, 베타인, 글리세린, 판테놀, 트로메타민, 소듐하이알루로네이트, 다이소듐이디티에이, 에틸헥실글리세린, 카프릴릴글라이콜, 부틸렌글라이콜, 카보머, 1,2-헥산다이올, 약산성 아미노산 추출물, 향료

## 사용법
집중 관리가 필요할 때 세럼 대신 또는 세럼 다음에 사용합니다. 매일 써도 되지만 주 2~3회 집중 사용도 좋습니다.

## 주의사항
화장품 사용 시 또는 사용 후 직사광선에 의하여 사용 부위가 붉은 반점, 부어오름 또는 가려움증 등의 이상 증상이나 부작용이 있는 경우 전문의 등과 상담할 것.
상처가 있는 부위 등에는 사용을 자제할 것.
보관 및 취급 시의 주의사항 — 어린이의 손이 닿지 않는 곳에 보관할 것. 직사광선을 피해서 보관할 것.

## 인증 및 시험
- 피부 자극 테스트 완료 (국내 임상시험 기관)
- 알레르기 유발 성분 21종 무첨가
- 동물 실험을 하지 않았습니다
- 환경을 생각한 재활용 가능 용기를 사용했습니다
- 화장품 책임판매업 등록 필증 보유

## 배송 및 교환
평일 오후 2시 이전 결제 건은 당일 출고됩니다. 도서·산간 지역은 배송이 하루 이틀 더 걸릴 수 있습니다.
단순 변심에 의한 교환 및 반품은 수령일로부터 7일 이내에 가능하며 왕복 배송비가 부과됩니다.
개봉하였거나 사용한 흔적이 있는 상품은 교환 및 반품이 어렵습니다.
상품에 하자가 있는 경우에는 배송비 부담 없이 교환해 드립니다."
P157,"## 제품 소개
병풀 링클 클렌징오일은 주름 고민을 겪는 분들을 위해 만들었습니다. 민감성을 기준으로 배합했고, 150ml 용량으로 담았습니다. 출시 전 3개월간 자체 모니터링을 진행했습니다.

## 주요 성분
병풀 추출물은 예민해진 피부를 진정시키는 데 쓰입니다. 마데카소사이드를 포함한 네 가지 지표 성분을 함께 담았습니다.

전성분: 알란토인, 글리세린, 1,2-헥산다이올, 베타인, 판테놀, 부틸렌글라이콜, 병풀 추출물, 향료

## 사용법
마른 손과 마른 얼굴에 사용합니다. 얼굴 전체에 펴 발라 메이크업을 녹인 뒤 미온수를 조금씩 더해 유화시키고 헹궈냅니다.

## 주의사항
화장품 사용 시 또는 사용 후 직사광선에 의하여 사용 부위가 붉은 반점, 부어오름 또는 가려움증 등의 이상 증상이나 부작용이 있는 경우 전문의 등과 상담할 것.
상처가 있는 부위 등에는 사용을 자제할 것.
보관 및 취급 시의 주의사항 — 어린이의 손이 닿지 않는 곳에 보관할 것. 직사광선을 피해서 보관할 것.

## 인증 및 시험
- 피부 자극 테스트 완료 (국내 임상시험 기관)
- 알레르기 유발 성분 21종 무첨가
- 동물 실험을 하지 않았습니다
- 환경을 생각한 재활용 가능 용기를 사용했습니다
- 화장품 책임판매업 등록 필증 보유

## 구매하신 분들의 이야기
구매하신 분들이 자주 남겨주신 이야기를 정리했습니다.

가장 많이 언급된 표현은 「촉촉하다」와 「가성비가 좋다」였습니다. 특히 겨울철에 만족도가 높다는 의견이 많았고,
제형이 가벼운 편이라 이 점을 좋아하시는 분과 아쉬워하시는 분이 나뉘었습니다.
향에 대해서는 인공적이지 않다라는 점을 장점으로 꼽아 주신 분이 많았습니다.
재구매 의사를 밝혀 주신 분의 비율이 높은 편이며, 용량 대비 가격에 대한 의견은 엇갈립니다.

## 배송 및 교환
평일 오후 2시 이전 결제 건은 당일 출고됩니다. 도서·산간 지역은 배송이 하루 이틀 더 걸릴 수 있습니다.
단순 변심에 의한 교환 및 반품은 수령일로부터 7일 이내에 가능하며 왕복 배송비가 부과됩니다.
개봉하였거나 사용한 흔적이 있는 상품은 교환 및 반품이 어렵습니다.
상품에 하자가 있는 경우에는 배송비 부담 없이 교환해 드립니다."
P158,"## 제품 소개
피부일기는 매일의 기록에서 출발했습니다. 하루하루 달라지는 피부 상태를 오래 관찰하며, 계절과 컨디션에 따라 달리 쓸 수 있는 제품을 만들어 왔습니다.

어성초 브라이트닝 미스트은 미백 고민을 겪는 분들을 위해 만들었습니다. 모든 피부을 기준으로 배합했고, 120ml 용량으로 담았습니다. 출시 전 3개월간 자체 모니터링을 진행했습니다.

## 주요 성분
어성초는 예로부터 열감을 식히는 데 써온 식물입니다. 이 제품은 잎과 줄기를 저온에서 우려낸 추출물을 정제수 대신 사용했습니다.

전성분: 다이소듐이디티에이, 트로메타민, 알란토인, 정제수, 부틸렌글라이콜, 베타인, 잔탄검, 에틸헥실글리세린, 1,2-헥산다이올, 소듐하이알루로네이트, 카보머, 어성초 추출물, 향료

## 이런 분께 권합니다
모든 피부이신 분, 미백 때문에 오래 고민하신 분께 권합니다. 환절기마다 컨디션이 흔들리는 분께도 잘 맞습니다.

## 사용법
필요할 때마다 얼굴에서 20cm 정도 떨어뜨려 분사합니다. 메이크업 위에도 사용할 수 있습니다.

## 주의사항
화장품 사용 시 또는 사용 후 직사광선에 의하여 사용 부위가 붉은 반점, 부어오름 또는 가려움증 등의 이상 증상이나 부작용이 있는 경우 전문의 등과 상담할 것.
상처가 있는 부위 등에는 사용을 자제할 것.
보관 및 취급 시의 주의사항 — 어린이의 손이 닿지 않는 곳에 보관할 것. 직사광선을 피해서 보관할 것.

## 구매하신 분들의 이야기
구매하신 분들이 자주 남겨주신 이야기를 정리했습니다.

가장 많이 언급된 표현은 「산뜻하다」와 「향이 은은하다」였습니다. 특히 봄가을 환절철에 만족도가 높다는 의견이 많았고,
제형이 물처럼 묽은 편이라 이 점을 좋아하시는 분과 아쉬워하시는 분이 나뉘었습니다.
향에 대해서는 무향에 가깝다라는 점을 장점으로 꼽아 주신 분이 많았습니다.
재구매 의사를 밝혀 주신 분의 비율이 높은 편이며, 용량 대비 가격에 대한 의견은 엇갈립니다.

## 배송 및 교환
평일 오후 2시 이전 결제 건은 당일 출고됩니다. 도서·산간 지역은 배송이 하루 이틀 더 걸릴 수 있습니다.
단순 변심에 의한 교환 및 반품은 수령일로부터 7일 이내에 가능하며 왕복 배송비가 부과됩니다.
개봉하였거나 사용한 흔적이 있는 상품은 교환 및 반품이 어렵습니다.
상품에 하자가 있는 경우에는 배송비 부담 없이 교환해 드립니다."
P159,"## 제품 소개
비타민C 트러블 클렌징폼은 트러블 고민을 겪는 분들을 위해 만들었습니다. 지성을 기준으로 배합했고, 150ml 용량으로 담았습니다. 여러 차례의 사용성 평가를 거쳐 제형을 확정했습니다.

## 주요 성분
비타민C는 맑은 결을 만드는 데 널리 쓰이지만 공기와 빛에 약합니다. 이 제품은 안정화된 유도체를 사용했고 불투명 용기에 담았습니다.

전성분: 부틸렌글라이콜, 카프릴릴글라이콜, 다이소듐이디티에이, 카보머, 트로메타민, 정제수, 소듐하이알루로네이트, 비타민C 추출물, 향료

## 이런 분께 권합니다
지성이신 분, 트러블 때문에 오래 고민하신 분께 권합니다. 기초 단계를 줄이고 싶은 분께 적합합니다.

## 사용법
미온수로 얼굴을 적신 뒤 적당량을 손에 덜어 거품을 충분히 낸 다음 얼굴에 올려 부드럽게 굴리듯 세안합니다.

## 주의사항
고농도 비타민C 유도체가 함유되어 있습니다. 민감성 피부에는 따가움이 느껴질 수 있으므로 사용을 권하지 않습니다. 개봉 후에는 색이 변할 수 있으니 3개월 이내에 사용해 주세요.
화장품 사용 시 또는 사용 후 직사광선에 의하여 사용 부위가 붉은 반점, 부어오름 또는 가려움증 등의 이상 증상이나 부작용이 있는 경우 전문의 등과 상담할 것.
상처가 있는 부위 등에는 사용을 자제할 것.
보관 및 취급 시의 주의사항 — 어린이의 손이 닿지 않는 곳에 보관할 것. 직사광선을 피해서 보관할 것.

## 사용성 평가
자체 진행한 사용성 평가 결과입니다. 시험 대상자 31명, 2주간 1일 2회 사용 조건입니다.

- 사용 직후 수분량 30% 증가 (기기 측정)
- 2주 후 피부 거칠기 25% 개선
- 사용자의 75%가 「다시 구매할 의향이 있다」고 응답
- 시험 기간 중 이상 반응을 보고한 대상자 없음

본 결과는 개인에 따라 다를 수 있으며 질병의 예방이나 치료를 위한 것이 아닙니다.

## 구매하신 분들의 이야기
구매하신 분들이 자주 남겨주신 이야기를 정리했습니다.

가장 많이 언급된 표현은 「산뜻하다」와 「향이 은은하다」였습니다. 특히 겨울철에 만족도가 높다는 의견이 많았고,
제형이 꾸덕한 편이라 이 점을 좋아하시는 분과 아쉬워하시는 분이 나뉘었습니다.
향에 대해서는 무향에 가깝다라는 점을 장점으로 꼽아 주신 분이 많았습니다.
재구매 의사를 밝혀 주신 분의 비율이 높은 편이며, 용량 대비 가격에 대한 의견은 엇갈립니다.

## 배송 및 교환
평일 오후 2시 이전 결제 건은 당일 출고됩니다. 도서·산간 지역은 배송이 하루 이틀 더 걸릴 수 있습니다.
단순 변심에 의한 교환 및 반품은 수령일로부터 7일 이내에 가능하며 왕복 배송비가 부과됩니다.
개봉하였거나 사용한 흔적이 있는 상품은 교환 및 반품이 어렵습니다.
상품에 하자가 있는 경우에는 배송비 부담 없이 교환해 드립니다."
P160,"## 제품 소개
약산성 아미노산 필링 클렌징폼은 각질 고민을 겪는 분들을 위해 만들었습니다. 건성을 기준으로 배합했고, 120ml 용량으로 담았습니다. 여러 차례의 사용성 평가를 거쳐 제형을 확정했습니다.

## 주요 성분
약산성 아미노산 계면활성제를 사용했습니다. 세정력은 유지하면서 씻고 난 뒤 당김을 줄이는 데 초점을 맞췄습니다.

전성분: 정제수, 카보머, 베타인, 잔탄검, 알란토인, 판테놀, 카프릴릴글라이콜, 에틸헥실글리세린, 부틸렌글라이콜, 다이소듐이디티에이, 글리세린, 트로메타민, 1,2-헥산다이올, 소듐하이알루로네이트, 약산성 아미노산 추출물, 향료

## 이런 분께 권합니다
건성이신 분, 각질 때문에 오래 고민하신 분께 권합니다. 환절기마다 컨디션이 흔들리는 분께도 잘 맞습니다.

## 사용법
미온수로 얼굴을 적신 뒤 적당량을 손에 덜어 거품을 충분히 낸 다음 얼굴에 올려 부드럽게 굴리듯 세안합니다.

## 주의사항
화장품 사용 시 또는 사용 후 직사광선에 의하여 사용 부위가 붉은 반점, 부어오름 또는 가려움증 등의 이상 증상이나 부작용이 있는 경우 전문의 등과 상담할 것.
상처가 있는 부위 등에는 사용을 자제할 것.
보관 및 취급 시의 주의사항 — 어린이의 손이 닿지 않는 곳에 보관할 것. 직사광선을 피해서 보관할 것.

## 사용성 평가
자체 진행한 사용성 평가 결과입니다. 시험 대상자 21명, 2주간 1일 2회 사용 조건입니다.

- 사용 직후 수분량 23% 증가 (기기 측정)
- 2주 후 피부 거칠기 34% 개선
- 사용자의 84%가 「다시 구매할 의향이 있다」고 응답
- 시험 기간 중 이상 반응을 보고한 대상자 없음

본 결과는 개인에 따라 다를 수 있으며 질병의 예방이나 치료를 위한 것이 아닙니다.

## 배송 및 교환
평일 오후 2시 이전 결제 건은 당일 출고됩니다. 도서·산간 지역은 배송이 하루 이틀 더 걸릴 수 있습니다.
단순 변심에 의한 교환 및 반품은 수령일로부터 7일 이내에 가능하며 왕복 배송비가 부과됩니다.
개봉하였거나 사용한 흔적이 있는 상품은 교환 및 반품이 어렵습니다.
상품에 하자가 있는 경우에는 배송비 부담 없이 교환해 드립니다."
P161,"## 제품 소개
물빛연구소는 물의 결을 닮은 제형을 연구합니다. 무겁게 덮는 대신 스미게 하는 것, 그 한 가지를 위해 십수 년간 배합비를 고쳐 왔습니다. 오늘도 실험실의 불은 늦게까지 켜져 있습니다.

녹차 링클 세럼은 주름 고민을 겪는 분들을 위해 만들었습니다. 복합성을 기준으로 배합했고, 50ml 용량으로 담았습니다. 성분 하나를 넣고 빼는 데 오래 고민했습니다.

## 주요 성분
녹차 추출물은 산뜻하게 정돈하는 느낌을 줍니다. 국내 재배 녹차를 첫물로 수확해 사용했습니다.

전성분: 잔탄검, 글리세린, 카보머, 베타인, 에틸헥실글리세린, 1,2-헥산다이올, 트로메타민, 알란토인, 정제수, 녹차 추출물, 향료

## 이런 분께 권합니다
복합성이신 분, 주름 때문에 오래 고민하신 분께 권합니다. 처음 쓰시는 분도 부담 없이 시작하실 수 있습니다.

## 사용법
에센스 다음 단계에서 사용합니다. 건조한 부위에는 한 번 더 덧발라 주세요.

## 주의사항
화장품 사용 시 또는 사용 후 직사광선에 의하여 사용 부위가 붉은 반점, 부어오름 또는 가려움증 등의 이상 증상이나 부작용이 있는 경우 전문의 등과 상담할 것.
상처가 있는 부위 등에는 사용을 자제할 것.
보관 및 취급 시의 주의사항 — 어린이의 손이 닿지 않는 곳에 보관할 것. 직사광선을 피해서 보관할 것.

## 자주 묻는 질문
Q. 남성이 써도 되나요?
A. 성별과 무관하게 사용하실 수 있습니다. 면도 직후에는 자극이 있을 수 있으니 시간을 두고 사용해 주세요.

Q. 유통기한이 어떻게 되나요?
A. 제조일로부터 30개월이며, 개봉 후에는 12개월 이내에 사용하시는 것을 권장합니다. 용기 하단에서 제조일자를 확인하실 수 있습니다.

Q. 샘플을 받아볼 수 있나요?
A. 고객센터로 문의해 주시면 재고 상황에 따라 안내해 드리고 있습니다.

Q. 아침에도 쓸 수 있나요?
A. 네, 아침저녁 모두 사용하실 수 있습니다. 다만 아침에 사용하실 때는 자외선 차단제를 반드시 함께 발라 주세요.

Q. 용기가 펌프인가요?
A. 위생과 산화를 고려해 펌프 형태로 제작했습니다. 마지막까지 쓰실 수 있도록 용기 안쪽을 비스듬히 설계했습니다.

## 배송 및 교환
평일 오후 2시 이전 결제 건은 당일 출고됩니다. 도서·산간 지역은 배송이 하루 이틀 더 걸릴 수 있습니다.
단순 변심에 의한 교환 및 반품은 수령일로부터 7일 이내에 가능하며 왕복 배송비가 부과됩니다.
개봉하였거나 사용한 흔적이 있는 상품은 교환 및 반품이 어렵습니다.
상품에 하자가 있는 경우에는 배송비 부담 없이 교환해 드립니다."
P162,"## 제품 소개
포레스트힐은 언덕 위 작은 농장에서 시작했습니다. 직접 기른 원료로 만들던 방식을 지금도 이어가고 있으며, 생산량이 적어 품절이 잦은 점 양해 부탁드립니다.

녹차 링클 크림은 주름 고민을 겪는 분들을 위해 만들었습니다. 복합성을 기준으로 배합했고, 60ml 용량으로 담았습니다. 여러 차례의 사용성 평가를 거쳐 제형을 확정했습니다.

## 주요 성분
녹차 추출물은 산뜻하게 정돈하는 느낌을 줍니다. 국내 재배 녹차를 첫물로 수확해 사용했습니다.

전성분: 카프릴릴글라이콜, 다이소듐이디티에이, 카보머, 소듐하이알루로네이트, 정제수, 트로메타민, 에틸헥실글리세린, 부틸렌글라이콜, 1,2-헥산다이올, 글리세린, 알란토인, 판테놀, 녹차 추출물, 향료

## 이런 분께 권합니다
복합성이신 분, 주름 때문에 오래 고민하신 분께 권합니다. 기초 단계를 줄이고 싶은 분께 적합합니다.

## 사용법
기초 단계의 마지막에 사용합니다. 적당량을 덜어 얼굴 안쪽에서 바깥쪽으로 펴 발라 주세요.

## 주의사항
화장품 사용 시 또는 사용 후 직사광선에 의하여 사용 부위가 붉은 반점, 부어오름 또는 가려움증 등의 이상 증상이나 부작용이 있는 경우 전문의 등과 상담할 것.
상처가 있는 부위 등에는 사용을 자제할 것.
보관 및 취급 시의 주의사항 — 어린이의 손이 닿지 않는 곳에 보관할 것. 직사광선을 피해서 보관할 것.

## 구매하신 분들의 이야기
구매하신 분들이 자주 남겨주신 이야기를 정리했습니다.

가장 많이 언급된 표현은 「자극이 없다」와 「가성비가 좋다」였습니다. 특히 겨울철에 만족도가 높다는 의견이 많았고,
제형이 젤 같은 편이라 이 점을 좋아하시는 분과 아쉬워하시는 분이 나뉘었습니다.
향에 대해서는 은은하다라는 점을 장점으로 꼽아 주신 분이 많았습니다.
재구매 의사를 밝혀 주신 분의 비율이 높은 편이며, 용량 대비 가격에 대한 의견은 엇갈립니다.

## 배송 및 교환
평일 오후 2시 이전 결제 건은 당일 출고됩니다. 도서·산간 지역은 배송이 하루 이틀 더 걸릴 수 있습니다.
단순 변심에 의한 교환 및 반품은 수령일로부터 7일 이내에 가능하며 왕복 배송비가 부과됩니다.
개봉하였거나 사용한 흔적이 있는 상품은 교환 및 반품이 어렵습니다.
상품에 하자가 있는 경우에는 배송비 부담 없이 교환해 드립니다."
P163,"## 제품 소개
피부일기는 매일의 기록에서 출발했습니다. 하루하루 달라지는 피부 상태를 오래 관찰하며, 계절과 컨디션에 따라 달리 쓸 수 있는 제품을 만들어 왔습니다.

비타민C 포어 에센스은 모공 고민을 겪는 분들을 위해 만들었습니다. 복합성을 기준으로 배합했고, 80ml 용량으로 담았습니다. 여러 차례의 사용성 평가를 거쳐 제형을 확정했습니다.

## 주요 성분
비타민C는 맑은 결을 만드는 데 널리 쓰이지만 공기와 빛에 약합니다. 이 제품은 안정화된 유도체를 사용했고 불투명 용기에 담았습니다.

전성분: 잔탄검, 정제수, 카보머, 판테놀, 소듐하이알루로네이트, 에틸헥실글리세린, 카프릴릴글라이콜, 1,2-헥산다이올, 베타인, 다이소듐이디티에이, 부틸렌글라이콜, 알란토인, 트로메타민, 글리세린, 비타민C 추출물, 향료

## 이런 분께 권합니다
복합성이신 분, 모공 때문에 오래 고민하신 분께 권합니다. 처음 쓰시는 분도 부담 없이 시작하실 수 있습니다.

## 사용법
토너로 결을 정리한 뒤 사용합니다. 2~3회 펌핑해 얼굴 전체에 펴 바르고 가볍게 두드려 흡수시켜 주세요.

## 주의사항
고농도 비타민C 유도체가 함유되어 있습니다. 민감성 피부에는 따가움이 느껴질 수 있으므로 사용을 권하지 않습니다. 개봉 후에는 색이 변할 수 있으니 3개월 이내에 사용해 주세요.
화장품 사용 시 또는 사용 후 직사광선에 의하여 사용 부위가 붉은 반점, 부어오름 또는 가려움증 등의 이상 증상이나 부작용이 있는 경우 전문의 등과 상담할 것.
상처가 있는 부위 등에는 사용을 자제할 것.
보관 및 취급 시의 주의사항 — 어린이의 손이 닿지 않는 곳에 보관할 것. 직사광선을 피해서 보관할 것.

## 사용성 평가
자체 진행한 사용성 평가 결과입니다. 시험 대상자 22명, 4주간 1일 2회 사용 조건입니다.

- 사용 직후 수분량 31% 증가 (기기 측정)
- 4주 후 피부 거칠기 34% 개선
- 사용자의 90%가 「다시 구매할 의향이 있다」고 응답
- 시험 기간 중 이상 반응을 보고한 대상자 없음

본 결과는 개인에 따라 다를 수 있으며 질병의 예방이나 치료를 위한 것이 아닙니다.

## 구매하신 분들의 이야기
구매하신 분들이 자주 남겨주신 이야기를 정리했습니다.

가장 많이 언급된 표현은 「촉촉하다」와 「겉돌지 않는다」였습니다. 특히 겨울철에 만족도가 높다는 의견이 많았고,
제형이 가벼운 편이라 이 점을 좋아하시는 분과 아쉬워하시는 분이 나뉘었습니다.
향에 대해서는 무향에 가깝다라는 점을 장점으로 꼽아 주신 분이 많았습니다.
재구매 의사를 밝혀 주신 분의 비율이 높은 편이며, 용량 대비 가격에 대한 의견은 엇갈립니다.

## 배송 및 교환
평일 오후 2시 이전 결제 건은 당일 출고됩니다. 도서·산간 지역은 배송이 하루 이틀 더 걸릴 수 있습니다.
단순 변심에 의한 교환 및 반품은 수령일로부터 7일 이내에 가능하며 왕복 배송비가 부과됩니다.
개봉하였거나 사용한 흔적이 있는 상품은 교환 및 반품이 어렵습니다.
상품에 하자가 있는 경우에는 배송비 부담 없이 교환해 드립니다."
P164,"## 제품 소개
피부일기는 매일의 기록에서 출발했습니다. 하루하루 달라지는 피부 상태를 오래 관찰하며, 계절과 컨디션에 따라 달리 쓸 수 있는 제품을 만들어 왔습니다.

프로폴리스 포어 크림은 모공 고민을 겪는 분들을 위해 만들었습니다. 모든 피부을 기준으로 배합했고, 60ml 용량으로 담았습니다. 출시 전 3개월간 자체 모니터링을 진행했습니다.

## 주요 성분
프로폴리스는 벌이 모은 수지 성분으로 영양을 채우는 데 씁니다. 원물 함량을 높여 특유의 끈적임이 있습니다.

전성분: 부틸렌글라이콜, 카보머, 잔탄검, 글리세린, 베타인, 에틸헥실글리세린, 카프릴릴글라이콜, 판테놀, 소듐하이알루로네이트, 알란토인, 정제수, 트로메타민, 다이소듐이디티에이, 프로폴리스 추출물, 향료

## 이런 분께 권합니다
모든 피부이신 분, 모공 때문에 오래 고민하신 분께 권합니다. 환절기마다 컨디션이 흔들리는 분께도 잘 맞습니다.

## 사용법
기초 단계의 마지막에 사용합니다. 적당량을 덜어 얼굴 안쪽에서 바깥쪽으로 펴 발라 주세요.

## 주의사항
벌 유래 성분이 함유되어 있습니다. 벌 관련 알레르기가 있으신 분은 사용을 피해 주세요.
화장품 사용 시 또는 사용 후 직사광선에 의하여 사용 부위가 붉은 반점, 부어오름 또는 가려움증 등의 이상 증상이나 부작용이 있는 경우 전문의 등과 상담할 것.
상처가 있는 부위 등에는 사용을 자제할 것.
보관 및 취급 시의 주의사항 — 어린이의 손이 닿지 않는 곳에 보관할 것. 직사광선을 피해서 보관할 것.

## 사용성 평가
자체 진행한 사용성 평가 결과입니다. 시험 대상자 30명, 2주간 1일 2회 사용 조건입니다.

- 사용 직후 수분량 35% 증가 (기기 측정)
- 2주 후 피부 거칠기 29% 개선
- 사용자의 96%가 「다시 구매할 의향이 있다」고 응답
- 시험 기간 중 이상 반응을 보고한 대상자 없음

본 결과는 개인에 따라 다를 수 있으며 질병의 예방이나 치료를 위한 것이 아닙니다.

## 구매하신 분들의 이야기
구매하신 분들이 자주 남겨주신 이야기를 정리했습니다.

가장 많이 언급된 표현은 「산뜻하다」와 「가성비가 좋다」였습니다. 특히 겨울철에 만족도가 높다는 의견이 많았고,
제형이 가벼운 편이라 이 점을 좋아하시는 분과 아쉬워하시는 분이 나뉘었습니다.
향에 대해서는 은은하다라는 점을 장점으로 꼽아 주신 분이 많았습니다.
재구매 의사를 밝혀 주신 분의 비율이 높은 편이며, 용량 대비 가격에 대한 의견은 엇갈립니다.

## 배송 및 교환
평일 오후 2시 이전 결제 건은 당일 출고됩니다. 도서·산간 지역은 배송이 하루 이틀 더 걸릴 수 있습니다.
단순 변심에 의한 교환 및 반품은 수령일로부터 7일 이내에 가능하며 왕복 배송비가 부과됩니다.
개봉하였거나 사용한 흔적이 있는 상품은 교환 및 반품이 어렵습니다.
상품에 하자가 있는 경우에는 배송비 부담 없이 교환해 드립니다."
P165,"## 제품 소개
물빛연구소는 물의 결을 닮은 제형을 연구합니다. 무겁게 덮는 대신 스미게 하는 것, 그 한 가지를 위해 십수 년간 배합비를 고쳐 왔습니다. 오늘도 실험실의 불은 늦게까지 켜져 있습니다.

쌀겨 포어 크림은 모공 고민을 겪는 분들을 위해 만들었습니다. 모든 피부을 기준으로 배합했고, 80ml 용량으로 담았습니다. 성분 하나를 넣고 빼는 데 오래 고민했습니다.

## 주요 성분
쌀겨 추출물과 미세 분말이 묵은 각질을 부드럽게 녹입니다. 알갱이로 문지르는 방식이 아니라 녹여내는 방식이라 마찰이 적습니다.

전성분: 소듐하이알루로네이트, 트로메타민, 글리세린, 다이소듐이디티에이, 알란토인, 베타인, 정제수, 카보머, 판테놀, 부틸렌글라이콜, 1,2-헥산다이올, 잔탄검, 카프릴릴글라이콜, 에틸헥실글리세린, 쌀겨 추출물, 향료

## 이런 분께 권합니다
모든 피부이신 분, 모공 때문에 오래 고민하신 분께 권합니다. 처음 쓰시는 분도 부담 없이 시작하실 수 있습니다.

## 사용법
기초 단계의 마지막에 사용합니다. 적당량을 덜어 얼굴 안쪽에서 바깥쪽으로 펴 발라 주세요.

## 주의사항
각질 관리 성분이 함유되어 있습니다. 민감성 피부 및 상처가 있는 부위에는 사용하지 마세요. 사용 빈도는 주 2회를 넘기지 않는 것을 권합니다.
화장품 사용 시 또는 사용 후 직사광선에 의하여 사용 부위가 붉은 반점, 부어오름 또는 가려움증 등의 이상 증상이나 부작용이 있는 경우 전문의 등과 상담할 것.
상처가 있는 부위 등에는 사용을 자제할 것.
보관 및 취급 시의 주의사항 — 어린이의 손이 닿지 않는 곳에 보관할 것. 직사광선을 피해서 보관할 것.

## 사용성 평가
자체 진행한 사용성 평가 결과입니다. 시험 대상자 21명, 6주간 1일 2회 사용 조건입니다.

- 사용 직후 수분량 26% 증가 (기기 측정)
- 6주 후 피부 거칠기 28% 개선
- 사용자의 80%가 「다시 구매할 의향이 있다」고 응답
- 시험 기간 중 이상 반응을 보고한 대상자 없음

본 결과는 개인에 따라 다를 수 있으며 질병의 예방이나 치료를 위한 것이 아닙니다.

## 인증 및 시험
- 피부 자극 테스트 완료 (국내 임상시험 기관)
- 알레르기 유발 성분 26종 무첨가
- 동물 실험을 하지 않았습니다
- 환경을 생각한 재활용 가능 용기를 사용했습니다
- 화장품 책임판매업 등록 필증 보유

## 구매하신 분들의 이야기
구매하신 분들이 자주 남겨주신 이야기를 정리했습니다.

가장 많이 언급된 표현은 「순하다」와 「흡수가 빠르다」였습니다. 특히 겨울철에 만족도가 높다는 의견이 많았고,
제형이 가벼운 편이라 이 점을 좋아하시는 분과 아쉬워하시는 분이 나뉘었습니다.
향에 대해서는 무향에 가깝다라는 점을 장점으로 꼽아 주신 분이 많았습니다.
재구매 의사를 밝혀 주신 분의 비율이 높은 편이며, 용량 대비 가격에 대한 의견은 엇갈립니다.

## 배송 및 교환
평일 오후 2시 이전 결제 건은 당일 출고됩니다. 도서·산간 지역은 배송이 하루 이틀 더 걸릴 수 있습니다.
단순 변심에 의한 교환 및 반품은 수령일로부터 7일 이내에 가능하며 왕복 배송비가 부과됩니다.
개봉하였거나 사용한 흔적이 있는 상품은 교환 및 반품이 어렵습니다.
상품에 하자가 있는 경우에는 배송비 부담 없이 교환해 드립니다."
P166,"## 제품 소개
미니멀스킨은 덜어내는 브랜드입니다. 성분 수를 줄이고 공정을 줄이고 포장을 줄였습니다. 남은 것은 꼭 필요한 것뿐입니다.

녹차 탄력 로션은 탄력 고민을 겪는 분들을 위해 만들었습니다. 지성을 기준으로 배합했고, 150ml 용량으로 담았습니다. 여러 차례의 사용성 평가를 거쳐 제형을 확정했습니다.

## 주요 성분
녹차 추출물은 산뜻하게 정돈하는 느낌을 줍니다. 국내 재배 녹차를 첫물로 수확해 사용했습니다.

전성분: 부틸렌글라이콜, 카프릴릴글라이콜, 카보머, 글리세린, 에틸헥실글리세린, 정제수, 1,2-헥산다이올, 알란토인, 트로메타민, 녹차 추출물, 향료

## 이런 분께 권합니다
지성이신 분, 탄력 때문에 오래 고민하신 분께 권합니다. 환절기마다 컨디션이 흔들리는 분께도 잘 맞습니다.

## 사용법
가벼운 마무리가 필요할 때 크림 대신 사용합니다. 아침에는 로션, 저녁에는 크림으로 나누어 쓰셔도 좋습니다.

## 주의사항
화장품 사용 시 또는 사용 후 직사광선에 의하여 사용 부위가 붉은 반점, 부어오름 또는 가려움증 등의 이상 증상이나 부작용이 있는 경우 전문의 등과 상담할 것.
상처가 있는 부위 등에는 사용을 자제할 것.
보관 및 취급 시의 주의사항 — 어린이의 손이 닿지 않는 곳에 보관할 것. 직사광선을 피해서 보관할 것.

## 구매하신 분들의 이야기
구매하신 분들이 자주 남겨주신 이야기를 정리했습니다.

가장 많이 언급된 표현은 「자극이 없다」와 「가성비가 좋다」였습니다. 특히 장마철에 만족도가 높다는 의견이 많았고,
제형이 젤 같은 편이라 이 점을 좋아하시는 분과 아쉬워하시는 분이 나뉘었습니다.
향에 대해서는 은은하다라는 점을 장점으로 꼽아 주신 분이 많았습니다.
재구매 의사를 밝혀 주신 분의 비율이 높은 편이며, 용량 대비 가격에 대한 의견은 엇갈립니다.

## 자주 묻는 질문
Q. 유통기한이 어떻게 되나요?
A. 제조일로부터 30개월이며, 개봉 후에는 12개월 이내에 사용하시는 것을 권장합니다. 용기 하단에서 제조일자를 확인하실 수 있습니다.

Q. 아침에도 쓸 수 있나요?
A. 네, 아침저녁 모두 사용하실 수 있습니다. 다만 아침에 사용하실 때는 자외선 차단제를 반드시 함께 발라 주세요.

Q. 용기가 펌프인가요?
A. 위생과 산화를 고려해 펌프 형태로 제작했습니다. 마지막까지 쓰실 수 있도록 용기 안쪽을 비스듬히 설계했습니다.

Q. 임신 중에도 사용 가능한가요?
A. 제품 특성상 개인차가 있을 수 있으므로 임신 중이시라면 사용 전에 전문의와 상담하시기를 권해 드립니다.

Q. 피부가 따가운데 계속 써도 되나요?
A. 사용을 중단하시고 상태를 지켜봐 주세요. 증상이 이어지면 전문의와 상담하시기 바랍니다.

Q. 남성이 써도 되나요?
A. 성별과 무관하게 사용하실 수 있습니다. 면도 직후에는 자극이 있을 수 있으니 시간을 두고 사용해 주세요.

## 배송 및 교환
평일 오후 2시 이전 결제 건은 당일 출고됩니다. 도서·산간 지역은 배송이 하루 이틀 더 걸릴 수 있습니다.
단순 변심에 의한 교환 및 반품은 수령일로부터 7일 이내에 가능하며 왕복 배송비가 부과됩니다.
개봉하였거나 사용한 흔적이 있는 상품은 교환 및 반품이 어렵습니다.
상품에 하자가 있는 경우에는 배송비 부담 없이 교환해 드립니다."
P167,"## 제품 소개
미니멀스킨은 덜어내는 브랜드입니다. 성분 수를 줄이고 공정을 줄이고 포장을 줄였습니다. 남은 것은 꼭 필요한 것뿐입니다.

쌀겨 트러블 로션은 트러블 고민을 겪는 분들을 위해 만들었습니다. 지성을 기준으로 배합했고, 150ml 용량으로 담았습니다. 출시 전 3개월간 자체 모니터링을 진행했습니다.

## 주요 성분
쌀겨 추출물과 미세 분말이 묵은 각질을 부드럽게 녹입니다. 알갱이로 문지르는 방식이 아니라 녹여내는 방식이라 마찰이 적습니다.

전성분: 판테놀, 에틸헥실글리세린, 베타인, 정제수, 소듐하이알루로네이트, 다이소듐이디티에이, 알란토인, 잔탄검, 카보머, 쌀겨 추출물, 향료

## 이런 분께 권합니다
지성이신 분, 트러블 때문에 오래 고민하신 분께 권합니다. 기초 단계를 줄이고 싶은 분께 적합합니다.

## 사용법
가벼운 마무리가 필요할 때 크림 대신 사용합니다. 아침에는 로션, 저녁에는 크림으로 나누어 쓰셔도 좋습니다.

## 주의사항
각질 관리 성분이 함유되어 있습니다. 민감성 피부 및 상처가 있는 부위에는 사용하지 마세요. 사용 빈도는 주 2회를 넘기지 않는 것을 권합니다.
화장품 사용 시 또는 사용 후 직사광선에 의하여 사용 부위가 붉은 반점, 부어오름 또는 가려움증 등의 이상 증상이나 부작용이 있는 경우 전문의 등과 상담할 것.
상처가 있는 부위 등에는 사용을 자제할 것.
보관 및 취급 시의 주의사항 — 어린이의 손이 닿지 않는 곳에 보관할 것. 직사광선을 피해서 보관할 것.

## 배송 및 교환
평일 오후 2시 이전 결제 건은 당일 출고됩니다. 도서·산간 지역은 배송이 하루 이틀 더 걸릴 수 있습니다.
단순 변심에 의한 교환 및 반품은 수령일로부터 7일 이내에 가능하며 왕복 배송비가 부과됩니다.
개봉하였거나 사용한 흔적이 있는 상품은 교환 및 반품이 어렵습니다.
상품에 하자가 있는 경우에는 배송비 부담 없이 교환해 드립니다."
P168,"## 제품 소개
라온셀은 2009년 작은 연구실에서 시작했습니다. 피부에 얹는 것은 적을수록 좋다는 생각으로 불필요한 성분을 덜어내는 일에 오래 매달려 왔습니다. 화려한 광고 대신 성분표로 이야기하겠습니다.

프로폴리스 포어 로션은 모공 고민을 겪는 분들을 위해 만들었습니다. 모든 피부을 기준으로 배합했고, 150ml 용량으로 담았습니다. 출시 전 3개월간 자체 모니터링을 진행했습니다.

## 주요 성분
프로폴리스는 벌이 모은 수지 성분으로 영양을 채우는 데 씁니다. 원물 함량을 높여 특유의 끈적임이 있습니다.

전성분: 베타인, 카프릴릴글라이콜, 알란토인, 트로메타민, 판테놀, 1,2-헥산다이올, 정제수, 잔탄검, 글리세린, 카보머, 에틸헥실글리세린, 다이소듐이디티에이, 프로폴리스 추출물, 향료

## 사용법
가벼운 마무리가 필요할 때 크림 대신 사용합니다. 아침에는 로션, 저녁에는 크림으로 나누어 쓰셔도 좋습니다.

## 주의사항
벌 유래 성분이 함유되어 있습니다. 벌 관련 알레르기가 있으신 분은 사용을 피해 주세요.
화장품 사용 시 또는 사용 후 직사광선에 의하여 사용 부위가 붉은 반점, 부어오름 또는 가려움증 등의 이상 증상이나 부작용이 있는 경우 전문의 등과 상담할 것.
상처가 있는 부위 등에는 사용을 자제할 것.
보관 및 취급 시의 주의사항 — 어린이의 손이 닿지 않는 곳에 보관할 것. 직사광선을 피해서 보관할 것.

## 인증 및 시험
- 피부 자극 테스트 완료 (국내 임상시험 기관)
- 알레르기 유발 성분 26종 무첨가
- 동물 실험을 하지 않았습니다
- 환경을 생각한 재활용 가능 용기를 사용했습니다
- 화장품 책임판매업 등록 필증 보유

## 구매하신 분들의 이야기
구매하신 분들이 자주 남겨주신 이야기를 정리했습니다.

가장 많이 언급된 표현은 「산뜻하다」와 「가성비가 좋다」였습니다. 특히 장마철에 만족도가 높다는 의견이 많았고,
제형이 젤 같은 편이라 이 점을 좋아하시는 분과 아쉬워하시는 분이 나뉘었습니다.
향에 대해서는 은은하다라는 점을 장점으로 꼽아 주신 분이 많았습니다.
재구매 의사를 밝혀 주신 분의 비율이 높은 편이며, 용량 대비 가격에 대한 의견은 엇갈립니다.

## 배송 및 교환
평일 오후 2시 이전 결제 건은 당일 출고됩니다. 도서·산간 지역은 배송이 하루 이틀 더 걸릴 수 있습니다.
단순 변심에 의한 교환 및 반품은 수령일로부터 7일 이내에 가능하며 왕복 배송비가 부과됩니다.
개봉하였거나 사용한 흔적이 있는 상품은 교환 및 반품이 어렵습니다.
상품에 하자가 있는 경우에는 배송비 부담 없이 교환해 드립니다."
P169,"## 제품 소개
포레스트힐은 언덕 위 작은 농장에서 시작했습니다. 직접 기른 원료로 만들던 방식을 지금도 이어가고 있으며, 생산량이 적어 품절이 잦은 점 양해 부탁드립니다.

녹차 링클 미스트은 주름 고민을 겪는 분들을 위해 만들었습니다. 민감성을 기준으로 배합했고, 120ml 용량으로 담았습니다. 여러 차례의 사용성 평가를 거쳐 제형을 확정했습니다.

## 주요 성분
녹차 추출물은 산뜻하게 정돈하는 느낌을 줍니다. 국내 재배 녹차를 첫물로 수확해 사용했습니다.

전성분: 베타인, 소듐하이알루로네이트, 다이소듐이디티에이, 트로메타민, 판테놀, 부틸렌글라이콜, 에틸헥실글리세린, 카프릴릴글라이콜, 글리세린, 잔탄검, 1,2-헥산다이올, 정제수, 알란토인, 녹차 추출물, 향료

## 사용법
필요할 때마다 얼굴에서 20cm 정도 떨어뜨려 분사합니다. 메이크업 위에도 사용할 수 있습니다.

## 주의사항
화장품 사용 시 또는 사용 후 직사광선에 의하여 사용 부위가 붉은 반점, 부어오름 또는 가려움증 등의 이상 증상이나 부작용이 있는 경우 전문의 등과 상담할 것.
상처가 있는 부위 등에는 사용을 자제할 것.
보관 및 취급 시의 주의사항 — 어린이의 손이 닿지 않는 곳에 보관할 것. 직사광선을 피해서 보관할 것.

## 인증 및 시험
- 피부 자극 테스트 완료 (국내 임상시험 기관)
- 알레르기 유발 성분 24종 무첨가
- 동물 실험을 하지 않았습니다
- 환경을 생각한 재활용 가능 용기를 사용했습니다
- 화장품 책임판매업 등록 필증 보유

## 구매하신 분들의 이야기
구매하신 분들이 자주 남겨주신 이야기를 정리했습니다.

가장 많이 언급된 표현은 「촉촉하다」와 「가성비가 좋다」였습니다. 특히 겨울철에 만족도가 높다는 의견이 많았고,
제형이 젤 같은 편이라 이 점을 좋아하시는 분과 아쉬워하시는 분이 나뉘었습니다.
향에 대해서는 인공적이지 않다라는 점을 장점으로 꼽아 주신 분이 많았습니다.
재구매 의사를 밝혀 주신 분의 비율이 높은 편이며, 용량 대비 가격에 대한 의견은 엇갈립니다.

## 자주 묻는 질문
Q. 아침에도 쓸 수 있나요?
A. 네, 아침저녁 모두 사용하실 수 있습니다. 다만 아침에 사용하실 때는 자외선 차단제를 반드시 함께 발라 주세요.

Q. 유통기한이 어떻게 되나요?
A. 제조일로부터 30개월이며, 개봉 후에는 12개월 이내에 사용하시는 것을 권장합니다. 용기 하단에서 제조일자를 확인하실 수 있습니다.

Q. 남성이 써도 되나요?
A. 성별과 무관하게 사용하실 수 있습니다. 면도 직후에는 자극이 있을 수 있으니 시간을 두고 사용해 주세요.

Q. 피부가 따가운데 계속 써도 되나요?
A. 사용을 중단하시고 상태를 지켜봐 주세요. 증상이 이어지면 전문의와 상담하시기 바랍니다.

Q. 임신 중에도 사용 가능한가요?
A. 제품 특성상 개인차가 있을 수 있으므로 임신 중이시라면 사용 전에 전문의와 상담하시기를 권해 드립니다.

Q. 용기가 펌프인가요?
A. 위생과 산화를 고려해 펌프 형태로 제작했습니다. 마지막까지 쓰실 수 있도록 용기 안쪽을 비스듬히 설계했습니다.

## 배송 및 교환
평일 오후 2시 이전 결제 건은 당일 출고됩니다. 도서·산간 지역은 배송이 하루 이틀 더 걸릴 수 있습니다.
단순 변심에 의한 교환 및 반품은 수령일로부터 7일 이내에 가능하며 왕복 배송비가 부과됩니다.
개봉하였거나 사용한 흔적이 있는 상품은 교환 및 반품이 어렵습니다.
상품에 하자가 있는 경우에는 배송비 부담 없이 교환해 드립니다."
P170,"## 제품 소개
모이스트랩은 수분에 집중합니다. 겉만 촉촉한 것과 속까지 채우는 것은 다르다는 것을 여러 실험으로 확인했고, 그 차이를 제형에 담았습니다.

세라마이드 트러블 세럼은 트러블 고민을 겪는 분들을 위해 만들었습니다. 복합성을 기준으로 배합했고, 30ml 용량으로 담았습니다. 출시 전 3개월간 자체 모니터링을 진행했습니다.

## 주요 성분
세라마이드는 원래 피부 각질층에 있는 지질 성분입니다. 나이가 들거나 건조한 환경에 오래 있으면 줄어드는데, 이 제품은 그 빈자리를 채우는 것을 목표로 배합했습니다.

전성분: 알란토인, 카프릴릴글라이콜, 카보머, 소듐하이알루로네이트, 에틸헥실글리세린, 잔탄검, 부틸렌글라이콜, 베타인, 세라마이드 추출물, 향료

## 이런 분께 권합니다
복합성이신 분, 트러블 때문에 오래 고민하신 분께 권합니다. 처음 쓰시는 분도 부담 없이 시작하실 수 있습니다.

## 사용법
에센스 다음 단계에서 사용합니다. 건조한 부위에는 한 번 더 덧발라 주세요.

## 주의사항
화장품 사용 시 또는 사용 후 직사광선에 의하여 사용 부위가 붉은 반점, 부어오름 또는 가려움증 등의 이상 증상이나 부작용이 있는 경우 전문의 등과 상담할 것.
상처가 있는 부위 등에는 사용을 자제할 것.
보관 및 취급 시의 주의사항 — 어린이의 손이 닿지 않는 곳에 보관할 것. 직사광선을 피해서 보관할 것.

## 사용성 평가
자체 진행한 사용성 평가 결과입니다. 시험 대상자 22명, 6주간 1일 2회 사용 조건입니다.

- 사용 직후 수분량 37% 증가 (기기 측정)
- 6주 후 피부 거칠기 27% 개선
- 사용자의 73%가 「다시 구매할 의향이 있다」고 응답
- 시험 기간 중 이상 반응을 보고한 대상자 없음

본 결과는 개인에 따라 다를 수 있으며 질병의 예방이나 치료를 위한 것이 아닙니다.

## 인증 및 시험
- 피부 자극 테스트 완료 (국내 임상시험 기관)
- 알레르기 유발 성분 24종 무첨가
- 동물 실험을 하지 않았습니다
- 환경을 생각한 재활용 가능 용기를 사용했습니다
- 화장품 책임판매업 등록 필증 보유

## 구매하신 분들의 이야기
구매하신 분들이 자주 남겨주신 이야기를 정리했습니다.

가장 많이 언급된 표현은 「부담 없다」와 「향이 은은하다」였습니다. 특히 겨울철에 만족도가 높다는 의견이 많았고,
제형이 젤 같은 편이라 이 점을 좋아하시는 분과 아쉬워하시는 분이 나뉘었습니다.
향에 대해서는 인공적이지 않다라는 점을 장점으로 꼽아 주신 분이 많았습니다.
재구매 의사를 밝혀 주신 분의 비율이 높은 편이며, 용량 대비 가격에 대한 의견은 엇갈립니다.

## 배송 및 교환
평일 오후 2시 이전 결제 건은 당일 출고됩니다. 도서·산간 지역은 배송이 하루 이틀 더 걸릴 수 있습니다.
단순 변심에 의한 교환 및 반품은 수령일로부터 7일 이내에 가능하며 왕복 배송비가 부과됩니다.
개봉하였거나 사용한 흔적이 있는 상품은 교환 및 반품이 어렵습니다.
상품에 하자가 있는 경우에는 배송비 부담 없이 교환해 드립니다."
P171,"## 제품 소개
약산성 아미노산 포어 토너은 모공 고민을 겪는 분들을 위해 만들었습니다. 민감성을 기준으로 배합했고, 200ml 용량으로 담았습니다. 성분 하나를 넣고 빼는 데 오래 고민했습니다.

## 주요 성분
약산성 아미노산 계면활성제를 사용했습니다. 세정력은 유지하면서 씻고 난 뒤 당김을 줄이는 데 초점을 맞췄습니다.

전성분: 부틸렌글라이콜, 글리세린, 에틸헥실글리세린, 트로메타민, 정제수, 알란토인, 다이소듐이디티에이, 카보머, 판테놀, 카프릴릴글라이콜, 소듐하이알루로네이트, 1,2-헥산다이올, 베타인, 약산성 아미노산 추출물, 향료

## 이런 분께 권합니다
민감성이신 분, 모공 때문에 오래 고민하신 분께 권합니다. 환절기마다 컨디션이 흔들리는 분께도 잘 맞습니다.

## 사용법
세안 후 가장 먼저 사용합니다. 화장솜에 적셔 결을 따라 부드럽게 닦아내거나, 손바닥에 덜어 얼굴 전체에 두드려 흡수시켜 주세요.

## 주의사항
화장품 사용 시 또는 사용 후 직사광선에 의하여 사용 부위가 붉은 반점, 부어오름 또는 가려움증 등의 이상 증상이나 부작용이 있는 경우 전문의 등과 상담할 것.
상처가 있는 부위 등에는 사용을 자제할 것.
보관 및 취급 시의 주의사항 — 어린이의 손이 닿지 않는 곳에 보관할 것. 직사광선을 피해서 보관할 것.

## 인증 및 시험
- 피부 자극 테스트 완료 (국내 임상시험 기관)
- 알레르기 유발 성분 26종 무첨가
- 동물 실험을 하지 않았습니다
- 환경을 생각한 재활용 가능 용기를 사용했습니다
- 화장품 책임판매업 등록 필증 보유

## 자주 묻는 질문
Q. 용기가 펌프인가요?
A. 위생과 산화를 고려해 펌프 형태로 제작했습니다. 마지막까지 쓰실 수 있도록 용기 안쪽을 비스듬히 설계했습니다.

Q. 아침에도 쓸 수 있나요?
A. 네, 아침저녁 모두 사용하실 수 있습니다. 다만 아침에 사용하실 때는 자외선 차단제를 반드시 함께 발라 주세요.

## 배송 및 교환
평일 오후 2시 이전 결제 건은 당일 출고됩니다. 도서·산간 지역은 배송이 하루 이틀 더 걸릴 수 있습니다.
단순 변심에 의한 교환 및 반품은 수령일로부터 7일 이내에 가능하며 왕복 배송비가 부과됩니다.
개봉하였거나 사용한 흔적이 있는 상품은 교환 및 반품이 어렵습니다.
상품에 하자가 있는 경우에는 배송비 부담 없이 교환해 드립니다."
P172,"## 제품 소개
피부일기는 매일의 기록에서 출발했습니다. 하루하루 달라지는 피부 상태를 오래 관찰하며, 계절과 컨디션에 따라 달리 쓸 수 있는 제품을 만들어 왔습니다.

프로폴리스 시카 로션은 진정 고민을 겪는 분들을 위해 만들었습니다. 민감성을 기준으로 배합했고, 150ml 용량으로 담았습니다. 여러 차례의 사용성 평가를 거쳐 제형을 확정했습니다.

## 주요 성분
프로폴리스는 벌이 모은 수지 성분으로 영양을 채우는 데 씁니다. 원물 함량을 높여 특유의 끈적임이 있습니다.

전성분: 1,2-헥산다이올, 잔탄검, 정제수, 판테놀, 카프릴릴글라이콜, 소듐하이알루로네이트, 글리세린, 프로폴리스 추출물, 향료

## 이런 분께 권합니다
민감성이신 분, 진정 때문에 오래 고민하신 분께 권합니다. 환절기마다 컨디션이 흔들리는 분께도 잘 맞습니다.

## 사용법
가벼운 마무리가 필요할 때 크림 대신 사용합니다. 아침에는 로션, 저녁에는 크림으로 나누어 쓰셔도 좋습니다.

## 주의사항
벌 유래 성분이 함유되어 있습니다. 벌 관련 알레르기가 있으신 분은 사용을 피해 주세요.
화장품 사용 시 또는 사용 후 직사광선에 의하여 사용 부위가 붉은 반점, 부어오름 또는 가려움증 등의 이상 증상이나 부작용이 있는 경우 전문의 등과 상담할 것.
상처가 있는 부위 등에는 사용을 자제할 것.
보관 및 취급 시의 주의사항 — 어린이의 손이 닿지 않는 곳에 보관할 것. 직사광선을 피해서 보관할 것.

## 사용성 평가
자체 진행한 사용성 평가 결과입니다. 시험 대상자 21명, 6주간 1일 2회 사용 조건입니다.

- 사용 직후 수분량 28% 증가 (기기 측정)
- 6주 후 피부 거칠기 24% 개선
- 사용자의 93%가 「다시 구매할 의향이 있다」고 응답
- 시험 기간 중 이상 반응을 보고한 대상자 없음

본 결과는 개인에 따라 다를 수 있으며 질병의 예방이나 치료를 위한 것이 아닙니다.

## 인증 및 시험
- 피부 자극 테스트 완료 (국내 임상시험 기관)
- 알레르기 유발 성분 24종 무첨가
- 동물 실험을 하지 않았습니다
- 환경을 생각한 재활용 가능 용기를 사용했습니다
- 화장품 책임판매업 등록 필증 보유

## 구매하신 분들의 이야기
구매하신 분들이 자주 남겨주신 이야기를 정리했습니다.

가장 많이 언급된 표현은 「부담 없다」와 「향이 은은하다」였습니다. 특히 여름철에 만족도가 높다는 의견이 많았고,
제형이 가벼운 편이라 이 점을 좋아하시는 분과 아쉬워하시는 분이 나뉘었습니다.
향에 대해서는 은은하다라는 점을 장점으로 꼽아 주신 분이 많았습니다.
재구매 의사를 밝혀 주신 분의 비율이 높은 편이며, 용량 대비 가격에 대한 의견은 엇갈립니다.

## 자주 묻는 질문
Q. 용기가 펌프인가요?
A. 위생과 산화를 고려해 펌프 형태로 제작했습니다. 마지막까지 쓰실 수 있도록 용기 안쪽을 비스듬히 설계했습니다.

Q. 다른 제품과 같이 써도 되나요?
A. 기초 단계 순서만 지켜 주시면 함께 사용하셔도 괜찮습니다. 묽은 것부터 되직한 것 순으로 발라 주세요.

Q. 아침에도 쓸 수 있나요?
A. 네, 아침저녁 모두 사용하실 수 있습니다. 다만 아침에 사용하실 때는 자외선 차단제를 반드시 함께 발라 주세요.

Q. 임신 중에도 사용 가능한가요?
A. 제품 특성상 개인차가 있을 수 있으므로 임신 중이시라면 사용 전에 전문의와 상담하시기를 권해 드립니다.

## 배송 및 교환
평일 오후 2시 이전 결제 건은 당일 출고됩니다. 도서·산간 지역은 배송이 하루 이틀 더 걸릴 수 있습니다.
단순 변심에 의한 교환 및 반품은 수령일로부터 7일 이내에 가능하며 왕복 배송비가 부과됩니다.
개봉하였거나 사용한 흔적이 있는 상품은 교환 및 반품이 어렵습니다.
상품에 하자가 있는 경우에는 배송비 부담 없이 교환해 드립니다."
P173,"## 제품 소개
약산성 아미노산 트러블 크림은 트러블 고민을 겪는 분들을 위해 만들었습니다. 복합성을 기준으로 배합했고, 50ml 용량으로 담았습니다. 성분 하나를 넣고 빼는 데 오래 고민했습니다.

## 주요 성분
약산성 아미노산 계면활성제를 사용했습니다. 세정력은 유지하면서 씻고 난 뒤 당김을 줄이는 데 초점을 맞췄습니다.

전성분: 알란토인, 부틸렌글라이콜, 다이소듐이디티에이, 1,2-헥산다이올, 트로메타민, 카보머, 판테놀, 잔탄검, 베타인, 에틸헥실글리세린, 소듐하이알루로네이트, 카프릴릴글라이콜, 글리세린, 약산성 아미노산 추출물, 향료

## 이런 분께 권합니다
복합성이신 분, 트러블 때문에 오래 고민하신 분께 권합니다. 처음 쓰시는 분도 부담 없이 시작하실 수 있습니다.

## 사용법
기초 단계의 마지막에 사용합니다. 적당량을 덜어 얼굴 안쪽에서 바깥쪽으로 펴 발라 주세요.

## 주의사항
화장품 사용 시 또는 사용 후 직사광선에 의하여 사용 부위가 붉은 반점, 부어오름 또는 가려움증 등의 이상 증상이나 부작용이 있는 경우 전문의 등과 상담할 것.
상처가 있는 부위 등에는 사용을 자제할 것.
보관 및 취급 시의 주의사항 — 어린이의 손이 닿지 않는 곳에 보관할 것. 직사광선을 피해서 보관할 것.

## 자주 묻는 질문
Q. 다른 제품과 같이 써도 되나요?
A. 기초 단계 순서만 지켜 주시면 함께 사용하셔도 괜찮습니다. 묽은 것부터 되직한 것 순으로 발라 주세요.

Q. 유통기한이 어떻게 되나요?
A. 제조일로부터 30개월이며, 개봉 후에는 12개월 이내에 사용하시는 것을 권장합니다. 용기 하단에서 제조일자를 확인하실 수 있습니다.

Q. 임신 중에도 사용 가능한가요?
A. 제품 특성상 개인차가 있을 수 있으므로 임신 중이시라면 사용 전에 전문의와 상담하시기를 권해 드립니다.

## 배송 및 교환
평일 오후 2시 이전 결제 건은 당일 출고됩니다. 도서·산간 지역은 배송이 하루 이틀 더 걸릴 수 있습니다.
단순 변심에 의한 교환 및 반품은 수령일로부터 7일 이내에 가능하며 왕복 배송비가 부과됩니다.
개봉하였거나 사용한 흔적이 있는 상품은 교환 및 반품이 어렵습니다.
상품에 하자가 있는 경우에는 배송비 부담 없이 교환해 드립니다."
P174,"## 제품 소개
바른결은 결을 다듬는 일을 합니다. 자극으로 밀어내는 대신 부드럽게 정돈하는 방식을 택했습니다. 시간이 걸리더라도 피부가 상하지 않는 쪽을 고릅니다.

콜라겐 링클 에센스은 주름 고민을 겪는 분들을 위해 만들었습니다. 모든 피부을 기준으로 배합했고, 100ml 용량으로 담았습니다. 출시 전 3개월간 자체 모니터링을 진행했습니다.

## 주요 성분
콜라겐은 탄력을 채우는 데 쓰이며, 이 제품에는 흡수를 고려해 저분자로 분해한 형태를 넣었습니다.

전성분: 잔탄검, 카프릴릴글라이콜, 글리세린, 소듐하이알루로네이트, 카보머, 다이소듐이디티에이, 에틸헥실글리세린, 부틸렌글라이콜, 트로메타민, 알란토인, 콜라겐 추출물, 향료

## 이런 분께 권합니다
모든 피부이신 분, 주름 때문에 오래 고민하신 분께 권합니다. 기초 단계를 줄이고 싶은 분께 적합합니다.

## 사용법
토너로 결을 정리한 뒤 사용합니다. 2~3회 펌핑해 얼굴 전체에 펴 바르고 가볍게 두드려 흡수시켜 주세요.

## 주의사항
화장품 사용 시 또는 사용 후 직사광선에 의하여 사용 부위가 붉은 반점, 부어오름 또는 가려움증 등의 이상 증상이나 부작용이 있는 경우 전문의 등과 상담할 것.
상처가 있는 부위 등에는 사용을 자제할 것.
보관 및 취급 시의 주의사항 — 어린이의 손이 닿지 않는 곳에 보관할 것. 직사광선을 피해서 보관할 것.

## 사용성 평가
자체 진행한 사용성 평가 결과입니다. 시험 대상자 31명, 4주간 1일 2회 사용 조건입니다.

- 사용 직후 수분량 57% 증가 (기기 측정)
- 4주 후 피부 거칠기 13% 개선
- 사용자의 91%가 「다시 구매할 의향이 있다」고 응답
- 시험 기간 중 이상 반응을 보고한 대상자 없음

본 결과는 개인에 따라 다를 수 있으며 질병의 예방이나 치료를 위한 것이 아닙니다.

## 구매하신 분들의 이야기
구매하신 분들이 자주 남겨주신 이야기를 정리했습니다.

가장 많이 언급된 표현은 「자극이 없다」와 「가성비가 좋다」였습니다. 특히 장마철에 만족도가 높다는 의견이 많았고,
제형이 꾸덕한 편이라 이 점을 좋아하시는 분과 아쉬워하시는 분이 나뉘었습니다.
향에 대해서는 은은하다라는 점을 장점으로 꼽아 주신 분이 많았습니다.
재구매 의사를 밝혀 주신 분의 비율이 높은 편이며, 용량 대비 가격에 대한 의견은 엇갈립니다.

## 자주 묻는 질문
Q. 용기가 펌프인가요?
A. 위생과 산화를 고려해 펌프 형태로 제작했습니다. 마지막까지 쓰실 수 있도록 용기 안쪽을 비스듬히 설계했습니다.

Q. 남성이 써도 되나요?
A. 성별과 무관하게 사용하실 수 있습니다. 면도 직후에는 자극이 있을 수 있으니 시간을 두고 사용해 주세요.

Q. 피부가 따가운데 계속 써도 되나요?
A. 사용을 중단하시고 상태를 지켜봐 주세요. 증상이 이어지면 전문의와 상담하시기 바랍니다.

Q. 아침에도 쓸 수 있나요?
A. 네, 아침저녁 모두 사용하실 수 있습니다. 다만 아침에 사용하실 때는 자외선 차단제를 반드시 함께 발라 주세요.

Q. 임신 중에도 사용 가능한가요?
A. 제품 특성상 개인차가 있을 수 있으므로 임신 중이시라면 사용 전에 전문의와 상담하시기를 권해 드립니다.

Q. 샘플을 받아볼 수 있나요?
A. 고객센터로 문의해 주시면 재고 상황에 따라 안내해 드리고 있습니다.

Q. 다른 제품과 같이 써도 되나요?
A. 기초 단계 순서만 지켜 주시면 함께 사용하셔도 괜찮습니다. 묽은 것부터 되직한 것 순으로 발라 주세요.

## 배송 및 교환
평일 오후 2시 이전 결제 건은 당일 출고됩니다. 도서·산간 지역은 배송이 하루 이틀 더 걸릴 수 있습니다.
단순 변심에 의한 교환 및 반품은 수령일로부터 7일 이내에 가능하며 왕복 배송비가 부과됩니다.
개봉하였거나 사용한 흔적이 있는 상품은 교환 및 반품이 어렵습니다.
상품에 하자가 있는 경우에는 배송비 부담 없이 교환해 드립니다."
P175,"## 제품 소개
데일리랩은 매일 쓰는 것을 만듭니다. 특별한 날의 화려함보다 매일의 꾸준함이 피부를 바꾼다고 생각합니다. 그래서 가격도 매일 쓸 수 있게 맞췄습니다.

쌀겨 수분 클렌징오일은 수분 고민을 겪는 분들을 위해 만들었습니다. 지성을 기준으로 배합했고, 200ml 용량으로 담았습니다. 성분 하나를 넣고 빼는 데 오래 고민했습니다.

## 주요 성분
쌀겨 추출물과 미세 분말이 묵은 각질을 부드럽게 녹입니다. 알갱이로 문지르는 방식이 아니라 녹여내는 방식이라 마찰이 적습니다.

전성분: 카보머, 카프릴릴글라이콜, 글리세린, 잔탄검, 소듐하이알루로네이트, 다이소듐이디티에이, 1,2-헥산다이올, 베타인, 트로메타민, 정제수, 판테놀, 알란토인, 쌀겨 추출물, 향료

## 이런 분께 권합니다
지성이신 분, 수분 때문에 오래 고민하신 분께 권합니다. 처음 쓰시는 분도 부담 없이 시작하실 수 있습니다.

## 사용법
마른 손과 마른 얼굴에 사용합니다. 얼굴 전체에 펴 발라 메이크업을 녹인 뒤 미온수를 조금씩 더해 유화시키고 헹궈냅니다.

## 주의사항
각질 관리 성분이 함유되어 있습니다. 민감성 피부 및 상처가 있는 부위에는 사용하지 마세요. 사용 빈도는 주 2회를 넘기지 않는 것을 권합니다.
화장품 사용 시 또는 사용 후 직사광선에 의하여 사용 부위가 붉은 반점, 부어오름 또는 가려움증 등의 이상 증상이나 부작용이 있는 경우 전문의 등과 상담할 것.
상처가 있는 부위 등에는 사용을 자제할 것.
보관 및 취급 시의 주의사항 — 어린이의 손이 닿지 않는 곳에 보관할 것. 직사광선을 피해서 보관할 것.

## 자주 묻는 질문
Q. 임신 중에도 사용 가능한가요?
A. 제품 특성상 개인차가 있을 수 있으므로 임신 중이시라면 사용 전에 전문의와 상담하시기를 권해 드립니다.

Q. 아침에도 쓸 수 있나요?
A. 네, 아침저녁 모두 사용하실 수 있습니다. 다만 아침에 사용하실 때는 자외선 차단제를 반드시 함께 발라 주세요.

## 배송 및 교환
평일 오후 2시 이전 결제 건은 당일 출고됩니다. 도서·산간 지역은 배송이 하루 이틀 더 걸릴 수 있습니다.
단순 변심에 의한 교환 및 반품은 수령일로부터 7일 이내에 가능하며 왕복 배송비가 부과됩니다.
개봉하였거나 사용한 흔적이 있는 상품은 교환 및 반품이 어렵습니다.
상품에 하자가 있는 경우에는 배송비 부담 없이 교환해 드립니다."
P176,"## 제품 소개
콜라겐 링클 선크림은 주름 고민을 겪는 분들을 위해 만들었습니다. 민감성을 기준으로 배합했고, 50ml 용량으로 담았습니다. 출시 전 3개월간 자체 모니터링을 진행했습니다.

## 주요 성분
콜라겐은 탄력을 채우는 데 쓰이며, 이 제품에는 흡수를 고려해 저분자로 분해한 형태를 넣었습니다.

전성분: 부틸렌글라이콜, 정제수, 트로메타민, 카보머, 글리세린, 1,2-헥산다이올, 다이소듐이디티에이, 베타인, 판테놀, 소듐하이알루로네이트, 잔탄검, 카프릴릴글라이콜, 콜라겐 추출물, 향료

## 이런 분께 권합니다
민감성이신 분, 주름 때문에 오래 고민하신 분께 권합니다. 처음 쓰시는 분도 부담 없이 시작하실 수 있습니다.

## 사용법
기초 마지막 단계에 사용합니다. 외출 20분 전에 충분한 양을 바르고, 야외 활동 시에는 2~3시간마다 덧발라 주세요.

## 주의사항
화장품 사용 시 또는 사용 후 직사광선에 의하여 사용 부위가 붉은 반점, 부어오름 또는 가려움증 등의 이상 증상이나 부작용이 있는 경우 전문의 등과 상담할 것.
상처가 있는 부위 등에는 사용을 자제할 것.
보관 및 취급 시의 주의사항 — 어린이의 손이 닿지 않는 곳에 보관할 것. 직사광선을 피해서 보관할 것.

## 사용성 평가
자체 진행한 사용성 평가 결과입니다. 시험 대상자 21명, 2주간 1일 2회 사용 조건입니다.

- 사용 직후 수분량 33% 증가 (기기 측정)
- 2주 후 피부 거칠기 21% 개선
- 사용자의 87%가 「다시 구매할 의향이 있다」고 응답
- 시험 기간 중 이상 반응을 보고한 대상자 없음

본 결과는 개인에 따라 다를 수 있으며 질병의 예방이나 치료를 위한 것이 아닙니다.

## 인증 및 시험
- 피부 자극 테스트 완료 (국내 임상시험 기관)
- 알레르기 유발 성분 21종 무첨가
- 동물 실험을 하지 않았습니다
- 환경을 생각한 재활용 가능 용기를 사용했습니다
- 화장품 책임판매업 등록 필증 보유

## 자주 묻는 질문
Q. 남성이 써도 되나요?
A. 성별과 무관하게 사용하실 수 있습니다. 면도 직후에는 자극이 있을 수 있으니 시간을 두고 사용해 주세요.

Q. 피부가 따가운데 계속 써도 되나요?
A. 사용을 중단하시고 상태를 지켜봐 주세요. 증상이 이어지면 전문의와 상담하시기 바랍니다.

## 배송 및 교환
평일 오후 2시 이전 결제 건은 당일 출고됩니다. 도서·산간 지역은 배송이 하루 이틀 더 걸릴 수 있습니다.
단순 변심에 의한 교환 및 반품은 수령일로부터 7일 이내에 가능하며 왕복 배송비가 부과됩니다.
개봉하였거나 사용한 흔적이 있는 상품은 교환 및 반품이 어렵습니다.
상품에 하자가 있는 경우에는 배송비 부담 없이 교환해 드립니다."
P177,"## 제품 소개
판테놀 필링 로션은 각질 고민을 겪는 분들을 위해 만들었습니다. 지성을 기준으로 배합했고, 150ml 용량으로 담았습니다. 여러 차례의 사용성 평가를 거쳐 제형을 확정했습니다.

## 주요 성분
판테놀은 프로비타민B5라고도 불리며, 붉게 달아오른 피부를 달래는 데 씁니다. 자극이 적어 예민한 시기에도 쓸 수 있는 편입니다.

전성분: 다이소듐이디티에이, 카프릴릴글라이콜, 베타인, 글리세린, 카보머, 알란토인, 1,2-헥산다이올, 부틸렌글라이콜, 에틸헥실글리세린, 소듐하이알루로네이트, 판테놀 추출물, 향료

## 이런 분께 권합니다
지성이신 분, 각질 때문에 오래 고민하신 분께 권합니다. 처음 쓰시는 분도 부담 없이 시작하실 수 있습니다.

## 사용법
가벼운 마무리가 필요할 때 크림 대신 사용합니다. 아침에는 로션, 저녁에는 크림으로 나누어 쓰셔도 좋습니다.

## 주의사항
화장품 사용 시 또는 사용 후 직사광선에 의하여 사용 부위가 붉은 반점, 부어오름 또는 가려움증 등의 이상 증상이나 부작용이 있는 경우 전문의 등과 상담할 것.
상처가 있는 부위 등에는 사용을 자제할 것.
보관 및 취급 시의 주의사항 — 어린이의 손이 닿지 않는 곳에 보관할 것. 직사광선을 피해서 보관할 것.

## 인증 및 시험
- 피부 자극 테스트 완료 (국내 임상시험 기관)
- 알레르기 유발 성분 26종 무첨가
- 동물 실험을 하지 않았습니다
- 환경을 생각한 재활용 가능 용기를 사용했습니다
- 화장품 책임판매업 등록 필증 보유

## 자주 묻는 질문
Q. 피부가 따가운데 계속 써도 되나요?
A. 사용을 중단하시고 상태를 지켜봐 주세요. 증상이 이어지면 전문의와 상담하시기 바랍니다.

Q. 용기가 펌프인가요?
A. 위생과 산화를 고려해 펌프 형태로 제작했습니다. 마지막까지 쓰실 수 있도록 용기 안쪽을 비스듬히 설계했습니다.

Q. 유통기한이 어떻게 되나요?
A. 제조일로부터 30개월이며, 개봉 후에는 12개월 이내에 사용하시는 것을 권장합니다. 용기 하단에서 제조일자를 확인하실 수 있습니다.

Q. 아침에도 쓸 수 있나요?
A. 네, 아침저녁 모두 사용하실 수 있습니다. 다만 아침에 사용하실 때는 자외선 차단제를 반드시 함께 발라 주세요.

## 배송 및 교환
평일 오후 2시 이전 결제 건은 당일 출고됩니다. 도서·산간 지역은 배송이 하루 이틀 더 걸릴 수 있습니다.
단순 변심에 의한 교환 및 반품은 수령일로부터 7일 이내에 가능하며 왕복 배송비가 부과됩니다.
개봉하였거나 사용한 흔적이 있는 상품은 교환 및 반품이 어렵습니다.
상품에 하자가 있는 경우에는 배송비 부담 없이 교환해 드립니다."
P178,"## 제품 소개
병풀 필링 에센스은 각질 고민을 겪는 분들을 위해 만들었습니다. 민감성을 기준으로 배합했고, 50ml 용량으로 담았습니다. 성분 하나를 넣고 빼는 데 오래 고민했습니다.

## 주요 성분
병풀 추출물은 예민해진 피부를 진정시키는 데 쓰입니다. 마데카소사이드를 포함한 네 가지 지표 성분을 함께 담았습니다.

전성분: 카프릴릴글라이콜, 부틸렌글라이콜, 1,2-헥산다이올, 에틸헥실글리세린, 카보머, 소듐하이알루로네이트, 트로메타민, 잔탄검, 베타인, 글리세린, 판테놀, 정제수, 다이소듐이디티에이, 알란토인, 병풀 추출물, 향료

## 이런 분께 권합니다
민감성이신 분, 각질 때문에 오래 고민하신 분께 권합니다. 환절기마다 컨디션이 흔들리는 분께도 잘 맞습니다.

## 사용법
토너로 결을 정리한 뒤 사용합니다. 2~3회 펌핑해 얼굴 전체에 펴 바르고 가볍게 두드려 흡수시켜 주세요.

## 주의사항
화장품 사용 시 또는 사용 후 직사광선에 의하여 사용 부위가 붉은 반점, 부어오름 또는 가려움증 등의 이상 증상이나 부작용이 있는 경우 전문의 등과 상담할 것.
상처가 있는 부위 등에는 사용을 자제할 것.
보관 및 취급 시의 주의사항 — 어린이의 손이 닿지 않는 곳에 보관할 것. 직사광선을 피해서 보관할 것.

## 사용성 평가
자체 진행한 사용성 평가 결과입니다. 시험 대상자 30명, 8주간 1일 2회 사용 조건입니다.

- 사용 직후 수분량 38% 증가 (기기 측정)
- 8주 후 피부 거칠기 27% 개선
- 사용자의 91%가 「다시 구매할 의향이 있다」고 응답
- 시험 기간 중 이상 반응을 보고한 대상자 없음

본 결과는 개인에 따라 다를 수 있으며 질병의 예방이나 치료를 위한 것이 아닙니다.

## 자주 묻는 질문
Q. 다른 제품과 같이 써도 되나요?
A. 기초 단계 순서만 지켜 주시면 함께 사용하셔도 괜찮습니다. 묽은 것부터 되직한 것 순으로 발라 주세요.

Q. 용기가 펌프인가요?
A. 위생과 산화를 고려해 펌프 형태로 제작했습니다. 마지막까지 쓰실 수 있도록 용기 안쪽을 비스듬히 설계했습니다.

Q. 남성이 써도 되나요?
A. 성별과 무관하게 사용하실 수 있습니다. 면도 직후에는 자극이 있을 수 있으니 시간을 두고 사용해 주세요.

Q. 피부가 따가운데 계속 써도 되나요?
A. 사용을 중단하시고 상태를 지켜봐 주세요. 증상이 이어지면 전문의와 상담하시기 바랍니다.

Q. 유통기한이 어떻게 되나요?
A. 제조일로부터 30개월이며, 개봉 후에는 12개월 이내에 사용하시는 것을 권장합니다. 용기 하단에서 제조일자를 확인하실 수 있습니다.

## 배송 및 교환
평일 오후 2시 이전 결제 건은 당일 출고됩니다. 도서·산간 지역은 배송이 하루 이틀 더 걸릴 수 있습니다.
단순 변심에 의한 교환 및 반품은 수령일로부터 7일 이내에 가능하며 왕복 배송비가 부과됩니다.
개봉하였거나 사용한 흔적이 있는 상품은 교환 및 반품이 어렵습니다.
상품에 하자가 있는 경우에는 배송비 부담 없이 교환해 드립니다."
P179,"## 제품 소개
데일리랩은 매일 쓰는 것을 만듭니다. 특별한 날의 화려함보다 매일의 꾸준함이 피부를 바꾼다고 생각합니다. 그래서 가격도 매일 쓸 수 있게 맞췄습니다.

약산성 아미노산 포어 세럼은 모공 고민을 겪는 분들을 위해 만들었습니다. 모든 피부을 기준으로 배합했고, 50ml 용량으로 담았습니다. 여러 차례의 사용성 평가를 거쳐 제형을 확정했습니다.

## 주요 성분
약산성 아미노산 계면활성제를 사용했습니다. 세정력은 유지하면서 씻고 난 뒤 당김을 줄이는 데 초점을 맞췄습니다.

전성분: 잔탄검, 다이소듐이디티에이, 알란토인, 판테놀, 1,2-헥산다이올, 에틸헥실글리세린, 베타인, 소듐하이알루로네이트, 부틸렌글라이콜, 카프릴릴글라이콜, 글리세린, 정제수, 트로메타민, 약산성 아미노산 추출물, 향료

## 이런 분께 권합니다
모든 피부이신 분, 모공 때문에 오래 고민하신 분께 권합니다. 처음 쓰시는 분도 부담 없이 시작하실 수 있습니다.

## 사용법
에센스 다음 단계에서 사용합니다. 건조한 부위에는 한 번 더 덧발라 주세요.

## 주의사항
화장품 사용 시 또는 사용 후 직사광선에 의하여 사용 부위가 붉은 반점, 부어오름 또는 가려움증 등의 이상 증상이나 부작용이 있는 경우 전문의 등과 상담할 것.
상처가 있는 부위 등에는 사용을 자제할 것.
보관 및 취급 시의 주의사항 — 어린이의 손이 닿지 않는 곳에 보관할 것. 직사광선을 피해서 보관할 것.

## 구매하신 분들의 이야기
구매하신 분들이 자주 남겨주신 이야기를 정리했습니다.

가장 많이 언급된 표현은 「산뜻하다」와 「겉돌지 않는다」였습니다. 특히 장마철에 만족도가 높다는 의견이 많았고,
제형이 가벼운 편이라 이 점을 좋아하시는 분과 아쉬워하시는 분이 나뉘었습니다.
향에 대해서는 무향에 가깝다라는 점을 장점으로 꼽아 주신 분이 많았습니다.
재구매 의사를 밝혀 주신 분의 비율이 높은 편이며, 용량 대비 가격에 대한 의견은 엇갈립니다.

## 배송 및 교환
평일 오후 2시 이전 결제 건은 당일 출고됩니다. 도서·산간 지역은 배송이 하루 이틀 더 걸릴 수 있습니다.
단순 변심에 의한 교환 및 반품은 수령일로부터 7일 이내에 가능하며 왕복 배송비가 부과됩니다.
개봉하였거나 사용한 흔적이 있는 상품은 교환 및 반품이 어렵습니다.
상품에 하자가 있는 경우에는 배송비 부담 없이 교환해 드립니다."
P180,"## 제품 소개
콜라겐 브라이트닝 세럼은 미백 고민을 겪는 분들을 위해 만들었습니다. 모든 피부을 기준으로 배합했고, 50ml 용량으로 담았습니다. 여러 차례의 사용성 평가를 거쳐 제형을 확정했습니다.

## 주요 성분
콜라겐은 탄력을 채우는 데 쓰이며, 이 제품에는 흡수를 고려해 저분자로 분해한 형태를 넣었습니다.

전성분: 판테놀, 1,2-헥산다이올, 베타인, 트로메타민, 카프릴릴글라이콜, 다이소듐이디티에이, 글리세린, 카보머, 정제수, 콜라겐 추출물, 향료

## 사용법
에센스 다음 단계에서 사용합니다. 건조한 부위에는 한 번 더 덧발라 주세요.

## 주의사항
화장품 사용 시 또는 사용 후 직사광선에 의하여 사용 부위가 붉은 반점, 부어오름 또는 가려움증 등의 이상 증상이나 부작용이 있는 경우 전문의 등과 상담할 것.
상처가 있는 부위 등에는 사용을 자제할 것.
보관 및 취급 시의 주의사항 — 어린이의 손이 닿지 않는 곳에 보관할 것. 직사광선을 피해서 보관할 것.

## 사용성 평가
자체 진행한 사용성 평가 결과입니다. 시험 대상자 30명, 2주간 1일 2회 사용 조건입니다.

- 사용 직후 수분량 20% 증가 (기기 측정)
- 2주 후 피부 거칠기 11% 개선
- 사용자의 72%가 「다시 구매할 의향이 있다」고 응답
- 시험 기간 중 이상 반응을 보고한 대상자 없음

본 결과는 개인에 따라 다를 수 있으며 질병의 예방이나 치료를 위한 것이 아닙니다.

## 구매하신 분들의 이야기
구매하신 분들이 자주 남겨주신 이야기를 정리했습니다.

가장 많이 언급된 표현은 「산뜻하다」와 「흡수가 빠르다」였습니다. 특히 겨울철에 만족도가 높다는 의견이 많았고,
제형이 가벼운 편이라 이 점을 좋아하시는 분과 아쉬워하시는 분이 나뉘었습니다.
향에 대해서는 무향에 가깝다라는 점을 장점으로 꼽아 주신 분이 많았습니다.
재구매 의사를 밝혀 주신 분의 비율이 높은 편이며, 용량 대비 가격에 대한 의견은 엇갈립니다.

## 배송 및 교환
평일 오후 2시 이전 결제 건은 당일 출고됩니다. 도서·산간 지역은 배송이 하루 이틀 더 걸릴 수 있습니다.
단순 변심에 의한 교환 및 반품은 수령일로부터 7일 이내에 가능하며 왕복 배송비가 부과됩니다.
개봉하였거나 사용한 흔적이 있는 상품은 교환 및 반품이 어렵습니다.
상품에 하자가 있는 경우에는 배송비 부담 없이 교환해 드립니다."
P181,"## 제품 소개
약산성 아미노산 트러블 아이크림은 트러블 고민을 겪는 분들을 위해 만들었습니다. 민감성을 기준으로 배합했고, 20ml 용량으로 담았습니다. 여러 차례의 사용성 평가를 거쳐 제형을 확정했습니다.

## 주요 성분
약산성 아미노산 계면활성제를 사용했습니다. 세정력은 유지하면서 씻고 난 뒤 당김을 줄이는 데 초점을 맞췄습니다.

전성분: 트로메타민, 부틸렌글라이콜, 판테놀, 에틸헥실글리세린, 1,2-헥산다이올, 잔탄검, 베타인, 정제수, 소듐하이알루로네이트, 카프릴릴글라이콜, 다이소듐이디티에이, 알란토인, 약산성 아미노산 추출물, 향료

## 사용법
기초 마지막 단계에 눈가에 사용합니다. 약지로 톡톡 두드려 흡수시켜 주세요. 눈에 직접 닿지 않도록 주의합니다.

## 주의사항
화장품 사용 시 또는 사용 후 직사광선에 의하여 사용 부위가 붉은 반점, 부어오름 또는 가려움증 등의 이상 증상이나 부작용이 있는 경우 전문의 등과 상담할 것.
상처가 있는 부위 등에는 사용을 자제할 것.
보관 및 취급 시의 주의사항 — 어린이의 손이 닿지 않는 곳에 보관할 것. 직사광선을 피해서 보관할 것.

## 사용성 평가
자체 진행한 사용성 평가 결과입니다. 시험 대상자 31명, 8주간 1일 2회 사용 조건입니다.

- 사용 직후 수분량 18% 증가 (기기 측정)
- 8주 후 피부 거칠기 17% 개선
- 사용자의 91%가 「다시 구매할 의향이 있다」고 응답
- 시험 기간 중 이상 반응을 보고한 대상자 없음

본 결과는 개인에 따라 다를 수 있으며 질병의 예방이나 치료를 위한 것이 아닙니다.

## 인증 및 시험
- 피부 자극 테스트 완료 (국내 임상시험 기관)
- 알레르기 유발 성분 21종 무첨가
- 동물 실험을 하지 않았습니다
- 환경을 생각한 재활용 가능 용기를 사용했습니다
- 화장품 책임판매업 등록 필증 보유

## 배송 및 교환
평일 오후 2시 이전 결제 건은 당일 출고됩니다. 도서·산간 지역은 배송이 하루 이틀 더 걸릴 수 있습니다.
단순 변심에 의한 교환 및 반품은 수령일로부터 7일 이내에 가능하며 왕복 배송비가 부과됩니다.
개봉하였거나 사용한 흔적이 있는 상품은 교환 및 반품이 어렵습니다.
상품에 하자가 있는 경우에는 배송비 부담 없이 교환해 드립니다."
P182,"## 제품 소개
미니멀스킨은 덜어내는 브랜드입니다. 성분 수를 줄이고 공정을 줄이고 포장을 줄였습니다. 남은 것은 꼭 필요한 것뿐입니다.

세라마이드 필링 미스트은 각질 고민을 겪는 분들을 위해 만들었습니다. 복합성을 기준으로 배합했고, 100ml 용량으로 담았습니다. 성분 하나를 넣고 빼는 데 오래 고민했습니다.

## 주요 성분
세라마이드는 원래 피부 각질층에 있는 지질 성분입니다. 나이가 들거나 건조한 환경에 오래 있으면 줄어드는데, 이 제품은 그 빈자리를 채우는 것을 목표로 배합했습니다.

전성분: 잔탄검, 다이소듐이디티에이, 부틸렌글라이콜, 에틸헥실글리세린, 알란토인, 판테놀, 글리세린, 정제수, 세라마이드 추출물, 향료

## 이런 분께 권합니다
복합성이신 분, 각질 때문에 오래 고민하신 분께 권합니다. 기초 단계를 줄이고 싶은 분께 적합합니다.

## 사용법
필요할 때마다 얼굴에서 20cm 정도 떨어뜨려 분사합니다. 메이크업 위에도 사용할 수 있습니다.

## 주의사항
화장품 사용 시 또는 사용 후 직사광선에 의하여 사용 부위가 붉은 반점, 부어오름 또는 가려움증 등의 이상 증상이나 부작용이 있는 경우 전문의 등과 상담할 것.
상처가 있는 부위 등에는 사용을 자제할 것.
보관 및 취급 시의 주의사항 — 어린이의 손이 닿지 않는 곳에 보관할 것. 직사광선을 피해서 보관할 것.

## 자주 묻는 질문
Q. 아침에도 쓸 수 있나요?
A. 네, 아침저녁 모두 사용하실 수 있습니다. 다만 아침에 사용하실 때는 자외선 차단제를 반드시 함께 발라 주세요.

Q. 임신 중에도 사용 가능한가요?
A. 제품 특성상 개인차가 있을 수 있으므로 임신 중이시라면 사용 전에 전문의와 상담하시기를 권해 드립니다.

## 배송 및 교환
평일 오후 2시 이전 결제 건은 당일 출고됩니다. 도서·산간 지역은 배송이 하루 이틀 더 걸릴 수 있습니다.
단순 변심에 의한 교환 및 반품은 수령일로부터 7일 이내에 가능하며 왕복 배송비가 부과됩니다.
개봉하였거나 사용한 흔적이 있는 상품은 교환 및 반품이 어렵습니다.
상품에 하자가 있는 경우에는 배송비 부담 없이 교환해 드립니다."
P183,"## 제품 소개
알로에 브라이트닝 에센스은 미백 고민을 겪는 분들을 위해 만들었습니다. 민감성을 기준으로 배합했고, 100ml 용량으로 담았습니다. 여러 차례의 사용성 평가를 거쳐 제형을 확정했습니다.

## 주요 성분
알로에 잎의 겔 부분만 골라 담았습니다. 수분을 오래 붙잡아두는 성질이 있어 여름철 진정용으로도 많이 찾으십니다.

전성분: 알란토인, 카프릴릴글라이콜, 잔탄검, 에틸헥실글리세린, 부틸렌글라이콜, 다이소듐이디티에이, 소듐하이알루로네이트, 베타인, 알로에 추출물, 향료

## 사용법
토너로 결을 정리한 뒤 사용합니다. 2~3회 펌핑해 얼굴 전체에 펴 바르고 가볍게 두드려 흡수시켜 주세요.

## 주의사항
화장품 사용 시 또는 사용 후 직사광선에 의하여 사용 부위가 붉은 반점, 부어오름 또는 가려움증 등의 이상 증상이나 부작용이 있는 경우 전문의 등과 상담할 것.
상처가 있는 부위 등에는 사용을 자제할 것.
보관 및 취급 시의 주의사항 — 어린이의 손이 닿지 않는 곳에 보관할 것. 직사광선을 피해서 보관할 것.

## 인증 및 시험
- 피부 자극 테스트 완료 (국내 임상시험 기관)
- 알레르기 유발 성분 24종 무첨가
- 동물 실험을 하지 않았습니다
- 환경을 생각한 재활용 가능 용기를 사용했습니다
- 화장품 책임판매업 등록 필증 보유

## 배송 및 교환
평일 오후 2시 이전 결제 건은 당일 출고됩니다. 도서·산간 지역은 배송이 하루 이틀 더 걸릴 수 있습니다.
단순 변심에 의한 교환 및 반품은 수령일로부터 7일 이내에 가능하며 왕복 배송비가 부과됩니다.
개봉하였거나 사용한 흔적이 있는 상품은 교환 및 반품이 어렵습니다.
상품에 하자가 있는 경우에는 배송비 부담 없이 교환해 드립니다."
P184,"## 제품 소개
미니멀스킨은 덜어내는 브랜드입니다. 성분 수를 줄이고 공정을 줄이고 포장을 줄였습니다. 남은 것은 꼭 필요한 것뿐입니다.

약산성 아미노산 포어 에센스은 모공 고민을 겪는 분들을 위해 만들었습니다. 복합성을 기준으로 배합했고, 80ml 용량으로 담았습니다. 여러 차례의 사용성 평가를 거쳐 제형을 확정했습니다.

## 주요 성분
약산성 아미노산 계면활성제를 사용했습니다. 세정력은 유지하면서 씻고 난 뒤 당김을 줄이는 데 초점을 맞췄습니다.

전성분: 카보머, 잔탄검, 다이소듐이디티에이, 베타인, 알란토인, 글리세린, 1,2-헥산다이올, 트로메타민, 약산성 아미노산 추출물, 향료

## 이런 분께 권합니다
복합성이신 분, 모공 때문에 오래 고민하신 분께 권합니다. 기초 단계를 줄이고 싶은 분께 적합합니다.

## 사용법
토너로 결을 정리한 뒤 사용합니다. 2~3회 펌핑해 얼굴 전체에 펴 바르고 가볍게 두드려 흡수시켜 주세요.

## 주의사항
화장품 사용 시 또는 사용 후 직사광선에 의하여 사용 부위가 붉은 반점, 부어오름 또는 가려움증 등의 이상 증상이나 부작용이 있는 경우 전문의 등과 상담할 것.
상처가 있는 부위 등에는 사용을 자제할 것.
보관 및 취급 시의 주의사항 — 어린이의 손이 닿지 않는 곳에 보관할 것. 직사광선을 피해서 보관할 것.

## 사용성 평가
자체 진행한 사용성 평가 결과입니다. 시험 대상자 30명, 8주간 1일 2회 사용 조건입니다.

- 사용 직후 수분량 34% 증가 (기기 측정)
- 8주 후 피부 거칠기 16% 개선
- 사용자의 81%가 「다시 구매할 의향이 있다」고 응답
- 시험 기간 중 이상 반응을 보고한 대상자 없음

본 결과는 개인에 따라 다를 수 있으며 질병의 예방이나 치료를 위한 것이 아닙니다.

## 인증 및 시험
- 피부 자극 테스트 완료 (국내 임상시험 기관)
- 알레르기 유발 성분 21종 무첨가
- 동물 실험을 하지 않았습니다
- 환경을 생각한 재활용 가능 용기를 사용했습니다
- 화장품 책임판매업 등록 필증 보유

## 자주 묻는 질문
Q. 남성이 써도 되나요?
A. 성별과 무관하게 사용하실 수 있습니다. 면도 직후에는 자극이 있을 수 있으니 시간을 두고 사용해 주세요.

Q. 샘플을 받아볼 수 있나요?
A. 고객센터로 문의해 주시면 재고 상황에 따라 안내해 드리고 있습니다.

Q. 임신 중에도 사용 가능한가요?
A. 제품 특성상 개인차가 있을 수 있으므로 임신 중이시라면 사용 전에 전문의와 상담하시기를 권해 드립니다.

Q. 피부가 따가운데 계속 써도 되나요?
A. 사용을 중단하시고 상태를 지켜봐 주세요. 증상이 이어지면 전문의와 상담하시기 바랍니다.

## 배송 및 교환
평일 오후 2시 이전 결제 건은 당일 출고됩니다. 도서·산간 지역은 배송이 하루 이틀 더 걸릴 수 있습니다.
단순 변심에 의한 교환 및 반품은 수령일로부터 7일 이내에 가능하며 왕복 배송비가 부과됩니다.
개봉하였거나 사용한 흔적이 있는 상품은 교환 및 반품이 어렵습니다.
상품에 하자가 있는 경우에는 배송비 부담 없이 교환해 드립니다."
P185,"## 제품 소개
물빛연구소는 물의 결을 닮은 제형을 연구합니다. 무겁게 덮는 대신 스미게 하는 것, 그 한 가지를 위해 십수 년간 배합비를 고쳐 왔습니다. 오늘도 실험실의 불은 늦게까지 켜져 있습니다.

알로에 트러블 미스트은 트러블 고민을 겪는 분들을 위해 만들었습니다. 민감성을 기준으로 배합했고, 100ml 용량으로 담았습니다. 출시 전 3개월간 자체 모니터링을 진행했습니다.

## 주요 성분
알로에 잎의 겔 부분만 골라 담았습니다. 수분을 오래 붙잡아두는 성질이 있어 여름철 진정용으로도 많이 찾으십니다.

전성분: 알란토인, 트로메타민, 판테놀, 카프릴릴글라이콜, 잔탄검, 부틸렌글라이콜, 베타인, 카보머, 1,2-헥산다이올, 정제수, 소듐하이알루로네이트, 알로에 추출물, 향료

## 이런 분께 권합니다
민감성이신 분, 트러블 때문에 오래 고민하신 분께 권합니다. 처음 쓰시는 분도 부담 없이 시작하실 수 있습니다.

## 사용법
필요할 때마다 얼굴에서 20cm 정도 떨어뜨려 분사합니다. 메이크업 위에도 사용할 수 있습니다.

## 주의사항
화장품 사용 시 또는 사용 후 직사광선에 의하여 사용 부위가 붉은 반점, 부어오름 또는 가려움증 등의 이상 증상이나 부작용이 있는 경우 전문의 등과 상담할 것.
상처가 있는 부위 등에는 사용을 자제할 것.
보관 및 취급 시의 주의사항 — 어린이의 손이 닿지 않는 곳에 보관할 것. 직사광선을 피해서 보관할 것.

## 사용성 평가
자체 진행한 사용성 평가 결과입니다. 시험 대상자 31명, 6주간 1일 2회 사용 조건입니다.

- 사용 직후 수분량 51% 증가 (기기 측정)
- 6주 후 피부 거칠기 22% 개선
- 사용자의 94%가 「다시 구매할 의향이 있다」고 응답
- 시험 기간 중 이상 반응을 보고한 대상자 없음

본 결과는 개인에 따라 다를 수 있으며 질병의 예방이나 치료를 위한 것이 아닙니다.

## 인증 및 시험
- 피부 자극 테스트 완료 (국내 임상시험 기관)
- 알레르기 유발 성분 20종 무첨가
- 동물 실험을 하지 않았습니다
- 환경을 생각한 재활용 가능 용기를 사용했습니다
- 화장품 책임판매업 등록 필증 보유

## 배송 및 교환
평일 오후 2시 이전 결제 건은 당일 출고됩니다. 도서·산간 지역은 배송이 하루 이틀 더 걸릴 수 있습니다.
단순 변심에 의한 교환 및 반품은 수령일로부터 7일 이내에 가능하며 왕복 배송비가 부과됩니다.
개봉하였거나 사용한 흔적이 있는 상품은 교환 및 반품이 어렵습니다.
상품에 하자가 있는 경우에는 배송비 부담 없이 교환해 드립니다."
P186,"## 제품 소개
라온셀은 2009년 작은 연구실에서 시작했습니다. 피부에 얹는 것은 적을수록 좋다는 생각으로 불필요한 성분을 덜어내는 일에 오래 매달려 왔습니다. 화려한 광고 대신 성분표로 이야기하겠습니다.

나이아신아마이드 트러블 로션은 트러블 고민을 겪는 분들을 위해 만들었습니다. 건성을 기준으로 배합했고, 150ml 용량으로 담았습니다. 출시 전 3개월간 자체 모니터링을 진행했습니다.

## 주요 성분
나이아신아마이드는 비타민B3 계열 성분으로, 칙칙해 보이는 기를 덜어내는 데 오래 쓰여 왔습니다. 함량을 2%로 잡아 부담을 낮췄습니다.

전성분: 트로메타민, 1,2-헥산다이올, 에틸헥실글리세린, 베타인, 잔탄검, 다이소듐이디티에이, 정제수, 알란토인, 판테놀, 부틸렌글라이콜, 글리세린, 나이아신아마이드 추출물, 향료

## 이런 분께 권합니다
건성이신 분, 트러블 때문에 오래 고민하신 분께 권합니다. 기초 단계를 줄이고 싶은 분께 적합합니다.

## 사용법
가벼운 마무리가 필요할 때 크림 대신 사용합니다. 아침에는 로션, 저녁에는 크림으로 나누어 쓰셔도 좋습니다.

## 주의사항
화장품 사용 시 또는 사용 후 직사광선에 의하여 사용 부위가 붉은 반점, 부어오름 또는 가려움증 등의 이상 증상이나 부작용이 있는 경우 전문의 등과 상담할 것.
상처가 있는 부위 등에는 사용을 자제할 것.
보관 및 취급 시의 주의사항 — 어린이의 손이 닿지 않는 곳에 보관할 것. 직사광선을 피해서 보관할 것.

## 사용성 평가
자체 진행한 사용성 평가 결과입니다. 시험 대상자 21명, 8주간 1일 2회 사용 조건입니다.

- 사용 직후 수분량 36% 증가 (기기 측정)
- 8주 후 피부 거칠기 14% 개선
- 사용자의 95%가 「다시 구매할 의향이 있다」고 응답
- 시험 기간 중 이상 반응을 보고한 대상자 없음

본 결과는 개인에 따라 다를 수 있으며 질병의 예방이나 치료를 위한 것이 아닙니다.

## 배송 및 교환
평일 오후 2시 이전 결제 건은 당일 출고됩니다. 도서·산간 지역은 배송이 하루 이틀 더 걸릴 수 있습니다.
단순 변심에 의한 교환 및 반품은 수령일로부터 7일 이내에 가능하며 왕복 배송비가 부과됩니다.
개봉하였거나 사용한 흔적이 있는 상품은 교환 및 반품이 어렵습니다.
상품에 하자가 있는 경우에는 배송비 부담 없이 교환해 드립니다."
P187,"## 제품 소개
라온셀은 2009년 작은 연구실에서 시작했습니다. 피부에 얹는 것은 적을수록 좋다는 생각으로 불필요한 성분을 덜어내는 일에 오래 매달려 왔습니다. 화려한 광고 대신 성분표로 이야기하겠습니다.

어성초 브라이트닝 앰플은 미백 고민을 겪는 분들을 위해 만들었습니다. 건성을 기준으로 배합했고, 50ml 용량으로 담았습니다. 출시 전 3개월간 자체 모니터링을 진행했습니다.

## 주요 성분
어성초는 예로부터 열감을 식히는 데 써온 식물입니다. 이 제품은 잎과 줄기를 저온에서 우려낸 추출물을 정제수 대신 사용했습니다.

전성분: 카프릴릴글라이콜, 부틸렌글라이콜, 알란토인, 에틸헥실글리세린, 다이소듐이디티에이, 트로메타민, 1,2-헥산다이올, 정제수, 카보머, 어성초 추출물, 향료

## 이런 분께 권합니다
건성이신 분, 미백 때문에 오래 고민하신 분께 권합니다. 처음 쓰시는 분도 부담 없이 시작하실 수 있습니다.

## 사용법
집중 관리가 필요할 때 세럼 대신 또는 세럼 다음에 사용합니다. 매일 써도 되지만 주 2~3회 집중 사용도 좋습니다.

## 주의사항
화장품 사용 시 또는 사용 후 직사광선에 의하여 사용 부위가 붉은 반점, 부어오름 또는 가려움증 등의 이상 증상이나 부작용이 있는 경우 전문의 등과 상담할 것.
상처가 있는 부위 등에는 사용을 자제할 것.
보관 및 취급 시의 주의사항 — 어린이의 손이 닿지 않는 곳에 보관할 것. 직사광선을 피해서 보관할 것.

## 사용성 평가
자체 진행한 사용성 평가 결과입니다. 시험 대상자 25명, 8주간 1일 2회 사용 조건입니다.

- 사용 직후 수분량 18% 증가 (기기 측정)
- 8주 후 피부 거칠기 17% 개선
- 사용자의 89%가 「다시 구매할 의향이 있다」고 응답
- 시험 기간 중 이상 반응을 보고한 대상자 없음

본 결과는 개인에 따라 다를 수 있으며 질병의 예방이나 치료를 위한 것이 아닙니다.

## 인증 및 시험
- 피부 자극 테스트 완료 (국내 임상시험 기관)
- 알레르기 유발 성분 26종 무첨가
- 동물 실험을 하지 않았습니다
- 환경을 생각한 재활용 가능 용기를 사용했습니다
- 화장품 책임판매업 등록 필증 보유

## 구매하신 분들의 이야기
구매하신 분들이 자주 남겨주신 이야기를 정리했습니다.

가장 많이 언급된 표현은 「자극이 없다」와 「가성비가 좋다」였습니다. 특히 장마철에 만족도가 높다는 의견이 많았고,
제형이 꾸덕한 편이라 이 점을 좋아하시는 분과 아쉬워하시는 분이 나뉘었습니다.
향에 대해서는 은은하다라는 점을 장점으로 꼽아 주신 분이 많았습니다.
재구매 의사를 밝혀 주신 분의 비율이 높은 편이며, 용량 대비 가격에 대한 의견은 엇갈립니다.

## 배송 및 교환
평일 오후 2시 이전 결제 건은 당일 출고됩니다. 도서·산간 지역은 배송이 하루 이틀 더 걸릴 수 있습니다.
단순 변심에 의한 교환 및 반품은 수령일로부터 7일 이내에 가능하며 왕복 배송비가 부과됩니다.
개봉하였거나 사용한 흔적이 있는 상품은 교환 및 반품이 어렵습니다.
상품에 하자가 있는 경우에는 배송비 부담 없이 교환해 드립니다."
P188,"## 제품 소개
순수담은 담백한 것을 만듭니다. 향을 넣지 않고 색을 입히지 않으며, 꼭 필요한 것만 담습니다. 처음 써보시는 분도 부담 없이 시작하실 수 있도록 설계했습니다.

히알루론산 포어 앰플은 모공 고민을 겪는 분들을 위해 만들었습니다. 건성을 기준으로 배합했고, 50ml 용량으로 담았습니다. 출시 전 3개월간 자체 모니터링을 진행했습니다.

## 주요 성분
히알루론산은 자기 무게의 수백 배에 달하는 수분을 끌어안는 성분입니다. 이 제품에는 분자 크기가 다른 세 종류를 함께 넣어 겉과 속에 나누어 자리 잡도록 했습니다.

전성분: 카보머, 트로메타민, 소듐하이알루로네이트, 잔탄검, 글리세린, 알란토인, 에틸헥실글리세린, 판테놀, 정제수, 베타인, 다이소듐이디티에이, 카프릴릴글라이콜, 히알루론산 추출물, 향료

## 이런 분께 권합니다
건성이신 분, 모공 때문에 오래 고민하신 분께 권합니다. 환절기마다 컨디션이 흔들리는 분께도 잘 맞습니다.

## 사용법
집중 관리가 필요할 때 세럼 대신 또는 세럼 다음에 사용합니다. 매일 써도 되지만 주 2~3회 집중 사용도 좋습니다.

## 주의사항
화장품 사용 시 또는 사용 후 직사광선에 의하여 사용 부위가 붉은 반점, 부어오름 또는 가려움증 등의 이상 증상이나 부작용이 있는 경우 전문의 등과 상담할 것.
상처가 있는 부위 등에는 사용을 자제할 것.
보관 및 취급 시의 주의사항 — 어린이의 손이 닿지 않는 곳에 보관할 것. 직사광선을 피해서 보관할 것.

## 사용성 평가
자체 진행한 사용성 평가 결과입니다. 시험 대상자 21명, 8주간 1일 2회 사용 조건입니다.

- 사용 직후 수분량 41% 증가 (기기 측정)
- 8주 후 피부 거칠기 25% 개선
- 사용자의 76%가 「다시 구매할 의향이 있다」고 응답
- 시험 기간 중 이상 반응을 보고한 대상자 없음

본 결과는 개인에 따라 다를 수 있으며 질병의 예방이나 치료를 위한 것이 아닙니다.

## 배송 및 교환
평일 오후 2시 이전 결제 건은 당일 출고됩니다. 도서·산간 지역은 배송이 하루 이틀 더 걸릴 수 있습니다.
단순 변심에 의한 교환 및 반품은 수령일로부터 7일 이내에 가능하며 왕복 배송비가 부과됩니다.
개봉하였거나 사용한 흔적이 있는 상품은 교환 및 반품이 어렵습니다.
상품에 하자가 있는 경우에는 배송비 부담 없이 교환해 드립니다."
P189,"## 제품 소개
비타민C 수분 로션은 수분 고민을 겪는 분들을 위해 만들었습니다. 건성을 기준으로 배합했고, 150ml 용량으로 담았습니다. 성분 하나를 넣고 빼는 데 오래 고민했습니다.

## 주요 성분
비타민C는 맑은 결을 만드는 데 널리 쓰이지만 공기와 빛에 약합니다. 이 제품은 안정화된 유도체를 사용했고 불투명 용기에 담았습니다.

전성분: 카보머, 부틸렌글라이콜, 카프릴릴글라이콜, 에틸헥실글리세린, 글리세린, 소듐하이알루로네이트, 비타민C 추출물, 향료

## 이런 분께 권합니다
건성이신 분, 수분 때문에 오래 고민하신 분께 권합니다. 기초 단계를 줄이고 싶은 분께 적합합니다.

## 사용법
가벼운 마무리가 필요할 때 크림 대신 사용합니다. 아침에는 로션, 저녁에는 크림으로 나누어 쓰셔도 좋습니다.

## 주의사항
고농도 비타민C 유도체가 함유되어 있습니다. 민감성 피부에는 따가움이 느껴질 수 있으므로 사용을 권하지 않습니다. 개봉 후에는 색이 변할 수 있으니 3개월 이내에 사용해 주세요.
화장품 사용 시 또는 사용 후 직사광선에 의하여 사용 부위가 붉은 반점, 부어오름 또는 가려움증 등의 이상 증상이나 부작용이 있는 경우 전문의 등과 상담할 것.
상처가 있는 부위 등에는 사용을 자제할 것.
보관 및 취급 시의 주의사항 — 어린이의 손이 닿지 않는 곳에 보관할 것. 직사광선을 피해서 보관할 것.

## 사용성 평가
자체 진행한 사용성 평가 결과입니다. 시험 대상자 25명, 8주간 1일 2회 사용 조건입니다.

- 사용 직후 수분량 35% 증가 (기기 측정)
- 8주 후 피부 거칠기 32% 개선
- 사용자의 78%가 「다시 구매할 의향이 있다」고 응답
- 시험 기간 중 이상 반응을 보고한 대상자 없음

본 결과는 개인에 따라 다를 수 있으며 질병의 예방이나 치료를 위한 것이 아닙니다.

## 인증 및 시험
- 피부 자극 테스트 완료 (국내 임상시험 기관)
- 알레르기 유발 성분 21종 무첨가
- 동물 실험을 하지 않았습니다
- 환경을 생각한 재활용 가능 용기를 사용했습니다
- 화장품 책임판매업 등록 필증 보유

## 구매하신 분들의 이야기
구매하신 분들이 자주 남겨주신 이야기를 정리했습니다.

가장 많이 언급된 표현은 「산뜻하다」와 「흡수가 빠르다」였습니다. 특히 장마철에 만족도가 높다는 의견이 많았고,
제형이 꾸덕한 편이라 이 점을 좋아하시는 분과 아쉬워하시는 분이 나뉘었습니다.
향에 대해서는 인공적이지 않다라는 점을 장점으로 꼽아 주신 분이 많았습니다.
재구매 의사를 밝혀 주신 분의 비율이 높은 편이며, 용량 대비 가격에 대한 의견은 엇갈립니다.

## 배송 및 교환
평일 오후 2시 이전 결제 건은 당일 출고됩니다. 도서·산간 지역은 배송이 하루 이틀 더 걸릴 수 있습니다.
단순 변심에 의한 교환 및 반품은 수령일로부터 7일 이내에 가능하며 왕복 배송비가 부과됩니다.
개봉하였거나 사용한 흔적이 있는 상품은 교환 및 반품이 어렵습니다.
상품에 하자가 있는 경우에는 배송비 부담 없이 교환해 드립니다."
P190,"## 제품 소개
피부일기는 매일의 기록에서 출발했습니다. 하루하루 달라지는 피부 상태를 오래 관찰하며, 계절과 컨디션에 따라 달리 쓸 수 있는 제품을 만들어 왔습니다.

어성초 수분 세럼은 수분 고민을 겪는 분들을 위해 만들었습니다. 복합성을 기준으로 배합했고, 50ml 용량으로 담았습니다. 성분 하나를 넣고 빼는 데 오래 고민했습니다.

## 주요 성분
어성초는 예로부터 열감을 식히는 데 써온 식물입니다. 이 제품은 잎과 줄기를 저온에서 우려낸 추출물을 정제수 대신 사용했습니다.

전성분: 카보머, 글리세린, 트로메타민, 다이소듐이디티에이, 부틸렌글라이콜, 판테놀, 소듐하이알루로네이트, 잔탄검, 에틸헥실글리세린, 카프릴릴글라이콜, 어성초 추출물, 향료

## 사용법
에센스 다음 단계에서 사용합니다. 건조한 부위에는 한 번 더 덧발라 주세요.

## 주의사항
화장품 사용 시 또는 사용 후 직사광선에 의하여 사용 부위가 붉은 반점, 부어오름 또는 가려움증 등의 이상 증상이나 부작용이 있는 경우 전문의 등과 상담할 것.
상처가 있는 부위 등에는 사용을 자제할 것.
보관 및 취급 시의 주의사항 — 어린이의 손이 닿지 않는 곳에 보관할 것. 직사광선을 피해서 보관할 것.

## 사용성 평가
자체 진행한 사용성 평가 결과입니다. 시험 대상자 30명, 6주간 1일 2회 사용 조건입니다.

- 사용 직후 수분량 60% 증가 (기기 측정)
- 6주 후 피부 거칠기 20% 개선
- 사용자의 80%가 「다시 구매할 의향이 있다」고 응답
- 시험 기간 중 이상 반응을 보고한 대상자 없음

본 결과는 개인에 따라 다를 수 있으며 질병의 예방이나 치료를 위한 것이 아닙니다.

## 인증 및 시험
- 피부 자극 테스트 완료 (국내 임상시험 기관)
- 알레르기 유발 성분 26종 무첨가
- 동물 실험을 하지 않았습니다
- 환경을 생각한 재활용 가능 용기를 사용했습니다
- 화장품 책임판매업 등록 필증 보유

## 구매하신 분들의 이야기
구매하신 분들이 자주 남겨주신 이야기를 정리했습니다.

가장 많이 언급된 표현은 「촉촉하다」와 「겉돌지 않는다」였습니다. 특히 장마철에 만족도가 높다는 의견이 많았고,
제형이 꾸덕한 편이라 이 점을 좋아하시는 분과 아쉬워하시는 분이 나뉘었습니다.
향에 대해서는 무향에 가깝다라는 점을 장점으로 꼽아 주신 분이 많았습니다.
재구매 의사를 밝혀 주신 분의 비율이 높은 편이며, 용량 대비 가격에 대한 의견은 엇갈립니다.

## 자주 묻는 질문
Q. 피부가 따가운데 계속 써도 되나요?
A. 사용을 중단하시고 상태를 지켜봐 주세요. 증상이 이어지면 전문의와 상담하시기 바랍니다.

Q. 아침에도 쓸 수 있나요?
A. 네, 아침저녁 모두 사용하실 수 있습니다. 다만 아침에 사용하실 때는 자외선 차단제를 반드시 함께 발라 주세요.

## 배송 및 교환
평일 오후 2시 이전 결제 건은 당일 출고됩니다. 도서·산간 지역은 배송이 하루 이틀 더 걸릴 수 있습니다.
단순 변심에 의한 교환 및 반품은 수령일로부터 7일 이내에 가능하며 왕복 배송비가 부과됩니다.
개봉하였거나 사용한 흔적이 있는 상품은 교환 및 반품이 어렵습니다.
상품에 하자가 있는 경우에는 배송비 부담 없이 교환해 드립니다."
P191,"## 제품 소개
쌀겨 브라이트닝 로션은 미백 고민을 겪는 분들을 위해 만들었습니다. 복합성을 기준으로 배합했고, 100ml 용량으로 담았습니다. 성분 하나를 넣고 빼는 데 오래 고민했습니다.

## 주요 성분
쌀겨 추출물과 미세 분말이 묵은 각질을 부드럽게 녹입니다. 알갱이로 문지르는 방식이 아니라 녹여내는 방식이라 마찰이 적습니다.

전성분: 글리세린, 카보머, 잔탄검, 부틸렌글라이콜, 베타인, 카프릴릴글라이콜, 정제수, 쌀겨 추출물, 향료

## 이런 분께 권합니다
복합성이신 분, 미백 때문에 오래 고민하신 분께 권합니다. 처음 쓰시는 분도 부담 없이 시작하실 수 있습니다.

## 사용법
가벼운 마무리가 필요할 때 크림 대신 사용합니다. 아침에는 로션, 저녁에는 크림으로 나누어 쓰셔도 좋습니다.

## 주의사항
각질 관리 성분이 함유되어 있습니다. 민감성 피부 및 상처가 있는 부위에는 사용하지 마세요. 사용 빈도는 주 2회를 넘기지 않는 것을 권합니다.
화장품 사용 시 또는 사용 후 직사광선에 의하여 사용 부위가 붉은 반점, 부어오름 또는 가려움증 등의 이상 증상이나 부작용이 있는 경우 전문의 등과 상담할 것.
상처가 있는 부위 등에는 사용을 자제할 것.
보관 및 취급 시의 주의사항 — 어린이의 손이 닿지 않는 곳에 보관할 것. 직사광선을 피해서 보관할 것.

## 인증 및 시험
- 피부 자극 테스트 완료 (국내 임상시험 기관)
- 알레르기 유발 성분 24종 무첨가
- 동물 실험을 하지 않았습니다
- 환경을 생각한 재활용 가능 용기를 사용했습니다
- 화장품 책임판매업 등록 필증 보유

## 배송 및 교환
평일 오후 2시 이전 결제 건은 당일 출고됩니다. 도서·산간 지역은 배송이 하루 이틀 더 걸릴 수 있습니다.
단순 변심에 의한 교환 및 반품은 수령일로부터 7일 이내에 가능하며 왕복 배송비가 부과됩니다.
개봉하였거나 사용한 흔적이 있는 상품은 교환 및 반품이 어렵습니다.
상품에 하자가 있는 경우에는 배송비 부담 없이 교환해 드립니다."
P192,"## 제품 소개
병풀 수분 크림은 수분 고민을 겪는 분들을 위해 만들었습니다. 복합성을 기준으로 배합했고, 80ml 용량으로 담았습니다. 여러 차례의 사용성 평가를 거쳐 제형을 확정했습니다.

## 주요 성분
병풀 추출물은 예민해진 피부를 진정시키는 데 쓰입니다. 마데카소사이드를 포함한 네 가지 지표 성분을 함께 담았습니다.

전성분: 트로메타민, 글리세린, 1,2-헥산다이올, 카보머, 부틸렌글라이콜, 잔탄검, 에틸헥실글리세린, 판테놀, 베타인, 다이소듐이디티에이, 알란토인, 정제수, 병풀 추출물, 향료

## 이런 분께 권합니다
복합성이신 분, 수분 때문에 오래 고민하신 분께 권합니다. 환절기마다 컨디션이 흔들리는 분께도 잘 맞습니다.

## 사용법
기초 단계의 마지막에 사용합니다. 적당량을 덜어 얼굴 안쪽에서 바깥쪽으로 펴 발라 주세요.

## 주의사항
화장품 사용 시 또는 사용 후 직사광선에 의하여 사용 부위가 붉은 반점, 부어오름 또는 가려움증 등의 이상 증상이나 부작용이 있는 경우 전문의 등과 상담할 것.
상처가 있는 부위 등에는 사용을 자제할 것.
보관 및 취급 시의 주의사항 — 어린이의 손이 닿지 않는 곳에 보관할 것. 직사광선을 피해서 보관할 것.

## 자주 묻는 질문
Q. 아침에도 쓸 수 있나요?
A. 네, 아침저녁 모두 사용하실 수 있습니다. 다만 아침에 사용하실 때는 자외선 차단제를 반드시 함께 발라 주세요.

Q. 유통기한이 어떻게 되나요?
A. 제조일로부터 30개월이며, 개봉 후에는 12개월 이내에 사용하시는 것을 권장합니다. 용기 하단에서 제조일자를 확인하실 수 있습니다.

Q. 남성이 써도 되나요?
A. 성별과 무관하게 사용하실 수 있습니다. 면도 직후에는 자극이 있을 수 있으니 시간을 두고 사용해 주세요.

Q. 다른 제품과 같이 써도 되나요?
A. 기초 단계 순서만 지켜 주시면 함께 사용하셔도 괜찮습니다. 묽은 것부터 되직한 것 순으로 발라 주세요.

Q. 샘플을 받아볼 수 있나요?
A. 고객센터로 문의해 주시면 재고 상황에 따라 안내해 드리고 있습니다.

Q. 피부가 따가운데 계속 써도 되나요?
A. 사용을 중단하시고 상태를 지켜봐 주세요. 증상이 이어지면 전문의와 상담하시기 바랍니다.

Q. 임신 중에도 사용 가능한가요?
A. 제품 특성상 개인차가 있을 수 있으므로 임신 중이시라면 사용 전에 전문의와 상담하시기를 권해 드립니다.

Q. 용기가 펌프인가요?
A. 위생과 산화를 고려해 펌프 형태로 제작했습니다. 마지막까지 쓰실 수 있도록 용기 안쪽을 비스듬히 설계했습니다.

## 배송 및 교환
평일 오후 2시 이전 결제 건은 당일 출고됩니다. 도서·산간 지역은 배송이 하루 이틀 더 걸릴 수 있습니다.
단순 변심에 의한 교환 및 반품은 수령일로부터 7일 이내에 가능하며 왕복 배송비가 부과됩니다.
개봉하였거나 사용한 흔적이 있는 상품은 교환 및 반품이 어렵습니다.
상품에 하자가 있는 경우에는 배송비 부담 없이 교환해 드립니다."
P193,"## 제품 소개
포레스트힐은 언덕 위 작은 농장에서 시작했습니다. 직접 기른 원료로 만들던 방식을 지금도 이어가고 있으며, 생산량이 적어 품절이 잦은 점 양해 부탁드립니다.

약산성 아미노산 필링 앰플은 각질 고민을 겪는 분들을 위해 만들었습니다. 건성을 기준으로 배합했고, 50ml 용량으로 담았습니다. 성분 하나를 넣고 빼는 데 오래 고민했습니다.

## 주요 성분
약산성 아미노산 계면활성제를 사용했습니다. 세정력은 유지하면서 씻고 난 뒤 당김을 줄이는 데 초점을 맞췄습니다.

전성분: 알란토인, 에틸헥실글리세린, 잔탄검, 베타인, 카보머, 글리세린, 트로메타민, 다이소듐이디티에이, 판테놀, 약산성 아미노산 추출물, 향료

## 사용법
집중 관리가 필요할 때 세럼 대신 또는 세럼 다음에 사용합니다. 매일 써도 되지만 주 2~3회 집중 사용도 좋습니다.

## 주의사항
화장품 사용 시 또는 사용 후 직사광선에 의하여 사용 부위가 붉은 반점, 부어오름 또는 가려움증 등의 이상 증상이나 부작용이 있는 경우 전문의 등과 상담할 것.
상처가 있는 부위 등에는 사용을 자제할 것.
보관 및 취급 시의 주의사항 — 어린이의 손이 닿지 않는 곳에 보관할 것. 직사광선을 피해서 보관할 것.

## 사용성 평가
자체 진행한 사용성 평가 결과입니다. 시험 대상자 25명, 6주간 1일 2회 사용 조건입니다.

- 사용 직후 수분량 20% 증가 (기기 측정)
- 6주 후 피부 거칠기 16% 개선
- 사용자의 82%가 「다시 구매할 의향이 있다」고 응답
- 시험 기간 중 이상 반응을 보고한 대상자 없음

본 결과는 개인에 따라 다를 수 있으며 질병의 예방이나 치료를 위한 것이 아닙니다.

## 인증 및 시험
- 피부 자극 테스트 완료 (국내 임상시험 기관)
- 알레르기 유발 성분 26종 무첨가
- 동물 실험을 하지 않았습니다
- 환경을 생각한 재활용 가능 용기를 사용했습니다
- 화장품 책임판매업 등록 필증 보유

## 구매하신 분들의 이야기
구매하신 분들이 자주 남겨주신 이야기를 정리했습니다.

가장 많이 언급된 표현은 「촉촉하다」와 「가성비가 좋다」였습니다. 특히 장마철에 만족도가 높다는 의견이 많았고,
제형이 물처럼 묽은 편이라 이 점을 좋아하시는 분과 아쉬워하시는 분이 나뉘었습니다.
향에 대해서는 은은하다라는 점을 장점으로 꼽아 주신 분이 많았습니다.
재구매 의사를 밝혀 주신 분의 비율이 높은 편이며, 용량 대비 가격에 대한 의견은 엇갈립니다.

## 자주 묻는 질문
Q. 용기가 펌프인가요?
A. 위생과 산화를 고려해 펌프 형태로 제작했습니다. 마지막까지 쓰실 수 있도록 용기 안쪽을 비스듬히 설계했습니다.

Q. 샘플을 받아볼 수 있나요?
A. 고객센터로 문의해 주시면 재고 상황에 따라 안내해 드리고 있습니다.

Q. 아침에도 쓸 수 있나요?
A. 네, 아침저녁 모두 사용하실 수 있습니다. 다만 아침에 사용하실 때는 자외선 차단제를 반드시 함께 발라 주세요.

Q. 피부가 따가운데 계속 써도 되나요?
A. 사용을 중단하시고 상태를 지켜봐 주세요. 증상이 이어지면 전문의와 상담하시기 바랍니다.

Q. 유통기한이 어떻게 되나요?
A. 제조일로부터 30개월이며, 개봉 후에는 12개월 이내에 사용하시는 것을 권장합니다. 용기 하단에서 제조일자를 확인하실 수 있습니다.

Q. 임신 중에도 사용 가능한가요?
A. 제품 특성상 개인차가 있을 수 있으므로 임신 중이시라면 사용 전에 전문의와 상담하시기를 권해 드립니다.

Q. 남성이 써도 되나요?
A. 성별과 무관하게 사용하실 수 있습니다. 면도 직후에는 자극이 있을 수 있으니 시간을 두고 사용해 주세요.

Q. 다른 제품과 같이 써도 되나요?
A. 기초 단계 순서만 지켜 주시면 함께 사용하셔도 괜찮습니다. 묽은 것부터 되직한 것 순으로 발라 주세요.

## 배송 및 교환
평일 오후 2시 이전 결제 건은 당일 출고됩니다. 도서·산간 지역은 배송이 하루 이틀 더 걸릴 수 있습니다.
단순 변심에 의한 교환 및 반품은 수령일로부터 7일 이내에 가능하며 왕복 배송비가 부과됩니다.
개봉하였거나 사용한 흔적이 있는 상품은 교환 및 반품이 어렵습니다.
상품에 하자가 있는 경우에는 배송비 부담 없이 교환해 드립니다."
P194,"## 제품 소개
모이스트랩은 수분에 집중합니다. 겉만 촉촉한 것과 속까지 채우는 것은 다르다는 것을 여러 실험으로 확인했고, 그 차이를 제형에 담았습니다.

녹차 필링 클렌징오일은 각질 고민을 겪는 분들을 위해 만들었습니다. 지성을 기준으로 배합했고, 200ml 용량으로 담았습니다. 여러 차례의 사용성 평가를 거쳐 제형을 확정했습니다.

## 주요 성분
녹차 추출물은 산뜻하게 정돈하는 느낌을 줍니다. 국내 재배 녹차를 첫물로 수확해 사용했습니다.

전성분: 정제수, 소듐하이알루로네이트, 부틸렌글라이콜, 에틸헥실글리세린, 다이소듐이디티에이, 1,2-헥산다이올, 베타인, 잔탄검, 판테놀, 글리세린, 카보머, 알란토인, 트로메타민, 녹차 추출물, 향료

## 이런 분께 권합니다
지성이신 분, 각질 때문에 오래 고민하신 분께 권합니다. 기초 단계를 줄이고 싶은 분께 적합합니다.

## 사용법
마른 손과 마른 얼굴에 사용합니다. 얼굴 전체에 펴 발라 메이크업을 녹인 뒤 미온수를 조금씩 더해 유화시키고 헹궈냅니다.

## 주의사항
화장품 사용 시 또는 사용 후 직사광선에 의하여 사용 부위가 붉은 반점, 부어오름 또는 가려움증 등의 이상 증상이나 부작용이 있는 경우 전문의 등과 상담할 것.
상처가 있는 부위 등에는 사용을 자제할 것.
보관 및 취급 시의 주의사항 — 어린이의 손이 닿지 않는 곳에 보관할 것. 직사광선을 피해서 보관할 것.

## 자주 묻는 질문
Q. 남성이 써도 되나요?
A. 성별과 무관하게 사용하실 수 있습니다. 면도 직후에는 자극이 있을 수 있으니 시간을 두고 사용해 주세요.

Q. 용기가 펌프인가요?
A. 위생과 산화를 고려해 펌프 형태로 제작했습니다. 마지막까지 쓰실 수 있도록 용기 안쪽을 비스듬히 설계했습니다.

## 배송 및 교환
평일 오후 2시 이전 결제 건은 당일 출고됩니다. 도서·산간 지역은 배송이 하루 이틀 더 걸릴 수 있습니다.
단순 변심에 의한 교환 및 반품은 수령일로부터 7일 이내에 가능하며 왕복 배송비가 부과됩니다.
개봉하였거나 사용한 흔적이 있는 상품은 교환 및 반품이 어렵습니다.
상품에 하자가 있는 경우에는 배송비 부담 없이 교환해 드립니다."
P195,"## 제품 소개
히알루론산 트러블 토너은 트러블 고민을 겪는 분들을 위해 만들었습니다. 복합성을 기준으로 배합했고, 150ml 용량으로 담았습니다. 출시 전 3개월간 자체 모니터링을 진행했습니다.

## 주요 성분
히알루론산은 자기 무게의 수백 배에 달하는 수분을 끌어안는 성분입니다. 이 제품에는 분자 크기가 다른 세 종류를 함께 넣어 겉과 속에 나누어 자리 잡도록 했습니다.

전성분: 트로메타민, 정제수, 소듐하이알루로네이트, 카프릴릴글라이콜, 에틸헥실글리세린, 글리세린, 카보머, 1,2-헥산다이올, 잔탄검, 부틸렌글라이콜, 판테놀, 다이소듐이디티에이, 히알루론산 추출물, 향료

## 이런 분께 권합니다
복합성이신 분, 트러블 때문에 오래 고민하신 분께 권합니다. 기초 단계를 줄이고 싶은 분께 적합합니다.

## 사용법
세안 후 가장 먼저 사용합니다. 화장솜에 적셔 결을 따라 부드럽게 닦아내거나, 손바닥에 덜어 얼굴 전체에 두드려 흡수시켜 주세요.

## 주의사항
화장품 사용 시 또는 사용 후 직사광선에 의하여 사용 부위가 붉은 반점, 부어오름 또는 가려움증 등의 이상 증상이나 부작용이 있는 경우 전문의 등과 상담할 것.
상처가 있는 부위 등에는 사용을 자제할 것.
보관 및 취급 시의 주의사항 — 어린이의 손이 닿지 않는 곳에 보관할 것. 직사광선을 피해서 보관할 것.

## 구매하신 분들의 이야기
구매하신 분들이 자주 남겨주신 이야기를 정리했습니다.

가장 많이 언급된 표현은 「순하다」와 「향이 은은하다」였습니다. 특히 봄가을 환절철에 만족도가 높다는 의견이 많았고,
제형이 젤 같은 편이라 이 점을 좋아하시는 분과 아쉬워하시는 분이 나뉘었습니다.
향에 대해서는 은은하다라는 점을 장점으로 꼽아 주신 분이 많았습니다.
재구매 의사를 밝혀 주신 분의 비율이 높은 편이며, 용량 대비 가격에 대한 의견은 엇갈립니다.

## 자주 묻는 질문
Q. 임신 중에도 사용 가능한가요?
A. 제품 특성상 개인차가 있을 수 있으므로 임신 중이시라면 사용 전에 전문의와 상담하시기를 권해 드립니다.

Q. 다른 제품과 같이 써도 되나요?
A. 기초 단계 순서만 지켜 주시면 함께 사용하셔도 괜찮습니다. 묽은 것부터 되직한 것 순으로 발라 주세요.

Q. 남성이 써도 되나요?
A. 성별과 무관하게 사용하실 수 있습니다. 면도 직후에는 자극이 있을 수 있으니 시간을 두고 사용해 주세요.

Q. 용기가 펌프인가요?
A. 위생과 산화를 고려해 펌프 형태로 제작했습니다. 마지막까지 쓰실 수 있도록 용기 안쪽을 비스듬히 설계했습니다.

Q. 유통기한이 어떻게 되나요?
A. 제조일로부터 30개월이며, 개봉 후에는 12개월 이내에 사용하시는 것을 권장합니다. 용기 하단에서 제조일자를 확인하실 수 있습니다.

Q. 피부가 따가운데 계속 써도 되나요?
A. 사용을 중단하시고 상태를 지켜봐 주세요. 증상이 이어지면 전문의와 상담하시기 바랍니다.

Q. 샘플을 받아볼 수 있나요?
A. 고객센터로 문의해 주시면 재고 상황에 따라 안내해 드리고 있습니다.

## 배송 및 교환
평일 오후 2시 이전 결제 건은 당일 출고됩니다. 도서·산간 지역은 배송이 하루 이틀 더 걸릴 수 있습니다.
단순 변심에 의한 교환 및 반품은 수령일로부터 7일 이내에 가능하며 왕복 배송비가 부과됩니다.
개봉하였거나 사용한 흔적이 있는 상품은 교환 및 반품이 어렵습니다.
상품에 하자가 있는 경우에는 배송비 부담 없이 교환해 드립니다."
P196,"## 제품 소개
바른결은 결을 다듬는 일을 합니다. 자극으로 밀어내는 대신 부드럽게 정돈하는 방식을 택했습니다. 시간이 걸리더라도 피부가 상하지 않는 쪽을 고릅니다.

쌀겨 수분 클렌징폼은 수분 고민을 겪는 분들을 위해 만들었습니다. 모든 피부을 기준으로 배합했고, 150ml 용량으로 담았습니다. 여러 차례의 사용성 평가를 거쳐 제형을 확정했습니다.

## 주요 성분
쌀겨 추출물과 미세 분말이 묵은 각질을 부드럽게 녹입니다. 알갱이로 문지르는 방식이 아니라 녹여내는 방식이라 마찰이 적습니다.

전성분: 카프릴릴글라이콜, 정제수, 부틸렌글라이콜, 알란토인, 다이소듐이디티에이, 판테놀, 소듐하이알루로네이트, 글리세린, 베타인, 에틸헥실글리세린, 카보머, 쌀겨 추출물, 향료

## 사용법
미온수로 얼굴을 적신 뒤 적당량을 손에 덜어 거품을 충분히 낸 다음 얼굴에 올려 부드럽게 굴리듯 세안합니다.

## 주의사항
각질 관리 성분이 함유되어 있습니다. 민감성 피부 및 상처가 있는 부위에는 사용하지 마세요. 사용 빈도는 주 2회를 넘기지 않는 것을 권합니다.
화장품 사용 시 또는 사용 후 직사광선에 의하여 사용 부위가 붉은 반점, 부어오름 또는 가려움증 등의 이상 증상이나 부작용이 있는 경우 전문의 등과 상담할 것.
상처가 있는 부위 등에는 사용을 자제할 것.
보관 및 취급 시의 주의사항 — 어린이의 손이 닿지 않는 곳에 보관할 것. 직사광선을 피해서 보관할 것.

## 사용성 평가
자체 진행한 사용성 평가 결과입니다. 시험 대상자 25명, 2주간 1일 2회 사용 조건입니다.

- 사용 직후 수분량 24% 증가 (기기 측정)
- 2주 후 피부 거칠기 28% 개선
- 사용자의 73%가 「다시 구매할 의향이 있다」고 응답
- 시험 기간 중 이상 반응을 보고한 대상자 없음

본 결과는 개인에 따라 다를 수 있으며 질병의 예방이나 치료를 위한 것이 아닙니다.

## 인증 및 시험
- 피부 자극 테스트 완료 (국내 임상시험 기관)
- 알레르기 유발 성분 20종 무첨가
- 동물 실험을 하지 않았습니다
- 환경을 생각한 재활용 가능 용기를 사용했습니다
- 화장품 책임판매업 등록 필증 보유

## 구매하신 분들의 이야기
구매하신 분들이 자주 남겨주신 이야기를 정리했습니다.

가장 많이 언급된 표현은 「촉촉하다」와 「흡수가 빠르다」였습니다. 특히 여름철에 만족도가 높다는 의견이 많았고,
제형이 가벼운 편이라 이 점을 좋아하시는 분과 아쉬워하시는 분이 나뉘었습니다.
향에 대해서는 무향에 가깝다라는 점을 장점으로 꼽아 주신 분이 많았습니다.
재구매 의사를 밝혀 주신 분의 비율이 높은 편이며, 용량 대비 가격에 대한 의견은 엇갈립니다.

## 배송 및 교환
평일 오후 2시 이전 결제 건은 당일 출고됩니다. 도서·산간 지역은 배송이 하루 이틀 더 걸릴 수 있습니다.
단순 변심에 의한 교환 및 반품은 수령일로부터 7일 이내에 가능하며 왕복 배송비가 부과됩니다.
개봉하였거나 사용한 흔적이 있는 상품은 교환 및 반품이 어렵습니다.
상품에 하자가 있는 경우에는 배송비 부담 없이 교환해 드립니다."
P197,"## 제품 소개
알로에 링클 크림은 주름 고민을 겪는 분들을 위해 만들었습니다. 모든 피부을 기준으로 배합했고, 50ml 용량으로 담았습니다. 출시 전 3개월간 자체 모니터링을 진행했습니다.

## 주요 성분
알로에 잎의 겔 부분만 골라 담았습니다. 수분을 오래 붙잡아두는 성질이 있어 여름철 진정용으로도 많이 찾으십니다.

전성분: 부틸렌글라이콜, 다이소듐이디티에이, 글리세린, 소듐하이알루로네이트, 잔탄검, 정제수, 알로에 추출물, 향료

## 이런 분께 권합니다
모든 피부이신 분, 주름 때문에 오래 고민하신 분께 권합니다. 기초 단계를 줄이고 싶은 분께 적합합니다.

## 사용법
기초 단계의 마지막에 사용합니다. 적당량을 덜어 얼굴 안쪽에서 바깥쪽으로 펴 발라 주세요.

## 주의사항
화장품 사용 시 또는 사용 후 직사광선에 의하여 사용 부위가 붉은 반점, 부어오름 또는 가려움증 등의 이상 증상이나 부작용이 있는 경우 전문의 등과 상담할 것.
상처가 있는 부위 등에는 사용을 자제할 것.
보관 및 취급 시의 주의사항 — 어린이의 손이 닿지 않는 곳에 보관할 것. 직사광선을 피해서 보관할 것.

## 사용성 평가
자체 진행한 사용성 평가 결과입니다. 시험 대상자 21명, 4주간 1일 2회 사용 조건입니다.

- 사용 직후 수분량 57% 증가 (기기 측정)
- 4주 후 피부 거칠기 33% 개선
- 사용자의 91%가 「다시 구매할 의향이 있다」고 응답
- 시험 기간 중 이상 반응을 보고한 대상자 없음

본 결과는 개인에 따라 다를 수 있으며 질병의 예방이나 치료를 위한 것이 아닙니다.

## 구매하신 분들의 이야기
구매하신 분들이 자주 남겨주신 이야기를 정리했습니다.

가장 많이 언급된 표현은 「자극이 없다」와 「향이 은은하다」였습니다. 특히 여름철에 만족도가 높다는 의견이 많았고,
제형이 꾸덕한 편이라 이 점을 좋아하시는 분과 아쉬워하시는 분이 나뉘었습니다.
향에 대해서는 인공적이지 않다라는 점을 장점으로 꼽아 주신 분이 많았습니다.
재구매 의사를 밝혀 주신 분의 비율이 높은 편이며, 용량 대비 가격에 대한 의견은 엇갈립니다.

## 배송 및 교환
평일 오후 2시 이전 결제 건은 당일 출고됩니다. 도서·산간 지역은 배송이 하루 이틀 더 걸릴 수 있습니다.
단순 변심에 의한 교환 및 반품은 수령일로부터 7일 이내에 가능하며 왕복 배송비가 부과됩니다.
개봉하였거나 사용한 흔적이 있는 상품은 교환 및 반품이 어렵습니다.
상품에 하자가 있는 경우에는 배송비 부담 없이 교환해 드립니다."
P198,"## 제품 소개
바른결은 결을 다듬는 일을 합니다. 자극으로 밀어내는 대신 부드럽게 정돈하는 방식을 택했습니다. 시간이 걸리더라도 피부가 상하지 않는 쪽을 고릅니다.

나이아신아마이드 수분 아이크림은 수분 고민을 겪는 분들을 위해 만들었습니다. 지성을 기준으로 배합했고, 30ml 용량으로 담았습니다. 출시 전 3개월간 자체 모니터링을 진행했습니다.

## 주요 성분
나이아신아마이드는 비타민B3 계열 성분으로, 칙칙해 보이는 기를 덜어내는 데 오래 쓰여 왔습니다. 함량을 2%로 잡아 부담을 낮췄습니다.

전성분: 1,2-헥산다이올, 판테놀, 글리세린, 정제수, 부틸렌글라이콜, 트로메타민, 베타인, 다이소듐이디티에이, 잔탄검, 에틸헥실글리세린, 카프릴릴글라이콜, 소듐하이알루로네이트, 카보머, 알란토인, 나이아신아마이드 추출물, 향료

## 이런 분께 권합니다
지성이신 분, 수분 때문에 오래 고민하신 분께 권합니다. 환절기마다 컨디션이 흔들리는 분께도 잘 맞습니다.

## 사용법
기초 마지막 단계에 눈가에 사용합니다. 약지로 톡톡 두드려 흡수시켜 주세요. 눈에 직접 닿지 않도록 주의합니다.

## 주의사항
화장품 사용 시 또는 사용 후 직사광선에 의하여 사용 부위가 붉은 반점, 부어오름 또는 가려움증 등의 이상 증상이나 부작용이 있는 경우 전문의 등과 상담할 것.
상처가 있는 부위 등에는 사용을 자제할 것.
보관 및 취급 시의 주의사항 — 어린이의 손이 닿지 않는 곳에 보관할 것. 직사광선을 피해서 보관할 것.

## 인증 및 시험
- 피부 자극 테스트 완료 (국내 임상시험 기관)
- 알레르기 유발 성분 20종 무첨가
- 동물 실험을 하지 않았습니다
- 환경을 생각한 재활용 가능 용기를 사용했습니다
- 화장품 책임판매업 등록 필증 보유

## 배송 및 교환
평일 오후 2시 이전 결제 건은 당일 출고됩니다. 도서·산간 지역은 배송이 하루 이틀 더 걸릴 수 있습니다.
단순 변심에 의한 교환 및 반품은 수령일로부터 7일 이내에 가능하며 왕복 배송비가 부과됩니다.
개봉하였거나 사용한 흔적이 있는 상품은 교환 및 반품이 어렵습니다.
상품에 하자가 있는 경우에는 배송비 부담 없이 교환해 드립니다."
P199,"## 제품 소개
약산성 아미노산 탄력 아이크림은 탄력 고민을 겪는 분들을 위해 만들었습니다. 모든 피부을 기준으로 배합했고, 20ml 용량으로 담았습니다. 출시 전 3개월간 자체 모니터링을 진행했습니다.

## 주요 성분
약산성 아미노산 계면활성제를 사용했습니다. 세정력은 유지하면서 씻고 난 뒤 당김을 줄이는 데 초점을 맞췄습니다.

전성분: 카프릴릴글라이콜, 1,2-헥산다이올, 알란토인, 판테놀, 카보머, 잔탄검, 글리세린, 소듐하이알루로네이트, 정제수, 다이소듐이디티에이, 베타인, 부틸렌글라이콜, 트로메타민, 약산성 아미노산 추출물, 향료

## 이런 분께 권합니다
모든 피부이신 분, 탄력 때문에 오래 고민하신 분께 권합니다. 처음 쓰시는 분도 부담 없이 시작하실 수 있습니다.

## 사용법
기초 마지막 단계에 눈가에 사용합니다. 약지로 톡톡 두드려 흡수시켜 주세요. 눈에 직접 닿지 않도록 주의합니다.

## 주의사항
화장품 사용 시 또는 사용 후 직사광선에 의하여 사용 부위가 붉은 반점, 부어오름 또는 가려움증 등의 이상 증상이나 부작용이 있는 경우 전문의 등과 상담할 것.
상처가 있는 부위 등에는 사용을 자제할 것.
보관 및 취급 시의 주의사항 — 어린이의 손이 닿지 않는 곳에 보관할 것. 직사광선을 피해서 보관할 것.

## 사용성 평가
자체 진행한 사용성 평가 결과입니다. 시험 대상자 22명, 6주간 1일 2회 사용 조건입니다.

- 사용 직후 수분량 40% 증가 (기기 측정)
- 6주 후 피부 거칠기 14% 개선
- 사용자의 85%가 「다시 구매할 의향이 있다」고 응답
- 시험 기간 중 이상 반응을 보고한 대상자 없음

본 결과는 개인에 따라 다를 수 있으며 질병의 예방이나 치료를 위한 것이 아닙니다.

## 인증 및 시험
- 피부 자극 테스트 완료 (국내 임상시험 기관)
- 알레르기 유발 성분 20종 무첨가
- 동물 실험을 하지 않았습니다
- 환경을 생각한 재활용 가능 용기를 사용했습니다
- 화장품 책임판매업 등록 필증 보유

## 자주 묻는 질문
Q. 샘플을 받아볼 수 있나요?
A. 고객센터로 문의해 주시면 재고 상황에 따라 안내해 드리고 있습니다.

Q. 다른 제품과 같이 써도 되나요?
A. 기초 단계 순서만 지켜 주시면 함께 사용하셔도 괜찮습니다. 묽은 것부터 되직한 것 순으로 발라 주세요.

## 배송 및 교환
평일 오후 2시 이전 결제 건은 당일 출고됩니다. 도서·산간 지역은 배송이 하루 이틀 더 걸릴 수 있습니다.
단순 변심에 의한 교환 및 반품은 수령일로부터 7일 이내에 가능하며 왕복 배송비가 부과됩니다.
개봉하였거나 사용한 흔적이 있는 상품은 교환 및 반품이 어렵습니다.
상품에 하자가 있는 경우에는 배송비 부담 없이 교환해 드립니다."
P200,"## 제품 소개
청담수는 맑은 물처럼 투명한 제품을 지향합니다. 무엇이 들어갔는지 숨기지 않고 전 성분을 함량 순으로 공개합니다. 신뢰는 정보에서 나온다고 봅니다.

나이아신아마이드 링클 세럼은 주름 고민을 겪는 분들을 위해 만들었습니다. 지성을 기준으로 배합했고, 30ml 용량으로 담았습니다. 여러 차례의 사용성 평가를 거쳐 제형을 확정했습니다.

## 주요 성분
나이아신아마이드는 비타민B3 계열 성분으로, 칙칙해 보이는 기를 덜어내는 데 오래 쓰여 왔습니다. 함량을 2%로 잡아 부담을 낮췄습니다.

전성분: 트로메타민, 부틸렌글라이콜, 소듐하이알루로네이트, 카프릴릴글라이콜, 다이소듐이디티에이, 1,2-헥산다이올, 판테놀, 잔탄검, 베타인, 글리세린, 카보머, 정제수, 알란토인, 에틸헥실글리세린, 나이아신아마이드 추출물, 향료

## 이런 분께 권합니다
지성이신 분, 주름 때문에 오래 고민하신 분께 권합니다. 처음 쓰시는 분도 부담 없이 시작하실 수 있습니다.

## 사용법
에센스 다음 단계에서 사용합니다. 건조한 부위에는 한 번 더 덧발라 주세요.

## 주의사항
화장품 사용 시 또는 사용 후 직사광선에 의하여 사용 부위가 붉은 반점, 부어오름 또는 가려움증 등의 이상 증상이나 부작용이 있는 경우 전문의 등과 상담할 것.
상처가 있는 부위 등에는 사용을 자제할 것.
보관 및 취급 시의 주의사항 — 어린이의 손이 닿지 않는 곳에 보관할 것. 직사광선을 피해서 보관할 것.

## 사용성 평가
자체 진행한 사용성 평가 결과입니다. 시험 대상자 22명, 8주간 1일 2회 사용 조건입니다.

- 사용 직후 수분량 24% 증가 (기기 측정)
- 8주 후 피부 거칠기 20% 개선
- 사용자의 87%가 「다시 구매할 의향이 있다」고 응답
- 시험 기간 중 이상 반응을 보고한 대상자 없음

본 결과는 개인에 따라 다를 수 있으며 질병의 예방이나 치료를 위한 것이 아닙니다.

## 인증 및 시험
- 피부 자극 테스트 완료 (국내 임상시험 기관)
- 알레르기 유발 성분 26종 무첨가
- 동물 실험을 하지 않았습니다
- 환경을 생각한 재활용 가능 용기를 사용했습니다
- 화장품 책임판매업 등록 필증 보유

## 구매하신 분들의 이야기
구매하신 분들이 자주 남겨주신 이야기를 정리했습니다.

가장 많이 언급된 표현은 「순하다」와 「흡수가 빠르다」였습니다. 특히 겨울철에 만족도가 높다는 의견이 많았고,
제형이 물처럼 묽은 편이라 이 점을 좋아하시는 분과 아쉬워하시는 분이 나뉘었습니다.
향에 대해서는 무향에 가깝다라는 점을 장점으로 꼽아 주신 분이 많았습니다.
재구매 의사를 밝혀 주신 분의 비율이 높은 편이며, 용량 대비 가격에 대한 의견은 엇갈립니다.

## 배송 및 교환
평일 오후 2시 이전 결제 건은 당일 출고됩니다. 도서·산간 지역은 배송이 하루 이틀 더 걸릴 수 있습니다.
단순 변심에 의한 교환 및 반품은 수령일로부터 7일 이내에 가능하며 왕복 배송비가 부과됩니다.
개봉하였거나 사용한 흔적이 있는 상품은 교환 및 반품이 어렵습니다.
상품에 하자가 있는 경우에는 배송비 부담 없이 교환해 드립니다."
