purchase_id,customer_id,product_id,purchased_at,quantity,rating,review,is_holdout
O0001,C001,P131,2025-12-26,1,3,기대가 컸나 봐요. 건성인데 자극 없이 잘 썼어요.,0
O0002,C001,P106,2026-07-09,1,4,고민하다 샀는데 잘 산 것 같아요. 겉돌던 게 없어졌다는 게 느껴져요.,1
O0003,C002,P095,2025-08-07,2,5,고민하다 샀는데 잘 산 것 같아요. 향이 세지 않아서 좋아요.,0
O0004,C002,P058,2025-10-29,1,5,친구가 좋다고 해서 샀는데 만족해요. 건성인데 자극 없이 잘 썼어요.,0
O0005,C002,P038,2026-01-19,2,5,친구가 좋다고 해서 샀는데 만족해요. 눈가가 덜 접힌다는 게 느껴져요.,1
O0006,C003,P196,2025-09-26,1,2,환불 고민 중입니다. 생각보다 끈적여서 아침엔 못 쓰겠어요.,0
O0007,C003,P040,2025-10-24,1,5,친구가 좋다고 해서 샀는데 만족해요. 겉돌던 게 없어졌다는 게 느껴져요.,0
O0008,C003,P058,2026-03-10,2,5,고민하다 샀는데 잘 산 것 같아요. 향이 세지 않아서 좋아요.,0
O0009,C003,P068,2026-05-30,1,5,샘플 써보고 본품 구매했어요. 탱탱한 느낌이 오래간다는 게 느껴져요.,1
O0010,C004,P179,2025-07-20,1,5,재구매입니다. 결이 정돈된 느낌이 든다는 게 느껴져요. 천안 사는 권보민입니다. 배송 빨랐어요.,0
O0011,C004,P166,2025-07-20,1,5,재구매입니다. 녹차 들어간 거 찾다가 샀는데 만족합니다. 샘플 문의는 bomin54@example.com 로 주세요.,0
O0012,C004,P184,2025-08-15,1,2,광고를 너무 믿었나 봐요. 중성이라 그런지 발랐더니 조금 따가웠어요.,0
O0013,C004,P133,2025-08-28,1,3,기대가 컸나 봐요. 중성인데 자극 없이 잘 썼어요. 천안 일산동 사는데 근처 매장에도 있더라고요.,0
O0014,C004,P045,2025-09-30,1,4,고민하다 샀는데 잘 산 것 같아요. 비타민C 들어간 거 찾다가 샀는데 만족합니다.,0
O0015,C004,P035,2026-01-02,1,4,고민하다 샀는데 잘 산 것 같아요. 촉촉하게 감싸는 제형이라 아침에 쓰기 좋아요. 저는 권보민인데 벌써 세 번째 재구매예요.,0
O0016,C004,P090,2026-01-05,1,3,가격 생각하면 이 정도는 하는 것 같아요. 중성인데 자극 없이 잘 썼어요. 궁금하신 분은 010-7600-2955으로 문자주세요.,0
O0017,C004,P071,2026-02-18,1,5,친구가 좋다고 해서 샀는데 만족해요. 가볍게 스미는 제형이라 아침에 쓰기 좋아요. 천안 사는 권보민입니다. 배송 빨랐어요.,1
O0018,C005,P032,2025-07-17,1,3,기대가 컸나 봐요. 산뜻한 제형이라 아침에 쓰기 좋아요. 재고 문의는 010 8202 9049 로 부탁드려요.,0
O0019,C005,P175,2025-09-21,1,2,광고를 너무 믿었나 봐요. 향이 저한테는 좀 강했어요.,0
O0020,C005,P139,2026-01-04,1,1,광고를 너무 믿었나 봐요. 중성이라 그런지 발랐더니 조금 따가웠어요. 재고 문의는 010 8202 9049 로 부탁드려요.,0
O0021,C005,P123,2026-07-02,1,5,"친구가 좋다고 해서 샀는데 만족해요. 녹차 들어간 거 찾다가 샀는데 만족합니다. 이은수이라고 하고요, 매장 직원분이 친절했어요.",0
O0022,C005,P141,2026-07-24,1,5,샘플 써보고 본품 구매했어요. 중성인데 자극 없이 잘 썼어요.,1
O0023,C006,P183,2025-07-10,1,2,다음엔 다른 거 살 것 같아요. 용량 대비 가격이 아쉬워요. 이다은님이 추천해줘서 샀어요.,0
O0024,C006,P048,2025-08-16,1,3,기대가 컸나 봐요. 눈가가 덜 접힌다는 게 느껴져요.,0
O0025,C006,P064,2025-09-28,2,4,재구매입니다. 중성인데 자극 없이 잘 썼어요. 광주 사는 이혜원입니다. 배송 빨랐어요.,0
O0026,C006,P144,2025-10-17,2,4,재구매입니다. 탱탱한 느낌이 오래간다는 게 느껴져요.,0
O0027,C006,P051,2025-11-02,1,5,재구매입니다. 향이 세지 않아서 좋아요.,0
O0028,C006,P197,2025-12-22,1,5,샘플 써보고 본품 구매했어요. 눈가가 덜 접힌다는 게 느껴져요.,0
O0029,C006,P141,2026-01-04,1,5,샘플 써보고 본품 구매했어요. 향이 세지 않아서 좋아요. 샘플 문의는 hyewon2@example.com 로 주세요.,0
O0030,C006,P061,2026-06-26,1,5,"재구매입니다. 산뜻한 제형이라 아침에 쓰기 좋아요. 이혜원이라고 하고요, 매장 직원분이 친절했어요.",1
O0031,C007,P157,2025-09-16,1,3,무난해요. 향이 세지 않아서 좋아요.,0
O0032,C007,P057,2025-11-29,1,4,두 통째 쓰는 중이에요. 향이 세지 않아서 좋아요.,0
O0033,C007,P149,2026-05-29,1,5,두 통째 쓰는 중이에요. 촉촉하게 감싸는 제형이라 아침에 쓰기 좋아요.,0
O0034,C007,P140,2026-06-07,1,4,고민하다 샀는데 잘 산 것 같아요. 히알루론산 들어간 거 찾다가 샀는데 만족합니다.,1
O0035,C008,P104,2025-11-06,3,5,두 통째 쓰는 중이에요. 콜라겐 들어간 거 찾다가 샀는데 만족합니다.,0
O0036,C008,P145,2025-12-19,1,4,재구매입니다. 민감성인데 자극 없이 잘 썼어요.,0
O0037,C008,P194,2026-03-26,1,5,친구가 좋다고 해서 샀는데 만족해요. 산뜻한 제형이라 아침에 쓰기 좋아요.,0
O0038,C008,P012,2026-04-09,1,5,재구매입니다. 민감성인데 자극 없이 잘 썼어요. 안준서 언니가 쓰는 거 보고 따라 샀습니다.,1
O0039,C009,P100,2026-01-31,1,4,친구가 좋다고 해서 샀는데 만족해요. 물처럼 묽은 제형이라 아침에 쓰기 좋아요.,0
O0040,C009,P170,2026-07-23,1,2,저랑은 안 맞았어요. 지성이라 그런지 발랐더니 조금 따가웠어요.,1
O0041,C010,P082,2025-08-15,1,5,재구매입니다. 녹차 들어간 거 찾다가 샀는데 만족합니다.,0
O0042,C010,P100,2025-09-22,3,1,광고를 너무 믿었나 봐요. 용량 대비 가격이 아쉬워요.,0
O0043,C010,P118,2025-11-25,1,2,환불 고민 중입니다. 얼굴이 한 톤 밝아 보인다는 잘 모르겠어요.,0
O0044,C010,P194,2025-12-21,1,5,재구매입니다. 녹차 들어간 거 찾다가 샀는데 만족합니다. 정태윤님이 추천해줘서 샀어요.,0
O0045,C010,P089,2026-04-28,3,4,샘플 써보고 본품 구매했어요. 중성인데 자극 없이 잘 썼어요. 궁금하신 분은 010-9367-6259으로 문자주세요.,0
O0046,C010,P123,2026-06-27,1,5,재구매입니다. 향이 세지 않아서 좋아요. 안지은 언니가 쓰는 거 보고 따라 샀습니다.,1
O0047,C011,P095,2025-09-29,1,2,다음엔 다른 거 살 것 같아요. 용량 대비 가격이 아쉬워요.,0
O0048,C011,P149,2025-11-30,3,3,기대가 컸나 봐요. 향이 세지 않아서 좋아요. 재고 문의는 010 9338 5764 로 부탁드려요.,0
O0049,C011,P009,2026-04-26,1,5,친구가 좋다고 해서 샀는데 만족해요. 향이 세지 않아서 좋아요.,1
O0050,C012,P191,2025-08-14,1,5,친구가 좋다고 해서 샀는데 만족해요. 산뜻한 제형이라 아침에 쓰기 좋아요.,0
O0051,C012,P001,2025-10-08,1,5,재구매입니다. 비타민C 들어간 거 찾다가 샀는데 만족합니다.,0
O0052,C012,P058,2026-01-11,1,5,두 통째 쓰는 중이에요. 눈가가 덜 접힌다는 게 느껴져요.,0
O0053,C012,P085,2026-05-21,1,3,나쁘진 않은데 특별하진 않네요. 레티놀 들어간 거 찾다가 샀는데 만족합니다. 수원 불당동 사는데 근처 매장에도 있더라고요.,0
O0054,C012,P096,2026-06-23,1,4,친구가 좋다고 해서 샀는데 만족해요. 레티놀 들어간 거 찾다가 샀는데 만족합니다.,0
O0055,C012,P149,2026-07-15,2,5,고민하다 샀는데 잘 산 것 같아요. 탱탱한 느낌이 오래간다는 게 느껴져요. 궁금하신 분은 010-2982-1557으로 문자주세요.,1
O0056,C013,P004,2025-09-25,3,2,다음엔 다른 거 살 것 같아요. 탱탱한 느낌이 오래간다는 잘 모르겠어요.,0
O0057,C013,P136,2025-11-06,1,4,친구가 좋다고 해서 샀는데 만족해요. 향이 세지 않아서 좋아요.,0
O0058,C013,P144,2025-12-09,1,4,샘플 써보고 본품 구매했어요. 산뜻한 제형이라 아침에 쓰기 좋아요.,0
O0059,C013,P165,2025-12-12,1,1,광고를 너무 믿었나 봐요. 건성이라 그런지 발랐더니 조금 따가웠어요.,0
O0060,C013,P081,2026-03-22,1,4,고민하다 샀는데 잘 산 것 같아요. 건성인데 자극 없이 잘 썼어요.,0
O0061,C013,P119,2026-05-23,1,5,"재구매입니다. 콜라겐 들어간 거 찾다가 샀는데 만족합니다. 신지아이라고 하고요, 매장 직원분이 친절했어요.",0
O0062,C013,P067,2026-06-10,1,5,고민하다 샀는데 잘 산 것 같아요. 물처럼 묽은 제형이라 아침에 쓰기 좋아요.,0
O0063,C013,P132,2026-07-19,1,4,고민하다 샀는데 잘 산 것 같아요. 콜라겐 들어간 거 찾다가 샀는데 만족합니다.,1
O0064,C014,P142,2025-08-09,1,2,광고를 너무 믿었나 봐요. 용량 대비 가격이 아쉬워요. 재고 문의는 010 2241 3537 로 부탁드려요.,0
O0065,C014,P168,2025-09-12,1,5,샘플 써보고 본품 구매했어요. 복합성인데 자극 없이 잘 썼어요.,0
O0066,C014,P187,2025-10-21,1,4,재구매입니다. 복합성인데 자극 없이 잘 썼어요. 카톡 아이디 dohyun65 입니다.,0
O0067,C014,P055,2025-10-31,1,5,친구가 좋다고 해서 샀는데 만족해요. 복합성인데 자극 없이 잘 썼어요.,0
O0068,C014,P039,2026-07-08,1,5,고민하다 샀는데 잘 산 것 같아요. 눈가가 덜 접힌다는 게 느껴져요.,1
O0069,C015,P181,2025-08-09,1,3,무난해요. 꾸덕한 제형이라 아침에 쓰기 좋아요.,0
O0070,C015,P171,2025-12-06,1,1,저랑은 안 맞았어요. 민감성이라 그런지 발랐더니 조금 따가웠어요.,0
O0071,C015,P066,2026-03-15,1,4,두 통째 쓰는 중이에요. 약산성 아미노산 들어간 거 찾다가 샀는데 만족합니다.,1
O0072,C016,P099,2025-08-19,2,5,샘플 써보고 본품 구매했어요. 향이 세지 않아서 좋아요. 고양 사는 임유진입니다. 배송 빨랐어요.,0
O0073,C016,P062,2025-10-03,1,3,기대가 컸나 봐요. 산뜻한 제형이라 아침에 쓰기 좋아요.,0
O0074,C016,P194,2025-10-15,1,5,두 통째 쓰는 중이에요. 겉돌던 게 없어졌다는 게 느껴져요.,1
O0075,C017,P078,2025-10-06,1,1,광고를 너무 믿었나 봐요. 얼굴이 한 톤 밝아 보인다는 잘 모르겠어요.,0
O0076,C017,P158,2026-01-03,1,4,샘플 써보고 본품 구매했어요. 얼굴이 한 톤 밝아 보인다는 게 느껴져요.,0
O0077,C017,P176,2026-01-27,1,4,친구가 좋다고 해서 샀는데 만족해요. 중성인데 자극 없이 잘 썼어요.,0
O0078,C017,P121,2026-02-24,1,4,고민하다 샀는데 잘 산 것 같아요. 속건조가 덜하다는 게 느껴져요.,0
O0079,C017,P194,2026-04-11,1,5,샘플 써보고 본품 구매했어요. 중성인데 자극 없이 잘 썼어요.,0
O0080,C017,P149,2026-05-28,1,5,친구가 좋다고 해서 샀는데 만족해요. 쌀겨 들어간 거 찾다가 샀는데 만족합니다. 청주 사는 안상우입니다. 배송 빨랐어요.,0
O0081,C017,P072,2026-05-31,1,3,가격 생각하면 이 정도는 하는 것 같아요. 향이 세지 않아서 좋아요.,0
O0082,C017,P073,2026-07-04,1,2,저랑은 안 맞았어요. 중성이라 그런지 발랐더니 조금 따가웠어요.,1
O0083,C018,P155,2025-08-16,1,5,샘플 써보고 본품 구매했어요. 붉은 기가 빨리 가라앉는다는 게 느껴져요. 샘플 문의는 soyul71@example.com 로 주세요.,0
O0084,C018,P016,2025-08-24,1,4,두 통째 쓰는 중이에요. 젤 같은 제형이라 아침에 쓰기 좋아요.,0
O0085,C018,P110,2026-04-15,1,4,두 통째 쓰는 중이에요. 물처럼 묽은 제형이라 아침에 쓰기 좋아요.,0
O0086,C018,P068,2026-05-25,1,5,두 통째 쓰는 중이에요. 민감성인데 자극 없이 잘 썼어요.,0
O0087,C018,P183,2026-06-29,1,1,광고를 너무 믿었나 봐요. 얼굴이 한 톤 밝아 보인다는 잘 모르겠어요.,1
O0088,C019,P019,2025-09-27,1,5,고민하다 샀는데 잘 산 것 같아요. 결이 정돈된 느낌이 든다는 게 느껴져요.,0
O0089,C019,P124,2026-02-28,1,5,고민하다 샀는데 잘 산 것 같아요. 꾸덕한 제형이라 아침에 쓰기 좋아요.,1
O0090,C020,P140,2025-11-30,1,4,재구매입니다. 가볍게 스미는 제형이라 아침에 쓰기 좋아요.,0
O0091,C020,P033,2026-01-06,1,3,"가격 생각하면 이 정도는 하는 것 같아요. 향이 세지 않아서 좋아요. 김보민이라고 하고요, 매장 직원분이 친절했어요.",0
O0092,C020,P074,2026-03-01,1,5,친구가 좋다고 해서 샀는데 만족해요. 레티놀 들어간 거 찾다가 샀는데 만족합니다.,0
O0093,C020,P107,2026-07-18,1,4,고민하다 샀는데 잘 산 것 같아요. 건성인데 자극 없이 잘 썼어요.,1
O0094,C021,P008,2025-07-19,1,3,가격 생각하면 이 정도는 하는 것 같아요. 나이아신아마이드 들어간 거 찾다가 샀는데 만족합니다. 서울 사는 박혜원입니다. 배송 빨랐어요.,0
O0095,C021,P157,2025-10-26,2,4,두 통째 쓰는 중이에요. 병풀 들어간 거 찾다가 샀는데 만족합니다.,0
O0096,C021,P141,2026-02-19,1,3,무난해요. 향이 세지 않아서 좋아요.,0
O0097,C021,P021,2026-06-30,1,5,두 통째 쓰는 중이에요. 민감성인데 자극 없이 잘 썼어요. 카톡 아이디 hyunwoo47 입니다.,1
O0098,C022,P099,2025-11-06,2,5,고민하다 샀는데 잘 산 것 같아요. 중성인데 자극 없이 잘 썼어요. 궁금하신 분은 010-5537-2579으로 문자주세요.,0
O0099,C022,P048,2025-12-23,1,5,두 통째 쓰는 중이에요. 향이 세지 않아서 좋아요.,0
O0100,C022,P101,2026-05-28,1,5,샘플 써보고 본품 구매했어요. 향이 세지 않아서 좋아요. 수원 행신동 사는데 근처 매장에도 있더라고요.,0
O0101,C022,P139,2026-06-11,1,1,다음엔 다른 거 살 것 같아요. 생각보다 끈적여서 아침엔 못 쓰겠어요.,1
O0102,C023,P103,2025-09-01,1,5,두 통째 쓰는 중이에요. 건성인데 자극 없이 잘 썼어요. 재고 문의는 010 8394 6548 로 부탁드려요.,0
O0103,C023,P061,2025-11-09,1,5,친구가 좋다고 해서 샀는데 만족해요. 향이 세지 않아서 좋아요.,0
O0104,C023,P068,2026-01-19,1,2,저랑은 안 맞았어요. 용량 대비 가격이 아쉬워요.,0
O0105,C023,P087,2026-04-03,1,3,나쁘진 않은데 특별하진 않네요. 병풀 들어간 거 찾다가 샀는데 만족합니다. 강우진 언니가 쓰는 거 보고 따라 샀습니다.,0
O0106,C023,P074,2026-05-30,1,5,두 통째 쓰는 중이에요. 꾸덕한 제형이라 아침에 쓰기 좋아요.,0
O0107,C023,P040,2026-07-06,1,5,친구가 좋다고 해서 샀는데 만족해요. 촉촉하게 감싸는 제형이라 아침에 쓰기 좋아요. 부산 상무지구 사는데 근처 매장에도 있더라고요.,1
O0108,C024,P184,2025-07-28,1,4,고민하다 샀는데 잘 산 것 같아요. 약산성 아미노산 들어간 거 찾다가 샀는데 만족합니다.,0
O0109,C024,P171,2025-08-19,1,5,고민하다 샀는데 잘 산 것 같아요. 건성인데 자극 없이 잘 썼어요. 저는 박소율인데 벌써 세 번째 재구매예요.,0
O0110,C024,P173,2025-12-31,2,1,저랑은 안 맞았어요. 향이 저한테는 좀 강했어요.,0
O0111,C024,P155,2026-01-01,1,5,친구가 좋다고 해서 샀는데 만족해요. 건성인데 자극 없이 잘 썼어요.,0
O0112,C024,P084,2026-03-16,1,5,재구매입니다. 속건조가 덜하다는 게 느껴져요.,0
O0113,C024,P143,2026-03-28,1,5,고민하다 샀는데 잘 산 것 같아요. 프로폴리스 들어간 거 찾다가 샀는데 만족합니다.,0
O0114,C024,P133,2026-07-23,1,4,두 통째 쓰는 중이에요. 얼굴이 한 톤 밝아 보인다는 게 느껴져요. 성남 수지구 사는데 근처 매장에도 있더라고요.,0
O0115,C024,P156,2026-07-23,1,5,재구매입니다. 약산성 아미노산 들어간 거 찾다가 샀는데 만족합니다. 성남 수지구 사는데 근처 매장에도 있더라고요.,1
O0116,C025,P012,2025-09-08,1,3,무난해요. 비타민C 들어간 거 찾다가 샀는데 만족합니다. 서도현 언니가 쓰는 거 보고 따라 샀습니다.,0
O0117,C025,P060,2026-04-04,1,4,샘플 써보고 본품 구매했어요. 붉은 기가 빨리 가라앉는다는 게 느껴져요.,0
O0118,C025,P058,2026-08-01,1,4,두 통째 쓰는 중이에요. 눈가가 덜 접힌다는 게 느껴져요. 카톡 아이디 hyunwoo88 입니다.,1
O0119,C026,P032,2025-07-12,2,3,기대가 컸나 봐요. 지성인데 자극 없이 잘 썼어요.,0
O0120,C026,P143,2025-08-13,1,2,광고를 너무 믿었나 봐요. 향이 저한테는 좀 강했어요. 공구 원하시면 01049078214 연락주세요.,0
O0121,C026,P023,2026-01-08,1,5,두 통째 쓰는 중이에요. 젤 같은 제형이라 아침에 쓰기 좋아요. 황유진님이 추천해줘서 샀어요.,0
O0122,C026,P096,2026-01-23,1,3,나쁘진 않은데 특별하진 않네요. 지성인데 자극 없이 잘 썼어요.,0
O0123,C026,P102,2026-03-22,2,3,나쁘진 않은데 특별하진 않네요. 향이 세지 않아서 좋아요. 재고 문의는 010 4907 8214 로 부탁드려요.,0
O0124,C026,P008,2026-07-06,1,4,두 통째 쓰는 중이에요. 지성인데 자극 없이 잘 썼어요.,1
O0125,C027,P118,2025-07-07,1,4,"친구가 좋다고 해서 샀는데 만족해요. 향이 세지 않아서 좋아요. 송나은이라고 하고요, 매장 직원분이 친절했어요.",0
O0126,C027,P152,2025-10-14,1,5,샘플 써보고 본품 구매했어요. 건성인데 자극 없이 잘 썼어요.,0
O0127,C027,P074,2025-10-21,1,4,친구가 좋다고 해서 샀는데 만족해요. 올라오던 게 덜하다는 게 느껴져요. 궁금하신 분은 010-4330-3042으로 문자주세요.,0
O0128,C027,P089,2026-01-18,1,4,친구가 좋다고 해서 샀는데 만족해요. 눈가가 덜 접힌다는 게 느껴져요.,0
O0129,C027,P082,2026-02-01,1,5,친구가 좋다고 해서 샀는데 만족해요. 녹차 들어간 거 찾다가 샀는데 만족합니다.,0
O0130,C027,P121,2026-02-25,1,4,재구매입니다. 녹차 들어간 거 찾다가 샀는데 만족합니다.,0
O0131,C027,P122,2026-04-28,1,5,재구매입니다. 건성인데 자극 없이 잘 썼어요.,0
O0132,C027,P093,2026-06-26,1,3,기대가 컸나 봐요. 콜라겐 들어간 거 찾다가 샀는데 만족합니다. 카톡 아이디 sunghyun43 입니다.,1
O0133,C028,P031,2025-07-08,1,4,두 통째 쓰는 중이에요. 가볍게 스미는 제형이라 아침에 쓰기 좋아요.,0
O0134,C028,P179,2025-09-01,1,3,무난해요. 향이 세지 않아서 좋아요.,0
O0135,C028,P042,2025-10-23,1,2,저랑은 안 맞았어요. 속건조가 덜하다는 잘 모르겠어요. 최지은님이 추천해줘서 샀어요.,0
O0136,C028,P071,2025-11-26,2,5,친구가 좋다고 해서 샀는데 만족해요. 향이 세지 않아서 좋아요.,0
O0137,C028,P171,2025-12-18,1,3,무난해요. 복합성인데 자극 없이 잘 썼어요.,0
O0138,C028,P133,2026-01-27,1,5,고민하다 샀는데 잘 산 것 같아요. 복합성인데 자극 없이 잘 썼어요. 카톡 아이디 seoyeon43 입니다.,0
O0139,C028,P190,2026-04-22,1,3,기대가 컸나 봐요. 촉촉하게 감싸는 제형이라 아침에 쓰기 좋아요. 황혜원 언니가 쓰는 거 보고 따라 샀습니다.,1
O0140,C029,P126,2025-11-18,1,4,두 통째 쓰는 중이에요. 꾸덕한 제형이라 아침에 쓰기 좋아요.,0
O0141,C029,P083,2025-12-20,1,2,환불 고민 중입니다. 탱탱한 느낌이 오래간다는 잘 모르겠어요.,0
O0142,C029,P139,2026-06-20,1,4,두 통째 쓰는 중이에요. 민감성인데 자극 없이 잘 썼어요.,1
O0143,C030,P012,2025-07-12,1,5,고민하다 샀는데 잘 산 것 같아요. 복합성인데 자극 없이 잘 썼어요.,0
O0144,C030,P199,2025-07-28,1,3,가격 생각하면 이 정도는 하는 것 같아요. 향이 세지 않아서 좋아요. 대구 불당동 사는데 근처 매장에도 있더라고요.,0
O0145,C030,P155,2025-08-18,1,5,재구매입니다. 세라마이드 들어간 거 찾다가 샀는데 만족합니다.,0
O0146,C030,P145,2025-09-22,1,4,친구가 좋다고 해서 샀는데 만족해요. 비타민C 들어간 거 찾다가 샀는데 만족합니다.,0
O0147,C030,P085,2026-01-14,2,4,친구가 좋다고 해서 샀는데 만족해요. 레티놀 들어간 거 찾다가 샀는데 만족합니다.,0
O0148,C030,P114,2026-02-10,1,4,고민하다 샀는데 잘 산 것 같아요. 향이 세지 않아서 좋아요.,1
O0149,C031,P162,2025-08-20,1,2,다음엔 다른 거 살 것 같아요. 향이 저한테는 좀 강했어요.,0
O0150,C031,P058,2025-11-04,1,5,고민하다 샀는데 잘 산 것 같아요. 눈가가 덜 접힌다는 게 느껴져요.,0
O0151,C031,P137,2026-01-17,1,5,재구매입니다. 지성인데 자극 없이 잘 썼어요.,0
O0152,C031,P080,2026-01-24,1,4,친구가 좋다고 해서 샀는데 만족해요. 가볍게 스미는 제형이라 아침에 쓰기 좋아요.,0
O0153,C031,P024,2026-04-22,1,3,무난해요. 지성인데 자극 없이 잘 썼어요.,0
O0154,C031,P118,2026-05-02,1,4,샘플 써보고 본품 구매했어요. 얼굴이 한 톤 밝아 보인다는 게 느껴져요.,0
O0155,C031,P028,2026-05-19,1,5,고민하다 샀는데 잘 산 것 같아요. 속건조가 덜하다는 게 느껴져요.,0
O0156,C031,P012,2026-08-01,1,5,고민하다 샀는데 잘 산 것 같아요. 비타민C 들어간 거 찾다가 샀는데 만족합니다.,1
O0157,C032,P096,2025-10-08,1,5,샘플 써보고 본품 구매했어요. 얼굴이 한 톤 밝아 보인다는 게 느껴져요. 카톡 아이디 yeji35 입니다.,0
O0158,C032,P134,2025-10-28,1,3,가격 생각하면 이 정도는 하는 것 같아요. 히알루론산 들어간 거 찾다가 샀는데 만족합니다.,0
O0159,C032,P194,2025-12-16,1,4,샘플 써보고 본품 구매했어요. 촉촉하게 감싸는 제형이라 아침에 쓰기 좋아요.,0
O0160,C032,P099,2026-06-20,1,5,"친구가 좋다고 해서 샀는데 만족해요. 지성인데 자극 없이 잘 썼어요. 강지은이라고 하고요, 매장 직원분이 친절했어요.",1
O0161,C033,P144,2025-08-04,1,5,친구가 좋다고 해서 샀는데 만족해요. 향이 세지 않아서 좋아요.,0
O0162,C033,P076,2025-10-20,1,5,두 통째 쓰는 중이에요. 민감성인데 자극 없이 잘 썼어요.,0
O0163,C033,P179,2026-02-03,1,5,샘플 써보고 본품 구매했어요. 민감성인데 자극 없이 잘 썼어요.,0
O0164,C033,P082,2026-04-26,1,5,샘플 써보고 본품 구매했어요. 젤 같은 제형이라 아침에 쓰기 좋아요.,0
O0165,C033,P037,2026-06-24,1,5,두 통째 쓰는 중이에요. 향이 세지 않아서 좋아요.,1
O0166,C034,P174,2025-11-26,2,3,기대가 컸나 봐요. 향이 세지 않아서 좋아요.,0
O0167,C034,P045,2025-11-27,1,4,고민하다 샀는데 잘 산 것 같아요. 비타민C 들어간 거 찾다가 샀는데 만족합니다. 공구 원하시면 01069007203 연락주세요.,0
O0168,C034,P183,2025-12-23,1,2,저랑은 안 맞았어요. 생각보다 끈적여서 아침엔 못 쓰겠어요. 신재민님이 추천해줘서 샀어요.,0
O0169,C034,P125,2026-02-05,1,1,"다음엔 다른 거 살 것 같아요. 중성이라 그런지 발랐더니 조금 따가웠어요. 박하윤이라고 하고요, 매장 직원분이 친절했어요.",0
O0170,C034,P152,2026-02-21,2,3,가격 생각하면 이 정도는 하는 것 같아요. 중성인데 자극 없이 잘 썼어요. 저는 박하윤인데 벌써 세 번째 재구매예요.,0
O0171,C034,P168,2026-05-23,2,4,친구가 좋다고 해서 샀는데 만족해요. 결이 정돈된 느낌이 든다는 게 느껴져요. 권다은 언니가 쓰는 거 보고 따라 샀습니다.,0
O0172,C034,P146,2026-06-16,1,5,"친구가 좋다고 해서 샀는데 만족해요. 향이 세지 않아서 좋아요. 박하윤이라고 하고요, 매장 직원분이 친절했어요.",1
O0173,C035,P031,2025-11-27,1,5,친구가 좋다고 해서 샀는데 만족해요. 건성인데 자극 없이 잘 썼어요. 샘플 문의는 yerin46@example.com 로 주세요.,0
O0174,C035,P183,2025-12-18,1,5,재구매입니다. 향이 세지 않아서 좋아요. 카톡 아이디 minjun32 입니다.,0
O0175,C035,P078,2026-03-03,1,3,가격 생각하면 이 정도는 하는 것 같아요. 건성인데 자극 없이 잘 썼어요.,0
O0176,C035,P168,2026-03-17,1,2,다음엔 다른 거 살 것 같아요. 용량 대비 가격이 아쉬워요.,0
O0177,C035,P006,2026-05-03,1,5,고민하다 샀는데 잘 산 것 같아요. 건성인데 자극 없이 잘 썼어요.,1
O0178,C036,P035,2025-07-18,1,3,무난해요. 히알루론산 들어간 거 찾다가 샀는데 만족합니다. 안은수님이 추천해줘서 샀어요.,0
O0179,C036,P086,2025-08-04,2,4,친구가 좋다고 해서 샀는데 만족해요. 콜라겐 들어간 거 찾다가 샀는데 만족합니다. 재고 문의는 010 2413 2663 로 부탁드려요.,0
O0180,C036,P057,2025-10-14,1,5,재구매입니다. 히알루론산 들어간 거 찾다가 샀는데 만족합니다.,0
O0181,C036,P073,2025-11-03,1,4,샘플 써보고 본품 구매했어요. 물처럼 묽은 제형이라 아침에 쓰기 좋아요.,0
O0182,C036,P048,2026-02-01,1,1,환불 고민 중입니다. 눈가가 덜 접힌다는 잘 모르겠어요.,0
O0183,C036,P096,2026-02-11,1,3,나쁘진 않은데 특별하진 않네요. 향이 세지 않아서 좋아요.,0
O0184,C036,P095,2026-04-20,1,5,친구가 좋다고 해서 샀는데 만족해요. 지성인데 자극 없이 잘 썼어요.,0
O0185,C036,P001,2026-04-24,1,5,고민하다 샀는데 잘 산 것 같아요. 지성인데 자극 없이 잘 썼어요.,1
O0186,C037,P132,2025-07-28,1,4,재구매입니다. 탱탱한 느낌이 오래간다는 게 느껴져요.,0
O0187,C037,P176,2025-10-20,3,3,무난해요. 눈가가 덜 접힌다는 게 느껴져요. 샘플 문의는 siwoo19@example.com 로 주세요.,0
O0188,C037,P037,2026-07-19,2,4,친구가 좋다고 해서 샀는데 만족해요. 녹차 들어간 거 찾다가 샀는데 만족합니다.,1
O0189,C038,P072,2025-09-20,1,3,나쁘진 않은데 특별하진 않네요. 가볍게 스미는 제형이라 아침에 쓰기 좋아요. 천안 복대동 사는데 근처 매장에도 있더라고요.,0
O0190,C038,P022,2026-01-07,1,5,친구가 좋다고 해서 샀는데 만족해요. 향이 세지 않아서 좋아요.,0
O0191,C038,P191,2026-05-09,1,4,샘플 써보고 본품 구매했어요. 건성인데 자극 없이 잘 썼어요.,0
O0192,C038,P091,2026-06-11,1,5,친구가 좋다고 해서 샀는데 만족해요. 쌀겨 들어간 거 찾다가 샀는데 만족합니다. 궁금하신 분은 010-8310-2146으로 문자주세요.,0
O0193,C038,P093,2026-07-02,1,4,재구매입니다. 건성인데 자극 없이 잘 썼어요. 저는 장예린인데 벌써 세 번째 재구매예요.,1
O0194,C039,P050,2025-10-07,1,4,두 통째 쓰는 중이에요. 탱탱한 느낌이 오래간다는 게 느껴져요.,0
O0195,C039,P179,2025-10-26,1,4,친구가 좋다고 해서 샀는데 만족해요. 향이 세지 않아서 좋아요. 신수빈님이 추천해줘서 샀어요.,0
O0196,C039,P143,2025-11-08,1,5,고민하다 샀는데 잘 산 것 같아요. 민감성인데 자극 없이 잘 썼어요.,0
O0197,C039,P153,2026-05-05,1,5,친구가 좋다고 해서 샀는데 만족해요. 민감성인데 자극 없이 잘 썼어요. 카톡 아이디 jungwoo60 입니다.,0
O0198,C039,P132,2026-07-17,1,5,친구가 좋다고 해서 샀는데 만족해요. 민감성인데 자극 없이 잘 썼어요.,1
O0199,C040,P167,2025-11-10,1,3,"가격 생각하면 이 정도는 하는 것 같아요. 올라오던 게 덜하다는 게 느껴져요. 정혜원이라고 하고요, 매장 직원분이 친절했어요.",0
O0200,C040,P191,2026-03-19,1,5,두 통째 쓰는 중이에요. 향이 세지 않아서 좋아요. 궁금하신 분은 010-3699-3522으로 문자주세요.,0
O0201,C040,P149,2026-04-20,1,5,재구매입니다. 건성인데 자극 없이 잘 썼어요.,1
O0202,C041,P029,2025-08-06,1,3,기대가 컸나 봐요. 콜라겐 들어간 거 찾다가 샀는데 만족합니다.,0
O0203,C041,P070,2025-08-20,1,5,재구매입니다. 산뜻한 제형이라 아침에 쓰기 좋아요.,0
O0204,C041,P176,2025-11-06,1,4,재구매입니다. 꾸덕한 제형이라 아침에 쓰기 좋아요.,0
O0205,C041,P107,2026-01-08,1,2,광고를 너무 믿었나 봐요. 향이 저한테는 좀 강했어요.,1
O0206,C042,P187,2026-03-12,1,5,재구매입니다. 향이 세지 않아서 좋아요.,0
O0207,C042,P064,2026-03-18,1,3,가격 생각하면 이 정도는 하는 것 같아요. 겉돌던 게 없어졌다는 게 느껴져요.,0
O0208,C042,P117,2026-04-17,1,5,친구가 좋다고 해서 샀는데 만족해요. 나이아신아마이드 들어간 거 찾다가 샀는데 만족합니다.,1
O0209,C043,P038,2025-07-18,1,2,저랑은 안 맞았어요. 생각보다 끈적여서 아침엔 못 쓰겠어요.,0
O0210,C043,P067,2025-09-17,1,4,"재구매입니다. 촉촉하게 감싸는 제형이라 아침에 쓰기 좋아요. 이채원이라고 하고요, 매장 직원분이 친절했어요.",0
O0211,C043,P106,2025-11-07,1,4,고민하다 샀는데 잘 산 것 같아요. 겉돌던 게 없어졌다는 게 느껴져요.,0
O0212,C043,P092,2026-01-03,1,4,친구가 좋다고 해서 샀는데 만족해요. 젤 같은 제형이라 아침에 쓰기 좋아요. 오소율 언니가 쓰는 거 보고 따라 샀습니다.,0
O0213,C043,P113,2026-01-24,1,4,두 통째 쓰는 중이에요. 산뜻한 제형이라 아침에 쓰기 좋아요.,0
O0214,C043,P174,2026-02-09,1,2,환불 고민 중입니다. 용량 대비 가격이 아쉬워요. 장태윤님이 추천해줘서 샀어요.,0
O0215,C043,P108,2026-06-05,1,4,재구매입니다. 세라마이드 들어간 거 찾다가 샀는데 만족합니다.,1
O0216,C044,P101,2025-07-23,1,4,두 통째 쓰는 중이에요. 얼굴이 한 톤 밝아 보인다는 게 느껴져요. 박도현님이 추천해줘서 샀어요.,0
O0217,C044,P040,2025-07-30,1,5,재구매입니다. 지성인데 자극 없이 잘 썼어요.,0
O0218,C044,P074,2025-11-06,1,3,나쁘진 않은데 특별하진 않네요. 올라오던 게 덜하다는 게 느껴져요.,1
O0219,C045,P176,2025-08-17,1,5,두 통째 쓰는 중이에요. 지성인데 자극 없이 잘 썼어요.,0
O0220,C045,P190,2025-10-30,1,2,환불 고민 중입니다. 속건조가 덜하다는 잘 모르겠어요. 카톡 아이디 sunghyun57 입니다.,0
O0221,C045,P013,2026-03-01,1,5,두 통째 쓰는 중이에요. 지성인데 자극 없이 잘 썼어요.,0
O0222,C045,P194,2026-06-18,1,4,고민하다 샀는데 잘 산 것 같아요. 지성인데 자극 없이 잘 썼어요.,0
O0223,C045,P170,2026-07-18,2,1,저랑은 안 맞았어요. 지성이라 그런지 발랐더니 조금 따가웠어요.,0
O0224,C045,P057,2026-07-20,1,4,재구매입니다. 지성인데 자극 없이 잘 썼어요.,0
O0225,C045,P101,2026-07-21,1,5,고민하다 샀는데 잘 산 것 같아요. 촉촉하게 감싸는 제형이라 아침에 쓰기 좋아요. 고양 불당동 사는데 근처 매장에도 있더라고요.,0
O0226,C045,P100,2026-08-04,1,5,친구가 좋다고 해서 샀는데 만족해요. 향이 세지 않아서 좋아요.,1
O0227,C046,P122,2025-11-29,1,3,가격 생각하면 이 정도는 하는 것 같아요. 향이 세지 않아서 좋아요.,0
O0228,C046,P151,2026-05-02,1,1,다음엔 다른 거 살 것 같아요. 향이 저한테는 좀 강했어요.,1
O0229,C047,P089,2025-09-07,1,4,친구가 좋다고 해서 샀는데 만족해요. 눈가가 덜 접힌다는 게 느껴져요. 공구 원하시면 01033829460 연락주세요.,0
O0230,C047,P160,2025-11-22,1,5,두 통째 쓰는 중이에요. 복합성인데 자극 없이 잘 썼어요.,0
O0231,C047,P059,2026-07-06,1,5,고민하다 샀는데 잘 산 것 같아요. 히알루론산 들어간 거 찾다가 샀는데 만족합니다. 대전 영통동 사는데 근처 매장에도 있더라고요.,1
O0232,C048,P123,2026-02-12,1,5,고민하다 샀는데 잘 산 것 같아요. 건성인데 자극 없이 잘 썼어요. 재고 문의는 010 7981 2845 로 부탁드려요.,0
O0233,C048,P117,2026-02-14,1,5,재구매입니다. 탱탱한 느낌이 오래간다는 게 느껴져요.,0
O0234,C048,P064,2026-03-24,3,2,저랑은 안 맞았어요. 생각보다 끈적여서 아침엔 못 쓰겠어요.,0
O0235,C048,P093,2026-05-08,1,4,친구가 좋다고 해서 샀는데 만족해요. 가볍게 스미는 제형이라 아침에 쓰기 좋아요. 저는 안지아인데 벌써 세 번째 재구매예요.,0
O0236,C048,P002,2026-06-02,1,5,친구가 좋다고 해서 샀는데 만족해요. 올라오던 게 덜하다는 게 느껴져요. 송재민님이 추천해줘서 샀어요.,1
O0237,C049,P175,2025-10-05,1,2,환불 고민 중입니다. 생각보다 끈적여서 아침엔 못 쓰겠어요.,0
O0238,C049,P157,2025-10-20,1,5,두 통째 쓰는 중이에요. 촉촉하게 감싸는 제형이라 아침에 쓰기 좋아요.,0
O0239,C049,P100,2025-11-16,2,4,두 통째 쓰는 중이에요. 물처럼 묽은 제형이라 아침에 쓰기 좋아요.,0
O0240,C049,P190,2025-12-08,1,5,샘플 써보고 본품 구매했어요. 향이 세지 않아서 좋아요.,0
O0241,C049,P197,2026-04-16,1,5,샘플 써보고 본품 구매했어요. 민감성인데 자극 없이 잘 썼어요.,0
O0242,C049,P057,2026-06-13,1,5,두 통째 쓰는 중이에요. 탱탱한 느낌이 오래간다는 게 느껴져요. 샘플 문의는 yujin3@example.com 로 주세요.,1
O0243,C050,P088,2025-09-16,1,3,기대가 컸나 봐요. 촉촉하게 감싸는 제형이라 아침에 쓰기 좋아요. 저는 조서연인데 벌써 세 번째 재구매예요.,0
O0244,C050,P038,2025-10-20,1,4,고민하다 샀는데 잘 산 것 같아요. 눈가가 덜 접힌다는 게 느껴져요.,0
O0245,C050,P016,2025-12-06,1,5,친구가 좋다고 해서 샀는데 만족해요. 향이 세지 않아서 좋아요.,0
O0246,C050,P115,2026-01-23,1,3,무난해요. 향이 세지 않아서 좋아요.,0
O0247,C050,P073,2026-04-10,2,3,기대가 컸나 봐요. 향이 세지 않아서 좋아요. 공구 원하시면 01047821132 연락주세요.,0
O0248,C050,P083,2026-05-20,1,3,가격 생각하면 이 정도는 하는 것 같아요. 향이 세지 않아서 좋아요. 수원 상무지구 사는데 근처 매장에도 있더라고요.,0
O0249,C050,P159,2026-07-31,1,5,재구매입니다. 비타민C 들어간 거 찾다가 샀는데 만족합니다. 정소율님이 추천해줘서 샀어요.,1
O0250,C051,P199,2025-09-14,1,4,두 통째 쓰는 중이에요. 탱탱한 느낌이 오래간다는 게 느껴져요. 임수빈님이 추천해줘서 샀어요.,0
O0251,C051,P106,2025-12-05,1,2,광고를 너무 믿었나 봐요. 복합성이라 그런지 발랐더니 조금 따가웠어요. 부산 정자동 사는데 근처 매장에도 있더라고요.,0
O0252,C051,P033,2025-12-15,1,4,친구가 좋다고 해서 샀는데 만족해요. 향이 세지 않아서 좋아요. 저는 최시우인데 벌써 세 번째 재구매예요.,0
O0253,C051,P043,2026-08-05,1,2,환불 고민 중입니다. 향이 저한테는 좀 강했어요. 샘플 문의는 siwoo41@example.com 로 주세요.,1
O0254,C052,P127,2025-08-29,1,3,무난해요. 어성초 들어간 거 찾다가 샀는데 만족합니다.,0
O0255,C052,P142,2025-11-29,1,5,샘플 써보고 본품 구매했어요. 건성인데 자극 없이 잘 썼어요.,0
O0256,C052,P186,2026-06-25,1,4,두 통째 쓰는 중이에요. 나이아신아마이드 들어간 거 찾다가 샀는데 만족합니다. 공구 원하시면 01013827561 연락주세요.,0
O0257,C052,P006,2026-06-27,1,5,샘플 써보고 본품 구매했어요. 꾸덕한 제형이라 아침에 쓰기 좋아요.,0
O0258,C052,P035,2026-07-05,1,3,기대가 컸나 봐요. 건성인데 자극 없이 잘 썼어요.,1
O0259,C053,P080,2025-07-18,1,5,"고민하다 샀는데 잘 산 것 같아요. 레티놀 들어간 거 찾다가 샀는데 만족합니다. 송성현이라고 하고요, 매장 직원분이 친절했어요.",0
O0260,C053,P089,2025-11-01,1,5,샘플 써보고 본품 구매했어요. 눈가가 덜 접힌다는 게 느껴져요. 재고 문의는 010 5814 3896 로 부탁드려요.,0
O0261,C053,P104,2026-01-14,1,4,"고민하다 샀는데 잘 산 것 같아요. 중성인데 자극 없이 잘 썼어요. 송성현이라고 하고요, 매장 직원분이 친절했어요.",0
O0262,C053,P100,2026-05-25,1,5,"고민하다 샀는데 잘 산 것 같아요. 녹차 들어간 거 찾다가 샀는데 만족합니다. 송성현이라고 하고요, 매장 직원분이 친절했어요.",0
O0263,C053,P082,2026-06-26,1,3,무난해요. 녹차 들어간 거 찾다가 샀는데 만족합니다.,0
O0264,C053,P041,2026-07-07,1,5,재구매입니다. 꾸덕한 제형이라 아침에 쓰기 좋아요.,0
O0265,C053,P012,2026-07-28,1,5,친구가 좋다고 해서 샀는데 만족해요. 향이 세지 않아서 좋아요. 샘플 문의는 sunghyun56@example.com 로 주세요.,1
O0266,C054,P016,2025-07-13,1,3,나쁘진 않은데 특별하진 않네요. 향이 세지 않아서 좋아요. 대전 사는 조예린입니다. 배송 빨랐어요.,0
O0267,C054,P096,2025-08-06,1,5,재구매입니다. 가볍게 스미는 제형이라 아침에 쓰기 좋아요.,0
O0268,C054,P058,2025-09-30,3,5,고민하다 샀는데 잘 산 것 같아요. 히알루론산 들어간 거 찾다가 샀는데 만족합니다.,0
O0269,C054,P140,2026-04-04,1,4,두 통째 쓰는 중이에요. 향이 세지 않아서 좋아요. 공구 원하시면 01071387049 연락주세요.,0
O0270,C054,P083,2026-04-09,1,5,재구매입니다. 물처럼 묽은 제형이라 아침에 쓰기 좋아요. 샘플 문의는 yerin8@example.com 로 주세요.,1
O0271,C055,P183,2025-07-18,1,4,친구가 좋다고 해서 샀는데 만족해요. 향이 세지 않아서 좋아요.,0
O0272,C055,P078,2025-08-05,1,5,재구매입니다. 복합성인데 자극 없이 잘 썼어요. 서은수님이 추천해줘서 샀어요.,0
O0273,C055,P135,2025-09-24,1,4,샘플 써보고 본품 구매했어요. 복합성인데 자극 없이 잘 썼어요.,0
O0274,C055,P118,2025-12-21,1,5,두 통째 쓰는 중이에요. 히알루론산 들어간 거 찾다가 샀는데 만족합니다.,0
O0275,C055,P063,2026-05-17,1,5,고민하다 샀는데 잘 산 것 같아요. 복합성인데 자극 없이 잘 썼어요. 저는 정가은인데 벌써 세 번째 재구매예요.,0
O0276,C055,P080,2026-07-16,1,5,재구매입니다. 레티놀 들어간 거 찾다가 샀는데 만족합니다.,1
O0277,C056,P109,2025-08-03,1,5,샘플 써보고 본품 구매했어요. 쌀겨 들어간 거 찾다가 샀는데 만족합니다. 윤가은님이 추천해줘서 샀어요.,0
O0278,C056,P103,2025-08-12,1,4,고민하다 샀는데 잘 산 것 같아요. 향이 세지 않아서 좋아요. 공구 원하시면 01012074153 연락주세요.,0
O0279,C056,P118,2025-12-06,1,5,친구가 좋다고 해서 샀는데 만족해요. 히알루론산 들어간 거 찾다가 샀는데 만족합니다.,0
O0280,C056,P080,2025-12-21,1,5,고민하다 샀는데 잘 산 것 같아요. 젤 같은 제형이라 아침에 쓰기 좋아요.,0
O0281,C056,P165,2026-06-06,1,3,나쁘진 않은데 특별하진 않네요. 쌀겨 들어간 거 찾다가 샀는데 만족합니다.,1
O0282,C057,P047,2025-07-12,1,5,재구매입니다. 올라오던 게 덜하다는 게 느껴져요.,0
O0283,C057,P168,2025-08-13,1,4,두 통째 쓰는 중이에요. 결이 정돈된 느낌이 든다는 게 느껴져요.,0
O0284,C057,P004,2025-11-02,1,3,무난해요. 탱탱한 느낌이 오래간다는 게 느껴져요. 광주 정자동 사는데 근처 매장에도 있더라고요.,0
O0285,C057,P049,2026-02-16,1,4,고민하다 샀는데 잘 산 것 같아요. 탱탱한 느낌이 오래간다는 게 느껴져요.,0
O0286,C057,P051,2026-02-22,1,5,"샘플 써보고 본품 구매했어요. 향이 세지 않아서 좋아요. 이현우이라고 하고요, 매장 직원분이 친절했어요.",0
O0287,C057,P117,2026-06-26,1,4,두 통째 쓰는 중이에요. 향이 세지 않아서 좋아요.,1
O0288,C058,P165,2025-11-08,3,5,샘플 써보고 본품 구매했어요. 결이 정돈된 느낌이 든다는 게 느껴져요.,0
O0289,C058,P199,2025-12-19,1,4,재구매입니다. 향이 세지 않아서 좋아요.,0
O0290,C058,P118,2026-02-17,1,5,두 통째 쓰는 중이에요. 물처럼 묽은 제형이라 아침에 쓰기 좋아요. 대전 일산동 사는데 근처 매장에도 있더라고요.,0
O0291,C058,P164,2026-05-04,1,3,가격 생각하면 이 정도는 하는 것 같아요. 촉촉하게 감싸는 제형이라 아침에 쓰기 좋아요.,0
O0292,C058,P012,2026-07-15,1,2,다음엔 다른 거 살 것 같아요. 생각보다 끈적여서 아침엔 못 쓰겠어요. 최나은님이 추천해줘서 샀어요.,1
O0293,C059,P198,2025-10-20,1,3,"가격 생각하면 이 정도는 하는 것 같아요. 가볍게 스미는 제형이라 아침에 쓰기 좋아요. 강예린이라고 하고요, 매장 직원분이 친절했어요.",0
O0294,C059,P144,2026-01-09,1,3,가격 생각하면 이 정도는 하는 것 같아요. 지성인데 자극 없이 잘 썼어요.,0
O0295,C059,P199,2026-04-17,1,4,친구가 좋다고 해서 샀는데 만족해요. 약산성 아미노산 들어간 거 찾다가 샀는데 만족합니다.,0
O0296,C059,P067,2026-07-11,1,5,고민하다 샀는데 잘 산 것 같아요. 속건조가 덜하다는 게 느껴져요. 공구 원하시면 01032722242 연락주세요.,0
O0297,C059,P060,2026-08-05,1,5,고민하다 샀는데 잘 산 것 같아요. 붉은 기가 빨리 가라앉는다는 게 느껴져요.,1
O0298,C060,P135,2025-08-04,3,5,샘플 써보고 본품 구매했어요. 지성인데 자극 없이 잘 썼어요. 인천 둔산동 사는데 근처 매장에도 있더라고요.,0
O0299,C060,P164,2025-08-10,1,5,두 통째 쓰는 중이에요. 결이 정돈된 느낌이 든다는 게 느껴져요.,0
O0300,C060,P180,2025-08-29,1,1,저랑은 안 맞았어요. 생각보다 끈적여서 아침엔 못 쓰겠어요. 인천 불당동 사는데 근처 매장에도 있더라고요.,0
O0301,C060,P132,2026-06-17,1,3,나쁘진 않은데 특별하진 않네요. 탱탱한 느낌이 오래간다는 게 느껴져요. 공구 원하시면 01031708213 연락주세요.,0
O0302,C060,P122,2026-07-12,1,5,고민하다 샀는데 잘 산 것 같아요. 향이 세지 않아서 좋아요.,1
O0303,C061,P004,2025-09-15,1,3,나쁘진 않은데 특별하진 않네요. 중성인데 자극 없이 잘 썼어요.,0
O0304,C061,P075,2026-04-18,1,2,광고를 너무 믿었나 봐요. 올라오던 게 덜하다는 잘 모르겠어요.,0
O0305,C061,P041,2026-06-24,1,4,고민하다 샀는데 잘 산 것 같아요. 중성인데 자극 없이 잘 썼어요. 공구 원하시면 01080021367 연락주세요.,1
O0306,C062,P190,2025-09-11,1,2,다음엔 다른 거 살 것 같아요. 용량 대비 가격이 아쉬워요.,0
O0307,C062,P044,2025-10-14,1,5,두 통째 쓰는 중이에요. 알로에 들어간 거 찾다가 샀는데 만족합니다.,0
O0308,C062,P084,2025-12-02,3,4,재구매입니다. 나이아신아마이드 들어간 거 찾다가 샀는데 만족합니다.,0
O0309,C062,P113,2026-02-18,1,1,광고를 너무 믿었나 봐요. 탱탱한 느낌이 오래간다는 잘 모르겠어요.,0
O0310,C062,P085,2026-07-13,1,2,다음엔 다른 거 살 것 같아요. 용량 대비 가격이 아쉬워요.,1
O0311,C063,P097,2025-09-15,1,3,나쁘진 않은데 특별하진 않네요. 올라오던 게 덜하다는 게 느껴져요.,0
O0312,C063,P074,2025-09-15,1,5,샘플 써보고 본품 구매했어요. 촉촉하게 감싸는 제형이라 아침에 쓰기 좋아요.,0
O0313,C063,P149,2025-10-02,1,3,나쁘진 않은데 특별하진 않네요. 탱탱한 느낌이 오래간다는 게 느껴져요. 오정우님이 추천해줘서 샀어요.,0
O0314,C063,P167,2025-12-23,1,5,친구가 좋다고 해서 샀는데 만족해요. 향이 세지 않아서 좋아요. 궁금하신 분은 010-9759-6339으로 문자주세요.,0
O0315,C063,P034,2026-04-09,1,4,친구가 좋다고 해서 샀는데 만족해요. 촉촉하게 감싸는 제형이라 아침에 쓰기 좋아요.,0
O0316,C063,P191,2026-06-29,1,5,친구가 좋다고 해서 샀는데 만족해요. 가볍게 스미는 제형이라 아침에 쓰기 좋아요.,0
O0317,C063,P091,2026-07-18,1,2,환불 고민 중입니다. 복합성이라 그런지 발랐더니 조금 따가웠어요. 공구 원하시면 01097596339 연락주세요.,1
O0318,C064,P085,2025-08-28,1,5,친구가 좋다고 해서 샀는데 만족해요. 탱탱한 느낌이 오래간다는 게 느껴져요.,0
O0319,C064,P027,2025-11-25,1,2,다음엔 다른 거 살 것 같아요. 용량 대비 가격이 아쉬워요. 공구 원하시면 01093189936 연락주세요.,0
O0320,C064,P153,2025-11-27,3,4,친구가 좋다고 해서 샀는데 만족해요. 지성인데 자극 없이 잘 썼어요.,0
O0321,C064,P031,2026-02-25,1,5,재구매입니다. 속건조가 덜하다는 게 느껴져요.,0
O0322,C064,P177,2026-03-23,1,4,두 통째 쓰는 중이에요. 향이 세지 않아서 좋아요.,0
O0323,C064,P110,2026-06-21,1,4,고민하다 샀는데 잘 산 것 같아요. 올라오던 게 덜하다는 게 느껴져요.,0
O0324,C064,P141,2026-07-07,1,5,재구매입니다. 지성인데 자극 없이 잘 썼어요. 이가은 언니가 쓰는 거 보고 따라 샀습니다.,1
O0325,C065,P080,2025-08-23,1,5,샘플 써보고 본품 구매했어요. 건성인데 자극 없이 잘 썼어요.,0
O0326,C065,P174,2025-11-23,1,5,친구가 좋다고 해서 샀는데 만족해요. 산뜻한 제형이라 아침에 쓰기 좋아요. 궁금하신 분은 010-7854-4947으로 문자주세요.,0
O0327,C065,P074,2026-04-30,1,4,친구가 좋다고 해서 샀는데 만족해요. 향이 세지 않아서 좋아요.,1
O0328,C066,P142,2025-11-09,1,2,환불 고민 중입니다. 생각보다 끈적여서 아침엔 못 쓰겠어요.,0
O0329,C066,P018,2026-01-11,1,3,나쁘진 않은데 특별하진 않네요. 지성인데 자극 없이 잘 썼어요.,0
O0330,C066,P111,2026-02-14,1,5,재구매입니다. 나이아신아마이드 들어간 거 찾다가 샀는데 만족합니다. 카톡 아이디 taeyoon20 입니다.,0
O0331,C066,P163,2026-03-02,1,4,두 통째 쓰는 중이에요. 결이 정돈된 느낌이 든다는 게 느껴져요.,0
O0332,C066,P190,2026-07-25,1,2,광고를 너무 믿었나 봐요. 용량 대비 가격이 아쉬워요. 인천 구월동 사는데 근처 매장에도 있더라고요.,1
O0333,C067,P090,2025-08-30,1,3,가격 생각하면 이 정도는 하는 것 같아요. 콜라겐 들어간 거 찾다가 샀는데 만족합니다.,0
O0334,C067,P195,2025-09-21,1,4,재구매입니다. 올라오던 게 덜하다는 게 느껴져요. 청주 사는 조가은입니다. 배송 빨랐어요.,0
O0335,C067,P092,2025-11-08,1,4,두 통째 쓰는 중이에요. 향이 세지 않아서 좋아요. 저는 조가은인데 벌써 세 번째 재구매예요.,0
O0336,C067,P055,2026-04-24,1,3,무난해요. 복합성인데 자극 없이 잘 썼어요.,0
O0337,C067,P023,2026-06-10,1,1,저랑은 안 맞았어요. 향이 저한테는 좀 강했어요. 최보민 언니가 쓰는 거 보고 따라 샀습니다.,0
O0338,C067,P051,2026-07-24,1,5,고민하다 샀는데 잘 산 것 같아요. 향이 세지 않아서 좋아요.,1
O0339,C068,P039,2025-08-09,1,3,무난해요. 눈가가 덜 접힌다는 게 느껴져요.,0
O0340,C068,P075,2026-02-02,3,4,친구가 좋다고 해서 샀는데 만족해요. 중성인데 자극 없이 잘 썼어요. 천안 수성동 사는데 근처 매장에도 있더라고요.,0
O0341,C068,P070,2026-02-04,1,5,두 통째 쓰는 중이에요. 중성인데 자극 없이 잘 썼어요.,0
O0342,C068,P048,2026-05-08,1,4,친구가 좋다고 해서 샀는데 만족해요. 향이 세지 않아서 좋아요.,0
O0343,C068,P068,2026-07-27,2,5,두 통째 쓰는 중이에요. 탱탱한 느낌이 오래간다는 게 느껴져요. 재고 문의는 010 3390 2192 로 부탁드려요.,1
O0344,C069,P121,2025-07-12,1,5,고민하다 샀는데 잘 산 것 같아요. 녹차 들어간 거 찾다가 샀는데 만족합니다. 카톡 아이디 gaeun62 입니다.,0
O0345,C069,P152,2025-11-02,1,5,친구가 좋다고 해서 샀는데 만족해요. 산뜻한 제형이라 아침에 쓰기 좋아요. 저는 서보민인데 벌써 세 번째 재구매예요.,0
O0346,C069,P023,2026-05-22,1,4,"고민하다 샀는데 잘 산 것 같아요. 콜라겐 들어간 거 찾다가 샀는데 만족합니다. 서보민이라고 하고요, 매장 직원분이 친절했어요.",0
O0347,C069,P018,2026-07-25,1,5,고민하다 샀는데 잘 산 것 같아요. 탱탱한 느낌이 오래간다는 게 느껴져요. 안다은님이 추천해줘서 샀어요.,1
O0348,C070,P164,2025-12-09,1,3,기대가 컸나 봐요. 향이 세지 않아서 좋아요.,0
O0349,C070,P117,2026-02-24,1,5,두 통째 쓰는 중이에요. 향이 세지 않아서 좋아요.,0
O0350,C070,P083,2026-04-12,1,4,친구가 좋다고 해서 샀는데 만족해요. 민감성인데 자극 없이 잘 썼어요.,0
O0351,C070,P147,2026-04-15,1,5,고민하다 샀는데 잘 산 것 같아요. 민감성인데 자극 없이 잘 썼어요.,0
O0352,C070,P122,2026-04-28,2,5,친구가 좋다고 해서 샀는데 만족해요. 얼굴이 한 톤 밝아 보인다는 게 느껴져요. 카톡 아이디 junseo70 입니다.,0
O0353,C070,P162,2026-05-27,3,4,두 통째 쓰는 중이에요. 촉촉하게 감싸는 제형이라 아침에 쓰기 좋아요.,0
O0354,C070,P137,2026-05-28,1,5,친구가 좋다고 해서 샀는데 만족해요. 속건조가 덜하다는 게 느껴져요. 재고 문의는 010 2413 6315 로 부탁드려요.,1
O0355,C071,P100,2025-08-22,1,5,고민하다 샀는데 잘 산 것 같아요. 향이 세지 않아서 좋아요. 카톡 아이디 hyunwoo56 입니다.,0
O0356,C071,P169,2025-09-08,1,5,친구가 좋다고 해서 샀는데 만족해요. 물처럼 묽은 제형이라 아침에 쓰기 좋아요. 궁금하신 분은 010-5710-1881으로 문자주세요.,0
O0357,C071,P156,2026-01-05,1,5,두 통째 쓰는 중이에요. 약산성 아미노산 들어간 거 찾다가 샀는데 만족합니다. 카톡 아이디 seoyeon24 입니다.,0
O0358,C071,P117,2026-06-02,1,5,두 통째 쓰는 중이에요. 민감성인데 자극 없이 잘 썼어요.,0
O0359,C071,P185,2026-06-15,1,4,샘플 써보고 본품 구매했어요. 향이 세지 않아서 좋아요.,1
O0360,C072,P107,2025-08-18,1,5,재구매입니다. 촉촉하게 감싸는 제형이라 아침에 쓰기 좋아요.,0
O0361,C072,P110,2025-09-27,1,2,저랑은 안 맞았어요. 생각보다 끈적여서 아침엔 못 쓰겠어요. 재고 문의는 010 4034 6949 로 부탁드려요.,0
O0362,C072,P095,2026-01-16,1,3,나쁘진 않은데 특별하진 않네요. 향이 세지 않아서 좋아요.,0
O0363,C072,P094,2026-03-23,1,5,친구가 좋다고 해서 샀는데 만족해요. 산뜻한 제형이라 아침에 쓰기 좋아요. 서울 사는 박보민입니다. 배송 빨랐어요.,1
O0364,C073,P191,2025-09-13,1,5,친구가 좋다고 해서 샀는데 만족해요. 젤 같은 제형이라 아침에 쓰기 좋아요.,0
O0365,C073,P162,2025-11-21,1,5,두 통째 쓰는 중이에요. 복합성인데 자극 없이 잘 썼어요.,0
O0366,C073,P080,2026-02-22,1,4,재구매입니다. 탱탱한 느낌이 오래간다는 게 느껴져요.,0
O0367,C073,P101,2026-04-01,2,2,환불 고민 중입니다. 향이 저한테는 좀 강했어요.,0
O0368,C073,P063,2026-06-10,1,5,재구매입니다. 촉촉하게 감싸는 제형이라 아침에 쓰기 좋아요.,0
O0369,C073,P117,2026-07-06,1,2,환불 고민 중입니다. 향이 저한테는 좀 강했어요.,1
O0370,C074,P008,2025-12-24,1,1,다음엔 다른 거 살 것 같아요. 용량 대비 가격이 아쉬워요.,0
O0371,C074,P117,2026-04-04,1,2,다음엔 다른 거 살 것 같아요. 용량 대비 가격이 아쉬워요.,0
O0372,C074,P078,2026-05-06,1,4,두 통째 쓰는 중이에요. 중성인데 자극 없이 잘 썼어요.,0
O0373,C074,P142,2026-05-16,1,4,친구가 좋다고 해서 샀는데 만족해요. 향이 세지 않아서 좋아요. 저는 조소율인데 벌써 세 번째 재구매예요.,1
O0374,C075,P051,2025-08-16,1,5,샘플 써보고 본품 구매했어요. 지성인데 자극 없이 잘 썼어요.,0
O0375,C075,P185,2025-10-04,1,4,두 통째 쓰는 중이에요. 알로에 들어간 거 찾다가 샀는데 만족합니다. 장다은 언니가 쓰는 거 보고 따라 샀습니다.,0
O0376,C075,P142,2025-12-29,1,3,나쁘진 않은데 특별하진 않네요. 어성초 들어간 거 찾다가 샀는데 만족합니다. 공구 원하시면 01072106668 연락주세요.,0
O0377,C075,P042,2026-01-03,1,3,가격 생각하면 이 정도는 하는 것 같아요. 지성인데 자극 없이 잘 썼어요.,0
O0378,C075,P082,2026-06-07,1,2,저랑은 안 맞았어요. 용량 대비 가격이 아쉬워요.,1
O0379,C076,P088,2025-11-10,1,4,두 통째 쓰는 중이에요. 어성초 들어간 거 찾다가 샀는데 만족합니다.,0
O0380,C076,P182,2026-01-18,1,3,무난해요. 젤 같은 제형이라 아침에 쓰기 좋아요.,0
O0381,C076,P158,2026-01-30,1,5,고민하다 샀는데 잘 산 것 같아요. 가볍게 스미는 제형이라 아침에 쓰기 좋아요. 저는 권우진인데 벌써 세 번째 재구매예요.,0
O0382,C076,P170,2026-03-24,1,2,다음엔 다른 거 살 것 같아요. 복합성이라 그런지 발랐더니 조금 따가웠어요.,1
O0383,C077,P068,2025-12-30,1,3,가격 생각하면 이 정도는 하는 것 같아요. 향이 세지 않아서 좋아요.,0
O0384,C077,P038,2026-05-14,1,5,샘플 써보고 본품 구매했어요. 건성인데 자극 없이 잘 썼어요. 성남 사는 한서연입니다. 배송 빨랐어요.,0
O0385,C077,P080,2026-06-26,2,4,재구매입니다. 건성인데 자극 없이 잘 썼어요. 오태윤님이 추천해줘서 샀어요.,1
O0386,C078,P096,2025-12-27,2,5,친구가 좋다고 해서 샀는데 만족해요. 레티놀 들어간 거 찾다가 샀는데 만족합니다.,0
O0387,C078,P158,2026-01-06,1,5,재구매입니다. 향이 세지 않아서 좋아요. 궁금하신 분은 010-5489-5450으로 문자주세요.,0
O0388,C078,P128,2026-03-04,1,1,환불 고민 중입니다. 생각보다 끈적여서 아침엔 못 쓰겠어요.,0
O0389,C078,P017,2026-06-16,1,1,광고를 너무 믿었나 봐요. 생각보다 끈적여서 아침엔 못 쓰겠어요. 궁금하신 분은 010-5489-5450으로 문자주세요.,0
O0390,C078,P032,2026-07-06,1,5,고민하다 샀는데 잘 산 것 같아요. 물처럼 묽은 제형이라 아침에 쓰기 좋아요. 천안 사는 최정우입니다. 배송 빨랐어요.,0
O0391,C078,P155,2026-07-19,1,5,두 통째 쓰는 중이에요. 세라마이드 들어간 거 찾다가 샀는데 만족합니다.,1
O0392,C079,P193,2025-09-17,2,4,두 통째 쓰는 중이에요. 민감성인데 자극 없이 잘 썼어요. 대전 사는 정혜원입니다. 배송 빨랐어요.,0
O0393,C079,P139,2025-11-14,1,1,저랑은 안 맞았어요. 용량 대비 가격이 아쉬워요.,0
O0394,C079,P104,2026-01-29,1,5,두 통째 쓰는 중이에요. 향이 세지 않아서 좋아요.,0
O0395,C079,P053,2026-02-16,1,4,두 통째 쓰는 중이에요. 민감성인데 자극 없이 잘 썼어요.,0
O0396,C079,P047,2026-02-28,1,4,"친구가 좋다고 해서 샀는데 만족해요. 올라오던 게 덜하다는 게 느껴져요. 정혜원이라고 하고요, 매장 직원분이 친절했어요.",0
O0397,C079,P089,2026-05-12,1,4,친구가 좋다고 해서 샀는데 만족해요. 눈가가 덜 접힌다는 게 느껴져요. 저는 정혜원인데 벌써 세 번째 재구매예요.,1
O0398,C080,P146,2025-12-14,1,1,다음엔 다른 거 살 것 같아요. 붉은 기가 빨리 가라앉는다는 잘 모르겠어요. 재고 문의는 010 2039 7938 로 부탁드려요.,0
O0399,C080,P180,2025-12-28,1,5,친구가 좋다고 해서 샀는데 만족해요. 향이 세지 않아서 좋아요.,0
O0400,C080,P143,2025-12-30,1,5,두 통째 쓰는 중이에요. 향이 세지 않아서 좋아요. 공구 원하시면 01020397938 연락주세요.,0
O0401,C080,P102,2026-03-07,1,4,샘플 써보고 본품 구매했어요. 겉돌던 게 없어졌다는 게 느껴져요.,0
O0402,C080,P192,2026-05-07,1,3,무난해요. 복합성인데 자극 없이 잘 썼어요.,1
O0403,C081,P182,2025-09-13,1,5,재구매입니다. 향이 세지 않아서 좋아요. 재고 문의는 010 6717 9113 로 부탁드려요.,0
O0404,C081,P092,2026-03-08,1,4,샘플 써보고 본품 구매했어요. 쌀겨 들어간 거 찾다가 샀는데 만족합니다.,0
O0405,C081,P149,2026-05-16,2,5,두 통째 쓰는 중이에요. 쌀겨 들어간 거 찾다가 샀는데 만족합니다.,0
O0406,C081,P085,2026-06-07,1,2,저랑은 안 맞았어요. 생각보다 끈적여서 아침엔 못 쓰겠어요.,0
O0407,C081,P176,2026-06-20,1,1,다음엔 다른 거 살 것 같아요. 생각보다 끈적여서 아침엔 못 쓰겠어요. 저는 박예린인데 벌써 세 번째 재구매예요.,0
O0408,C081,P123,2026-08-02,1,3,기대가 컸나 봐요. 녹차 들어간 거 찾다가 샀는데 만족합니다.,0
O0409,C081,P170,2026-08-06,1,5,두 통째 쓰는 중이에요. 향이 세지 않아서 좋아요.,1
O0410,C082,P087,2026-03-06,1,5,친구가 좋다고 해서 샀는데 만족해요. 붉은 기가 빨리 가라앉는다는 게 느껴져요.,0
O0411,C082,P034,2026-03-21,1,5,친구가 좋다고 해서 샀는데 만족해요. 꾸덕한 제형이라 아침에 쓰기 좋아요.,0
O0412,C082,P122,2026-07-03,2,5,재구매입니다. 얼굴이 한 톤 밝아 보인다는 게 느껴져요. 저는 송유진인데 벌써 세 번째 재구매예요.,1
O0413,C083,P064,2025-07-20,1,5,친구가 좋다고 해서 샀는데 만족해요. 겉돌던 게 없어졌다는 게 느껴져요.,0
O0414,C083,P109,2025-09-16,1,2,저랑은 안 맞았어요. 얼굴이 한 톤 밝아 보인다는 잘 모르겠어요.,0
O0415,C083,P008,2025-12-08,1,4,재구매입니다. 나이아신아마이드 들어간 거 찾다가 샀는데 만족합니다.,0
O0416,C083,P198,2025-12-22,1,4,친구가 좋다고 해서 샀는데 만족해요. 꾸덕한 제형이라 아침에 쓰기 좋아요.,0
O0417,C083,P144,2026-02-27,1,1,저랑은 안 맞았어요. 용량 대비 가격이 아쉬워요.,0
O0418,C083,P096,2026-04-15,1,5,두 통째 쓰는 중이에요. 향이 세지 않아서 좋아요.,0
O0419,C083,P046,2026-06-03,1,5,친구가 좋다고 해서 샀는데 만족해요. 나이아신아마이드 들어간 거 찾다가 샀는데 만족합니다.,0
O0420,C083,P037,2026-07-11,1,5,고민하다 샀는데 잘 산 것 같아요. 젤 같은 제형이라 아침에 쓰기 좋아요.,0
O0421,C083,P160,2026-07-24,1,1,다음엔 다른 거 살 것 같아요. 겉돌던 게 없어졌다는 잘 모르겠어요.,1
O0422,C084,P024,2025-09-14,1,5,두 통째 쓰는 중이에요. 향이 세지 않아서 좋아요.,0
O0423,C084,P110,2025-11-09,1,4,샘플 써보고 본품 구매했어요. 올라오던 게 덜하다는 게 느껴져요.,0
O0424,C084,P180,2026-01-31,1,4,재구매입니다. 콜라겐 들어간 거 찾다가 샀는데 만족합니다.,0
O0425,C084,P069,2026-02-22,1,4,재구매입니다. 향이 세지 않아서 좋아요.,0
O0426,C084,P142,2026-07-01,1,4,재구매입니다. 올라오던 게 덜하다는 게 느껴져요.,1
O0427,C085,P149,2026-01-30,1,5,재구매입니다. 건성인데 자극 없이 잘 썼어요. 성남 행신동 사는데 근처 매장에도 있더라고요.,0
O0428,C085,P187,2026-04-07,1,4,재구매입니다. 가볍게 스미는 제형이라 아침에 쓰기 좋아요.,0
O0429,C085,P105,2026-05-08,1,5,재구매입니다. 촉촉하게 감싸는 제형이라 아침에 쓰기 좋아요. 재고 문의는 010 6678 4018 로 부탁드려요.,1
O0430,C086,P088,2026-02-05,1,3,가격 생각하면 이 정도는 하는 것 같아요. 속건조가 덜하다는 게 느껴져요.,0
O0431,C086,P071,2026-02-21,1,5,고민하다 샀는데 잘 산 것 같아요. 약산성 아미노산 들어간 거 찾다가 샀는데 만족합니다. 성남 수성동 사는데 근처 매장에도 있더라고요.,0
O0432,C086,P115,2026-04-09,1,4,두 통째 쓰는 중이에요. 중성인데 자극 없이 잘 썼어요.,1
O0433,C087,P080,2025-07-23,1,5,재구매입니다. 산뜻한 제형이라 아침에 쓰기 좋아요.,0
O0434,C087,P093,2025-07-31,1,1,광고를 너무 믿었나 봐요. 향이 저한테는 좀 강했어요. 황지아님이 추천해줘서 샀어요.,0
O0435,C087,P118,2025-09-24,1,5,재구매입니다. 민감성인데 자극 없이 잘 썼어요.,0
O0436,C087,P195,2025-09-26,1,5,친구가 좋다고 해서 샀는데 만족해요. 젤 같은 제형이라 아침에 쓰기 좋아요. 궁금하신 분은 010-8560-4176으로 문자주세요.,0
O0437,C087,P191,2025-11-10,1,4,재구매입니다. 촉촉하게 감싸는 제형이라 아침에 쓰기 좋아요.,0
O0438,C087,P050,2026-01-28,1,5,재구매입니다. 향이 세지 않아서 좋아요. 저는 황은수인데 벌써 세 번째 재구매예요.,1
O0439,C088,P084,2025-10-14,1,3,무난해요. 복합성인데 자극 없이 잘 썼어요.,0
O0440,C088,P197,2025-10-14,1,4,두 통째 쓰는 중이에요. 복합성인데 자극 없이 잘 썼어요.,0
O0441,C088,P053,2025-10-22,1,5,"고민하다 샀는데 잘 산 것 같아요. 향이 세지 않아서 좋아요. 임하윤이라고 하고요, 매장 직원분이 친절했어요.",0
O0442,C088,P066,2026-01-18,1,5,재구매입니다. 약산성 아미노산 들어간 거 찾다가 샀는데 만족합니다.,0
O0443,C088,P180,2026-02-12,1,5,두 통째 쓰는 중이에요. 콜라겐 들어간 거 찾다가 샀는데 만족합니다. 카톡 아이디 jihoon47 입니다.,0
O0444,C088,P023,2026-02-18,1,4,샘플 써보고 본품 구매했어요. 복합성인데 자극 없이 잘 썼어요. 저는 임하윤인데 벌써 세 번째 재구매예요.,0
O0445,C088,P183,2026-05-03,1,5,재구매입니다. 알로에 들어간 거 찾다가 샀는데 만족합니다.,0
O0446,C088,P174,2026-06-02,1,2,광고를 너무 믿었나 봐요. 눈가가 덜 접힌다는 잘 모르겠어요. 재고 문의는 010 4860 8868 로 부탁드려요.,1
O0447,C089,P009,2025-07-13,1,5,재구매입니다. 민감성인데 자극 없이 잘 썼어요.,0
O0448,C089,P064,2025-08-25,1,4,두 통째 쓰는 중이에요. 겉돌던 게 없어졌다는 게 느껴져요.,0
O0449,C089,P043,2025-09-02,2,5,"재구매입니다. 민감성인데 자극 없이 잘 썼어요. 최도현이라고 하고요, 매장 직원분이 친절했어요.",0
O0450,C089,P011,2025-09-13,1,2,다음엔 다른 거 살 것 같아요. 민감성이라 그런지 발랐더니 조금 따가웠어요. 안예린님이 추천해줘서 샀어요.,0
O0451,C089,P136,2026-04-05,1,4,고민하다 샀는데 잘 산 것 같아요. 젤 같은 제형이라 아침에 쓰기 좋아요.,0
O0452,C089,P165,2026-04-06,1,3,가격 생각하면 이 정도는 하는 것 같아요. 산뜻한 제형이라 아침에 쓰기 좋아요.,0
O0453,C089,P162,2026-06-10,1,2,저랑은 안 맞았어요. 눈가가 덜 접힌다는 잘 모르겠어요.,0
O0454,C089,P003,2026-06-26,1,5,재구매입니다. 향이 세지 않아서 좋아요.,1
O0455,C090,P118,2025-08-08,1,4,샘플 써보고 본품 구매했어요. 얼굴이 한 톤 밝아 보인다는 게 느껴져요.,0
O0456,C090,P137,2025-09-20,1,3,가격 생각하면 이 정도는 하는 것 같아요. 지성인데 자극 없이 잘 썼어요. 공구 원하시면 01031299386 연락주세요.,0
O0457,C090,P096,2025-12-05,1,5,두 통째 쓰는 중이에요. 레티놀 들어간 거 찾다가 샀는데 만족합니다.,0
O0458,C090,P197,2026-02-28,1,4,"고민하다 샀는데 잘 산 것 같아요. 알로에 들어간 거 찾다가 샀는데 만족합니다. 안예린이라고 하고요, 매장 직원분이 친절했어요.",1
O0459,C091,P115,2025-09-06,2,4,샘플 써보고 본품 구매했어요. 비타민C 들어간 거 찾다가 샀는데 만족합니다. 서울 행신동 사는데 근처 매장에도 있더라고요.,0
O0460,C091,P062,2026-03-31,1,3,기대가 컸나 봐요. 향이 세지 않아서 좋아요. 샘플 문의는 miyeon7@example.com 로 주세요.,0
O0461,C091,P096,2026-07-14,1,4,친구가 좋다고 해서 샀는데 만족해요. 향이 세지 않아서 좋아요.,1
O0462,C092,P120,2025-10-25,1,4,고민하다 샀는데 잘 산 것 같아요. 향이 세지 않아서 좋아요.,0
O0463,C092,P147,2025-12-18,1,5,샘플 써보고 본품 구매했어요. 올라오던 게 덜하다는 게 느껴져요.,0
O0464,C092,P149,2026-04-16,2,4,재구매입니다. 쌀겨 들어간 거 찾다가 샀는데 만족합니다. 저는 오도현인데 벌써 세 번째 재구매예요.,0
O0465,C092,P051,2026-05-15,1,4,친구가 좋다고 해서 샀는데 만족해요. 복합성인데 자극 없이 잘 썼어요.,0
O0466,C092,P183,2026-07-23,1,5,고민하다 샀는데 잘 산 것 같아요. 향이 세지 않아서 좋아요.,1
O0467,C093,P073,2025-07-26,1,5,친구가 좋다고 해서 샀는데 만족해요. 어성초 들어간 거 찾다가 샀는데 만족합니다. 카톡 아이디 junseo90 입니다.,0
O0468,C093,P131,2026-03-27,1,4,재구매입니다. 향이 세지 않아서 좋아요. 재고 문의는 010 4496 6091 로 부탁드려요.,0
O0469,C093,P187,2026-05-15,1,4,두 통째 쓰는 중이에요. 건성인데 자극 없이 잘 썼어요. 성남 사는 장예지입니다. 배송 빨랐어요.,0
O0470,C093,P106,2026-06-06,1,4,재구매입니다. 세라마이드 들어간 거 찾다가 샀는데 만족합니다.,1
O0471,C094,P045,2025-07-29,1,4,친구가 좋다고 해서 샀는데 만족해요. 비타민C 들어간 거 찾다가 샀는데 만족합니다.,0
O0472,C094,P011,2025-11-08,1,1,환불 고민 중입니다. 생각보다 끈적여서 아침엔 못 쓰겠어요. 궁금하신 분은 010-4676-7281으로 문자주세요.,0
O0473,C094,P024,2025-12-30,1,4,고민하다 샀는데 잘 산 것 같아요. 레티놀 들어간 거 찾다가 샀는데 만족합니다. 재고 문의는 010 4676 7281 로 부탁드려요.,0
O0474,C094,P177,2026-02-27,3,5,친구가 좋다고 해서 샀는데 만족해요. 겉돌던 게 없어졌다는 게 느껴져요.,0
O0475,C094,P040,2026-05-13,1,5,샘플 써보고 본품 구매했어요. 병풀 들어간 거 찾다가 샀는데 만족합니다.,0
O0476,C094,P107,2026-07-19,1,5,친구가 좋다고 해서 샀는데 만족해요. 향이 세지 않아서 좋아요.,1
O0477,C095,P039,2025-10-10,2,2,저랑은 안 맞았어요. 민감성이라 그런지 발랐더니 조금 따가웠어요.,0
O0478,C095,P053,2025-10-27,1,3,가격 생각하면 이 정도는 하는 것 같아요. 민감성인데 자극 없이 잘 썼어요.,0
O0479,C095,P179,2026-02-06,1,2,저랑은 안 맞았어요. 향이 저한테는 좀 강했어요. 성남 사는 장예지입니다. 배송 빨랐어요.,0
O0480,C095,P180,2026-05-16,1,4,샘플 써보고 본품 구매했어요. 콜라겐 들어간 거 찾다가 샀는데 만족합니다.,0
O0481,C095,P006,2026-06-08,3,5,샘플 써보고 본품 구매했어요. 향이 세지 않아서 좋아요.,0
O0482,C095,P071,2026-06-20,1,5,재구매입니다. 향이 세지 않아서 좋아요. 재고 문의는 010 7684 3885 로 부탁드려요.,1
O0483,C096,P058,2025-08-19,2,4,재구매입니다. 눈가가 덜 접힌다는 게 느껴져요. 재고 문의는 010 8495 1422 로 부탁드려요.,0
O0484,C096,P075,2026-02-25,1,5,고민하다 샀는데 잘 산 것 같아요. 프로폴리스 들어간 거 찾다가 샀는데 만족합니다. 신나은님이 추천해줘서 샀어요.,1
O0485,C097,P081,2025-10-14,1,4,샘플 써보고 본품 구매했어요. 산뜻한 제형이라 아침에 쓰기 좋아요. 저는 장하윤인데 벌써 세 번째 재구매예요.,0
O0486,C097,P051,2025-11-29,1,5,두 통째 쓰는 중이에요. 결이 정돈된 느낌이 든다는 게 느껴져요.,0
O0487,C097,P053,2025-12-25,1,5,샘플 써보고 본품 구매했어요. 복합성인데 자극 없이 잘 썼어요. 샘플 문의는 hayoon56@example.com 로 주세요.,0
O0488,C097,P185,2026-01-11,1,4,친구가 좋다고 해서 샀는데 만족해요. 알로에 들어간 거 찾다가 샀는데 만족합니다. 부산 구월동 사는데 근처 매장에도 있더라고요.,1
O0489,C098,P142,2025-10-30,1,4,"샘플 써보고 본품 구매했어요. 가볍게 스미는 제형이라 아침에 쓰기 좋아요. 권재민이라고 하고요, 매장 직원분이 친절했어요.",0
O0490,C098,P019,2025-11-09,1,5,고민하다 샀는데 잘 산 것 같아요. 물처럼 묽은 제형이라 아침에 쓰기 좋아요.,0
O0491,C098,P190,2025-12-29,1,5,재구매입니다. 향이 세지 않아서 좋아요. 저는 권재민인데 벌써 세 번째 재구매예요.,0
O0492,C098,P179,2026-02-21,1,5,고민하다 샀는데 잘 산 것 같아요. 약산성 아미노산 들어간 거 찾다가 샀는데 만족합니다.,1
O0493,C099,P108,2025-08-27,1,4,"샘플 써보고 본품 구매했어요. 눈가가 덜 접힌다는 게 느껴져요. 이다은이라고 하고요, 매장 직원분이 친절했어요.",0
O0494,C099,P062,2025-08-30,1,5,고민하다 샀는데 잘 산 것 같아요. 얼굴이 한 톤 밝아 보인다는 게 느껴져요. 카톡 아이디 junseo25 입니다.,0
O0495,C099,P114,2025-09-11,1,5,재구매입니다. 병풀 들어간 거 찾다가 샀는데 만족합니다.,0
O0496,C099,P046,2026-02-19,1,2,광고를 너무 믿었나 봐요. 향이 저한테는 좀 강했어요.,0
O0497,C099,P194,2026-06-20,3,5,재구매입니다. 지성인데 자극 없이 잘 썼어요.,0
O0498,C099,P170,2026-06-23,1,4,재구매입니다. 물처럼 묽은 제형이라 아침에 쓰기 좋아요.,0
O0499,C099,P043,2026-07-23,1,5,샘플 써보고 본품 구매했어요. 향이 세지 않아서 좋아요.,1
O0500,C100,P078,2025-07-25,1,4,고민하다 샀는데 잘 산 것 같아요. 향이 세지 않아서 좋아요. 카톡 아이디 yujin56 입니다.,0
O0501,C100,P093,2025-12-04,1,1,환불 고민 중입니다. 향이 저한테는 좀 강했어요. 대전 사는 권민준입니다. 배송 빨랐어요.,0
O0502,C100,P066,2026-01-17,1,5,고민하다 샀는데 잘 산 것 같아요. 향이 세지 않아서 좋아요.,0
O0503,C100,P121,2026-07-21,1,5,고민하다 샀는데 잘 산 것 같아요. 속건조가 덜하다는 게 느껴져요.,1
O0504,C101,P148,2025-07-07,1,5,두 통째 쓰는 중이에요. 젤 같은 제형이라 아침에 쓰기 좋아요.,0
O0505,C101,P153,2025-08-01,1,2,광고를 너무 믿었나 봐요. 용량 대비 가격이 아쉬워요. 부산 수지구 사는데 근처 매장에도 있더라고요.,0
O0506,C101,P096,2025-08-30,1,1,다음엔 다른 거 살 것 같아요. 향이 저한테는 좀 강했어요.,0
O0507,C101,P001,2025-09-13,1,4,재구매입니다. 젤 같은 제형이라 아침에 쓰기 좋아요.,0
O0508,C101,P172,2025-10-30,1,1,저랑은 안 맞았어요. 향이 저한테는 좀 강했어요. 재고 문의는 010 5387 7372 로 부탁드려요.,0
O0509,C101,P131,2025-11-17,1,5,샘플 써보고 본품 구매했어요. 지성인데 자극 없이 잘 썼어요.,0
O0510,C101,P078,2026-04-25,1,4,재구매입니다. 향이 세지 않아서 좋아요.,0
O0511,C101,P155,2026-04-29,1,5,친구가 좋다고 해서 샀는데 만족해요. 향이 세지 않아서 좋아요.,0
O0512,C101,P097,2026-05-12,2,5,샘플 써보고 본품 구매했어요. 물처럼 묽은 제형이라 아침에 쓰기 좋아요. 임태윤님이 추천해줘서 샀어요.,1
O0513,C102,P140,2025-09-04,1,3,나쁘진 않은데 특별하진 않네요. 히알루론산 들어간 거 찾다가 샀는데 만족합니다.,0
O0514,C102,P083,2025-11-16,1,5,고민하다 샀는데 잘 산 것 같아요. 탱탱한 느낌이 오래간다는 게 느껴져요. 저는 신보민인데 벌써 세 번째 재구매예요.,0
O0515,C102,P075,2026-07-07,1,5,재구매입니다. 향이 세지 않아서 좋아요. 샘플 문의는 bomin23@example.com 로 주세요.,1
O0516,C103,P123,2026-02-01,1,4,재구매입니다. 향이 세지 않아서 좋아요.,0
O0517,C103,P048,2026-02-13,2,3,나쁘진 않은데 특별하진 않네요. 복합성인데 자극 없이 잘 썼어요.,0
O0518,C103,P162,2026-05-13,2,4,친구가 좋다고 해서 샀는데 만족해요. 복합성인데 자극 없이 잘 썼어요.,1
O0519,C104,P061,2025-07-16,1,5,샘플 써보고 본품 구매했어요. 눈가가 덜 접힌다는 게 느껴져요.,0
O0520,C104,P044,2025-12-22,1,5,친구가 좋다고 해서 샀는데 만족해요. 탱탱한 느낌이 오래간다는 게 느껴져요.,0
O0521,C104,P199,2026-03-19,1,3,무난해요. 탱탱한 느낌이 오래간다는 게 느껴져요.,0
O0522,C104,P197,2026-06-19,1,5,재구매입니다. 눈가가 덜 접힌다는 게 느껴져요. 저는 이지아인데 벌써 세 번째 재구매예요.,0
O0523,C104,P056,2026-07-22,1,4,재구매입니다. 향이 세지 않아서 좋아요.,1
O0524,C105,P128,2025-09-12,1,4,재구매입니다. 민감성인데 자극 없이 잘 썼어요.,0
O0525,C105,P141,2026-03-22,1,4,두 통째 쓰는 중이에요. 꾸덕한 제형이라 아침에 쓰기 좋아요.,0
O0526,C105,P183,2026-06-05,1,5,고민하다 샀는데 잘 산 것 같아요. 향이 세지 않아서 좋아요. 공구 원하시면 01028324775 연락주세요.,1
O0527,C106,P121,2025-08-09,1,4,"고민하다 샀는데 잘 산 것 같아요. 속건조가 덜하다는 게 느껴져요. 안미연이라고 하고요, 매장 직원분이 친절했어요.",0
O0528,C106,P102,2025-11-17,1,4,샘플 써보고 본품 구매했어요. 지성인데 자극 없이 잘 썼어요. 샘플 문의는 miyeon37@example.com 로 주세요.,0
O0529,C106,P041,2025-12-22,1,5,고민하다 샀는데 잘 산 것 같아요. 지성인데 자극 없이 잘 썼어요.,0
O0530,C106,P194,2026-01-11,1,5,두 통째 쓰는 중이에요. 촉촉하게 감싸는 제형이라 아침에 쓰기 좋아요. 저는 안미연인데 벌써 세 번째 재구매예요.,0
O0531,C106,P013,2026-08-03,1,5,두 통째 쓰는 중이에요. 비타민C 들어간 거 찾다가 샀는데 만족합니다.,0
O0532,C106,P103,2026-08-04,1,4,친구가 좋다고 해서 샀는데 만족해요. 비타민C 들어간 거 찾다가 샀는데 만족합니다.,1
O0533,C107,P152,2025-08-05,1,2,저랑은 안 맞았어요. 용량 대비 가격이 아쉬워요. 광주 사는 신미연입니다. 배송 빨랐어요.,0
O0534,C107,P123,2025-12-04,1,5,친구가 좋다고 해서 샀는데 만족해요. 붉은 기가 빨리 가라앉는다는 게 느껴져요.,0
O0535,C107,P121,2026-01-07,1,3,무난해요. 지성인데 자극 없이 잘 썼어요.,0
O0536,C107,P039,2026-01-23,3,3,가격 생각하면 이 정도는 하는 것 같아요. 눈가가 덜 접힌다는 게 느껴져요. 광주 사는 신미연입니다. 배송 빨랐어요.,0
O0537,C107,P078,2026-01-30,1,5,고민하다 샀는데 잘 산 것 같아요. 향이 세지 않아서 좋아요. 궁금하신 분은 010-2842-3735으로 문자주세요.,0
O0538,C107,P144,2026-02-09,1,3,나쁘진 않은데 특별하진 않네요. 가볍게 스미는 제형이라 아침에 쓰기 좋아요. 장혜원님이 추천해줘서 샀어요.,0
O0539,C107,P034,2026-04-30,1,3,무난해요. 향이 세지 않아서 좋아요. 광주 구월동 사는데 근처 매장에도 있더라고요.,0
O0540,C107,P096,2026-05-09,1,4,재구매입니다. 지성인데 자극 없이 잘 썼어요.,1
O0541,C108,P010,2025-11-03,1,1,저랑은 안 맞았어요. 중성이라 그런지 발랐더니 조금 따가웠어요.,0
O0542,C108,P028,2025-12-17,1,4,고민하다 샀는데 잘 산 것 같아요. 꾸덕한 제형이라 아침에 쓰기 좋아요.,0
O0543,C108,P054,2025-12-23,3,5,샘플 써보고 본품 구매했어요. 중성인데 자극 없이 잘 썼어요. 한지훈님이 추천해줘서 샀어요.,0
O0544,C108,P035,2026-04-21,1,3,가격 생각하면 이 정도는 하는 것 같아요. 중성인데 자극 없이 잘 썼어요. 궁금하신 분은 010-7781-6004으로 문자주세요.,0
O0545,C108,P199,2026-05-21,1,5,친구가 좋다고 해서 샀는데 만족해요. 향이 세지 않아서 좋아요. 송예린님이 추천해줘서 샀어요.,0
O0546,C108,P012,2026-07-12,1,5,두 통째 쓰는 중이에요. 비타민C 들어간 거 찾다가 샀는데 만족합니다.,1
O0547,C109,P169,2026-02-23,1,4,친구가 좋다고 해서 샀는데 만족해요. 녹차 들어간 거 찾다가 샀는데 만족합니다.,0
O0548,C109,P124,2026-07-25,1,1,환불 고민 중입니다. 생각보다 끈적여서 아침엔 못 쓰겠어요.,0
O0549,C109,P126,2026-08-03,1,5,친구가 좋다고 해서 샀는데 만족해요. 판테놀 들어간 거 찾다가 샀는데 만족합니다. 카톡 아이디 eunsu95 입니다.,1
O0550,C110,P085,2026-05-05,1,5,샘플 써보고 본품 구매했어요. 꾸덕한 제형이라 아침에 쓰기 좋아요.,0
O0551,C110,P063,2026-06-01,3,5,두 통째 쓰는 중이에요. 가볍게 스미는 제형이라 아침에 쓰기 좋아요.,1
O0552,C111,P149,2025-09-21,1,5,샘플 써보고 본품 구매했어요. 지성인데 자극 없이 잘 썼어요.,0
O0553,C111,P139,2025-10-02,1,3,나쁘진 않은데 특별하진 않네요. 젤 같은 제형이라 아침에 쓰기 좋아요. 안지은 언니가 쓰는 거 보고 따라 샀습니다.,0
O0554,C111,P006,2025-10-29,1,3,기대가 컸나 봐요. 촉촉하게 감싸는 제형이라 아침에 쓰기 좋아요. 정유진님이 추천해줘서 샀어요.,0
O0555,C111,P084,2025-11-10,1,3,기대가 컸나 봐요. 지성인데 자극 없이 잘 썼어요. 공구 원하시면 01099036282 연락주세요.,0
O0556,C111,P091,2026-07-08,1,5,샘플 써보고 본품 구매했어요. 올라오던 게 덜하다는 게 느껴져요. 샘플 문의는 yerin81@example.com 로 주세요.,1
O0557,C112,P046,2025-07-08,1,1,다음엔 다른 거 살 것 같아요. 향이 저한테는 좀 강했어요. 공구 원하시면 01032967920 연락주세요.,0
O0558,C112,P066,2025-10-12,1,1,저랑은 안 맞았어요. 복합성이라 그런지 발랐더니 조금 따가웠어요.,0
O0559,C112,P167,2026-01-08,2,4,재구매입니다. 향이 세지 않아서 좋아요.,0
O0560,C112,P198,2026-04-13,1,1,환불 고민 중입니다. 용량 대비 가격이 아쉬워요.,0
O0561,C112,P109,2026-04-27,1,5,친구가 좋다고 해서 샀는데 만족해요. 향이 세지 않아서 좋아요.,1
O0562,C113,P174,2026-05-27,1,3,가격 생각하면 이 정도는 하는 것 같아요. 촉촉하게 감싸는 제형이라 아침에 쓰기 좋아요. 공구 원하시면 01095896805 연락주세요.,0
O0563,C113,P002,2026-07-19,1,4,고민하다 샀는데 잘 산 것 같아요. 복합성인데 자극 없이 잘 썼어요.,1
O0564,C114,P131,2025-08-21,1,5,샘플 써보고 본품 구매했어요. 향이 세지 않아서 좋아요. 궁금하신 분은 010-2368-1366으로 문자주세요.,0
O0565,C114,P082,2025-09-18,1,5,샘플 써보고 본품 구매했어요. 녹차 들어간 거 찾다가 샀는데 만족합니다.,0
O0566,C114,P179,2025-11-18,1,2,환불 고민 중입니다. 결이 정돈된 느낌이 든다는 잘 모르겠어요. 재고 문의는 010 2368 1366 로 부탁드려요.,0
O0567,C114,P162,2026-02-26,1,5,두 통째 쓰는 중이에요. 가볍게 스미는 제형이라 아침에 쓰기 좋아요.,0
O0568,C114,P145,2026-03-22,1,4,샘플 써보고 본품 구매했어요. 비타민C 들어간 거 찾다가 샀는데 만족합니다. 공구 원하시면 01023681366 연락주세요.,0
O0569,C114,P008,2026-06-13,3,4,재구매입니다. 결이 정돈된 느낌이 든다는 게 느껴져요.,0
O0570,C114,P053,2026-06-26,1,2,저랑은 안 맞았어요. 붉은 기가 빨리 가라앉는다는 잘 모르겠어요.,0
O0571,C114,P089,2026-07-11,1,5,샘플 써보고 본품 구매했어요. 눈가가 덜 접힌다는 게 느껴져요.,1
O0572,C115,P051,2025-11-07,1,5,고민하다 샀는데 잘 산 것 같아요. 꾸덕한 제형이라 아침에 쓰기 좋아요. 대전 사는 정태윤입니다. 배송 빨랐어요.,0
O0573,C115,P165,2026-03-13,1,2,다음엔 다른 거 살 것 같아요. 민감성이라 그런지 발랐더니 조금 따가웠어요.,0
O0574,C115,P085,2026-03-23,1,2,광고를 너무 믿었나 봐요. 탱탱한 느낌이 오래간다는 잘 모르겠어요.,0
O0575,C115,P024,2026-03-30,1,4,재구매입니다. 탱탱한 느낌이 오래간다는 게 느껴져요.,0
O0576,C115,P109,2026-05-17,1,4,샘플 써보고 본품 구매했어요. 얼굴이 한 톤 밝아 보인다는 게 느껴져요.,0
O0577,C115,P033,2026-07-16,1,1,저랑은 안 맞았어요. 용량 대비 가격이 아쉬워요.,1
O0578,C116,P156,2025-08-01,1,3,가격 생각하면 이 정도는 하는 것 같아요. 올라오던 게 덜하다는 게 느껴져요.,0
O0579,C116,P127,2025-09-19,3,3,가격 생각하면 이 정도는 하는 것 같아요. 복합성인데 자극 없이 잘 썼어요. 카톡 아이디 jihoon39 입니다.,1
O0580,C117,P107,2025-07-14,1,4,샘플 써보고 본품 구매했어요. 결이 정돈된 느낌이 든다는 게 느껴져요.,0
O0581,C117,P129,2026-01-11,1,4,두 통째 쓰는 중이에요. 물처럼 묽은 제형이라 아침에 쓰기 좋아요. 저는 송예린인데 벌써 세 번째 재구매예요.,0
O0582,C117,P070,2026-05-31,1,1,환불 고민 중입니다. 겉돌던 게 없어졌다는 잘 모르겠어요.,0
O0583,C117,P124,2026-06-15,1,5,두 통째 쓰는 중이에요. 지성인데 자극 없이 잘 썼어요.,1
O0584,C118,P102,2025-11-20,1,4,샘플 써보고 본품 구매했어요. 세라마이드 들어간 거 찾다가 샀는데 만족합니다.,0
O0585,C118,P185,2026-04-15,1,5,"두 통째 쓰는 중이에요. 복합성인데 자극 없이 잘 썼어요. 이태윤이라고 하고요, 매장 직원분이 친절했어요.",0
O0586,C118,P084,2026-07-11,2,4,재구매입니다. 향이 세지 않아서 좋아요.,1
O0587,C119,P042,2025-07-31,1,4,샘플 써보고 본품 구매했어요. 향이 세지 않아서 좋아요. 대전 사는 조채원입니다. 배송 빨랐어요.,0
O0588,C119,P090,2026-04-30,1,4,고민하다 샀는데 잘 산 것 같아요. 꾸덕한 제형이라 아침에 쓰기 좋아요. 공구 원하시면 01052222190 연락주세요.,0
O0589,C119,P013,2026-07-01,1,1,환불 고민 중입니다. 복합성이라 그런지 발랐더니 조금 따가웠어요.,1
O0590,C120,P030,2025-08-25,2,5,두 통째 쓰는 중이에요. 가볍게 스미는 제형이라 아침에 쓰기 좋아요.,0
O0591,C120,P005,2025-08-25,1,5,친구가 좋다고 해서 샀는데 만족해요. 건성인데 자극 없이 잘 썼어요.,0
O0592,C120,P180,2025-12-11,1,5,"샘플 써보고 본품 구매했어요. 얼굴이 한 톤 밝아 보인다는 게 느껴져요. 황나은이라고 하고요, 매장 직원분이 친절했어요.",0
O0593,C120,P189,2025-12-14,1,5,샘플 써보고 본품 구매했어요. 건성인데 자극 없이 잘 썼어요.,0
O0594,C120,P127,2025-12-16,1,5,고민하다 샀는데 잘 산 것 같아요. 향이 세지 않아서 좋아요.,0
O0595,C120,P130,2026-05-03,1,2,환불 고민 중입니다. 향이 저한테는 좀 강했어요.,0
O0596,C120,P047,2026-05-10,1,5,재구매입니다. 나이아신아마이드 들어간 거 찾다가 샀는데 만족합니다. 공구 원하시면 01051412373 연락주세요.,1
O0597,C121,P084,2025-07-22,1,3,무난해요. 건성인데 자극 없이 잘 썼어요.,0
O0598,C121,P047,2025-08-10,1,1,광고를 너무 믿었나 봐요. 용량 대비 가격이 아쉬워요. 재고 문의는 010 1715 4805 로 부탁드려요.,0
O0599,C121,P041,2025-12-15,1,4,고민하다 샀는데 잘 산 것 같아요. 녹차 들어간 거 찾다가 샀는데 만족합니다. 이지훈님이 추천해줘서 샀어요.,0
O0600,C121,P182,2026-02-07,1,1,환불 고민 중입니다. 건성이라 그런지 발랐더니 조금 따가웠어요.,0
O0601,C121,P005,2026-03-24,1,3,무난해요. 건성인데 자극 없이 잘 썼어요. 공구 원하시면 01017154805 연락주세요.,0
O0602,C121,P072,2026-07-18,1,1,다음엔 다른 거 살 것 같아요. 용량 대비 가격이 아쉬워요.,1
O0603,C122,P031,2025-09-23,1,4,고민하다 샀는데 잘 산 것 같아요. 복합성인데 자극 없이 잘 썼어요. 저는 신보민인데 벌써 세 번째 재구매예요.,0
O0604,C122,P083,2025-09-24,1,4,샘플 써보고 본품 구매했어요. 향이 세지 않아서 좋아요.,0
O0605,C122,P047,2026-02-14,1,5,샘플 써보고 본품 구매했어요. 복합성인데 자극 없이 잘 썼어요. 공구 원하시면 01040217784 연락주세요.,1
O0606,C123,P098,2025-07-27,1,4,두 통째 쓰는 중이에요. 지성인데 자극 없이 잘 썼어요. 재고 문의는 010 4494 5563 로 부탁드려요.,0
O0607,C123,P133,2025-09-03,2,3,기대가 컸나 봐요. 향이 세지 않아서 좋아요.,0
O0608,C123,P093,2026-02-19,1,5,친구가 좋다고 해서 샀는데 만족해요. 향이 세지 않아서 좋아요. 궁금하신 분은 010-4494-5563으로 문자주세요.,0
O0609,C123,P180,2026-07-14,1,5,샘플 써보고 본품 구매했어요. 콜라겐 들어간 거 찾다가 샀는데 만족합니다.,0
O0610,C123,P171,2026-07-23,1,5,재구매입니다. 가볍게 스미는 제형이라 아침에 쓰기 좋아요. 신상우님이 추천해줘서 샀어요.,1
O0611,C124,P099,2025-07-12,1,4,친구가 좋다고 해서 샀는데 만족해요. 촉촉하게 감싸는 제형이라 아침에 쓰기 좋아요. 김지아 언니가 쓰는 거 보고 따라 샀습니다.,0
O0612,C124,P063,2025-09-17,1,5,샘플 써보고 본품 구매했어요. 눈가가 덜 접힌다는 게 느껴져요.,0
O0613,C124,P167,2025-11-03,1,4,샘플 써보고 본품 구매했어요. 향이 세지 않아서 좋아요.,0
O0614,C124,P012,2026-02-16,2,5,"샘플 써보고 본품 구매했어요. 복합성인데 자극 없이 잘 썼어요. 김지훈이라고 하고요, 매장 직원분이 친절했어요.",0
O0615,C124,P096,2026-04-12,1,4,재구매입니다. 향이 세지 않아서 좋아요.,0
O0616,C124,P001,2026-06-13,2,5,친구가 좋다고 해서 샀는데 만족해요. 산뜻한 제형이라 아침에 쓰기 좋아요. 저는 김지훈인데 벌써 세 번째 재구매예요.,0
O0617,C124,P045,2026-07-31,1,3,나쁘진 않은데 특별하진 않네요. 비타민C 들어간 거 찾다가 샀는데 만족합니다.,1
O0618,C125,P187,2025-07-17,1,2,다음엔 다른 거 살 것 같아요. 향이 저한테는 좀 강했어요.,0
O0619,C125,P152,2025-08-03,1,5,샘플 써보고 본품 구매했어요. 젤 같은 제형이라 아침에 쓰기 좋아요.,0
O0620,C125,P073,2025-10-07,1,5,재구매입니다. 어성초 들어간 거 찾다가 샀는데 만족합니다. 수원 사는 황나은입니다. 배송 빨랐어요.,0
O0621,C125,P090,2025-11-08,1,3,무난해요. 콜라겐 들어간 거 찾다가 샀는데 만족합니다.,0
O0622,C125,P055,2026-01-29,2,5,두 통째 쓰는 중이에요. 레티놀 들어간 거 찾다가 샀는데 만족합니다.,0
O0623,C125,P185,2026-02-11,1,1,광고를 너무 믿었나 봐요. 올라오던 게 덜하다는 잘 모르겠어요.,1
O0624,C126,P125,2025-10-10,1,4,고민하다 샀는데 잘 산 것 같아요. 촉촉하게 감싸는 제형이라 아침에 쓰기 좋아요.,0
O0625,C126,P072,2025-10-28,1,5,두 통째 쓰는 중이에요. 판테놀 들어간 거 찾다가 샀는데 만족합니다.,0
O0626,C126,P023,2025-12-05,1,5,두 통째 쓰는 중이에요. 산뜻한 제형이라 아침에 쓰기 좋아요. 대구 사는 임수빈입니다. 배송 빨랐어요.,0
O0627,C126,P146,2026-02-06,1,2,환불 고민 중입니다. 용량 대비 가격이 아쉬워요. 샘플 문의는 subin55@example.com 로 주세요.,0
O0628,C126,P141,2026-05-17,1,5,샘플 써보고 본품 구매했어요. 결이 정돈된 느낌이 든다는 게 느껴져요.,0
O0629,C126,P199,2026-05-30,1,3,나쁘진 않은데 특별하진 않네요. 향이 세지 않아서 좋아요.,0
O0630,C126,P178,2026-07-01,1,1,광고를 너무 믿었나 봐요. 생각보다 끈적여서 아침엔 못 쓰겠어요.,1
O0631,C127,P155,2025-08-23,1,5,재구매입니다. 촉촉하게 감싸는 제형이라 아침에 쓰기 좋아요.,0
O0632,C127,P190,2025-10-14,1,5,샘플 써보고 본품 구매했어요. 어성초 들어간 거 찾다가 샀는데 만족합니다.,0
O0633,C127,P197,2026-05-29,1,5,친구가 좋다고 해서 샀는데 만족해요. 눈가가 덜 접힌다는 게 느껴져요.,0
O0634,C127,P078,2026-06-24,1,5,두 통째 쓰는 중이에요. 얼굴이 한 톤 밝아 보인다는 게 느껴져요. 오지은님이 추천해줘서 샀어요.,1
O0635,C128,P144,2025-07-29,1,4,고민하다 샀는데 잘 산 것 같아요. 나이아신아마이드 들어간 거 찾다가 샀는데 만족합니다. 저는 송도현인데 벌써 세 번째 재구매예요.,0
O0636,C128,P141,2025-12-25,2,5,고민하다 샀는데 잘 산 것 같아요. 민감성인데 자극 없이 잘 썼어요.,0
O0637,C128,P169,2026-02-23,1,5,두 통째 쓰는 중이에요. 산뜻한 제형이라 아침에 쓰기 좋아요.,1
O0638,C129,P110,2025-08-09,1,4,두 통째 쓰는 중이에요. 지성인데 자극 없이 잘 썼어요.,0
O0639,C129,P198,2025-08-19,1,5,고민하다 샀는데 잘 산 것 같아요. 지성인데 자극 없이 잘 썼어요. 재고 문의는 010 4300 6587 로 부탁드려요.,0
O0640,C129,P199,2026-05-14,1,5,친구가 좋다고 해서 샀는데 만족해요. 촉촉하게 감싸는 제형이라 아침에 쓰기 좋아요.,0
O0641,C129,P155,2026-06-09,1,3,기대가 컸나 봐요. 붉은 기가 빨리 가라앉는다는 게 느껴져요.,1
O0642,C130,P176,2025-08-01,1,5,고민하다 샀는데 잘 산 것 같아요. 향이 세지 않아서 좋아요. 저는 조수빈인데 벌써 세 번째 재구매예요.,0
O0643,C130,P149,2025-12-06,3,5,두 통째 쓰는 중이에요. 젤 같은 제형이라 아침에 쓰기 좋아요.,0
O0644,C130,P095,2025-12-22,1,4,고민하다 샀는데 잘 산 것 같아요. 세라마이드 들어간 거 찾다가 샀는데 만족합니다.,0
O0645,C130,P061,2026-03-26,2,4,고민하다 샀는데 잘 산 것 같아요. 중성인데 자극 없이 잘 썼어요. 카톡 아이디 hyewon13 입니다.,1
O0646,C131,P056,2025-10-27,1,3,무난해요. 민감성인데 자극 없이 잘 썼어요.,0
O0647,C131,P156,2025-10-28,1,1,저랑은 안 맞았어요. 올라오던 게 덜하다는 잘 모르겠어요. 재고 문의는 010 2049 4994 로 부탁드려요.,0
O0648,C131,P141,2025-11-30,1,5,두 통째 쓰는 중이에요. 민감성인데 자극 없이 잘 썼어요.,0
O0649,C131,P005,2026-05-22,1,5,고민하다 샀는데 잘 산 것 같아요. 민감성인데 자극 없이 잘 썼어요. 최현우 언니가 쓰는 거 보고 따라 샀습니다.,0
O0650,C131,P004,2026-05-30,1,4,재구매입니다. 탱탱한 느낌이 오래간다는 게 느껴져요.,1
O0651,C132,P164,2025-08-11,1,5,두 통째 쓰는 중이에요. 결이 정돈된 느낌이 든다는 게 느껴져요. 카톡 아이디 yujin68 입니다.,0
O0652,C132,P066,2026-04-11,1,3,무난해요. 촉촉하게 감싸는 제형이라 아침에 쓰기 좋아요. 재고 문의는 010 1820 5447 로 부탁드려요.,0
O0653,C132,P044,2026-07-16,1,3,가격 생각하면 이 정도는 하는 것 같아요. 중성인데 자극 없이 잘 썼어요.,0
O0654,C132,P193,2026-08-03,1,3,기대가 컸나 봐요. 겉돌던 게 없어졌다는 게 느껴져요.,1
O0655,C133,P137,2025-07-11,1,5,재구매입니다. 향이 세지 않아서 좋아요.,0
O0656,C133,P165,2026-01-14,1,4,샘플 써보고 본품 구매했어요. 꾸덕한 제형이라 아침에 쓰기 좋아요.,0
O0657,C133,P075,2026-02-26,1,5,고민하다 샀는데 잘 산 것 같아요. 꾸덕한 제형이라 아침에 쓰기 좋아요.,0
O0658,C133,P087,2026-05-28,1,3,기대가 컸나 봐요. 가볍게 스미는 제형이라 아침에 쓰기 좋아요.,0
O0659,C133,P052,2026-07-13,1,3,가격 생각하면 이 정도는 하는 것 같아요. 꾸덕한 제형이라 아침에 쓰기 좋아요.,1
O0660,C134,P096,2025-09-08,3,5,재구매입니다. 지성인데 자극 없이 잘 썼어요. 용인 구월동 사는데 근처 매장에도 있더라고요.,0
O0661,C134,P005,2025-10-06,1,4,친구가 좋다고 해서 샀는데 만족해요. 결이 정돈된 느낌이 든다는 게 느껴져요.,0
O0662,C134,P195,2026-02-27,1,5,샘플 써보고 본품 구매했어요. 지성인데 자극 없이 잘 썼어요. 재고 문의는 010 7486 5233 로 부탁드려요.,0
O0663,C134,P008,2026-03-03,1,5,재구매입니다. 향이 세지 않아서 좋아요. 재고 문의는 010 7486 5233 로 부탁드려요.,0
O0664,C134,P002,2026-03-21,1,4,재구매입니다. 물처럼 묽은 제형이라 아침에 쓰기 좋아요.,0
O0665,C134,P084,2026-08-05,1,5,친구가 좋다고 해서 샀는데 만족해요. 향이 세지 않아서 좋아요.,1
O0666,C135,P053,2025-10-19,1,4,샘플 써보고 본품 구매했어요. 산뜻한 제형이라 아침에 쓰기 좋아요.,0
O0667,C135,P030,2025-11-12,1,5,두 통째 쓰는 중이에요. 병풀 들어간 거 찾다가 샀는데 만족합니다.,0
O0668,C135,P007,2025-12-28,1,4,재구매입니다. 판테놀 들어간 거 찾다가 샀는데 만족합니다.,0
O0669,C135,P044,2026-01-22,2,5,재구매입니다. 알로에 들어간 거 찾다가 샀는데 만족합니다. 임지은님이 추천해줘서 샀어요.,0
O0670,C135,P164,2026-07-31,1,5,재구매입니다. 프로폴리스 들어간 거 찾다가 샀는데 만족합니다. 저는 이유진인데 벌써 세 번째 재구매예요.,1
O0671,C136,P155,2025-07-28,3,3,가격 생각하면 이 정도는 하는 것 같아요. 물처럼 묽은 제형이라 아침에 쓰기 좋아요.,0
O0672,C136,P068,2025-08-15,1,5,친구가 좋다고 해서 샀는데 만족해요. 물처럼 묽은 제형이라 아침에 쓰기 좋아요.,1
O0673,C137,P153,2025-07-07,1,5,샘플 써보고 본품 구매했어요. 복합성인데 자극 없이 잘 썼어요.,0
O0674,C137,P180,2025-08-11,1,3,기대가 컸나 봐요. 향이 세지 않아서 좋아요. 용인 사는 오지훈입니다. 배송 빨랐어요.,0
O0675,C137,P082,2025-10-19,1,5,샘플 써보고 본품 구매했어요. 녹차 들어간 거 찾다가 샀는데 만족합니다.,0
O0676,C137,P114,2026-01-16,1,1,광고를 너무 믿었나 봐요. 겉돌던 게 없어졌다는 잘 모르겠어요.,0
O0677,C137,P105,2026-03-20,1,5,재구매입니다. 쌀겨 들어간 거 찾다가 샀는데 만족합니다.,0
O0678,C137,P077,2026-03-26,1,2,다음엔 다른 거 살 것 같아요. 생각보다 끈적여서 아침엔 못 쓰겠어요.,0
O0679,C137,P076,2026-06-16,1,1,광고를 너무 믿었나 봐요. 얼굴이 한 톤 밝아 보인다는 잘 모르겠어요.,0
O0680,C137,P196,2026-07-14,1,5,샘플 써보고 본품 구매했어요. 속건조가 덜하다는 게 느껴져요.,1
O0681,C138,P060,2025-09-01,1,3,기대가 컸나 봐요. 병풀 들어간 거 찾다가 샀는데 만족합니다. 재고 문의는 010 7389 4580 로 부탁드려요.,0
O0682,C138,P093,2026-05-24,2,3,나쁘진 않은데 특별하진 않네요. 가볍게 스미는 제형이라 아침에 쓰기 좋아요.,0
O0683,C138,P145,2026-06-02,1,3,나쁘진 않은데 특별하진 않네요. 결이 정돈된 느낌이 든다는 게 느껴져요.,0
O0684,C138,P005,2026-06-30,1,4,샘플 써보고 본품 구매했어요. 향이 세지 않아서 좋아요.,1
O0685,C139,P094,2025-11-14,1,5,두 통째 쓰는 중이에요. 붉은 기가 빨리 가라앉는다는 게 느껴져요.,0
O0686,C139,P155,2026-04-11,1,4,두 통째 쓰는 중이에요. 향이 세지 않아서 좋아요.,0
O0687,C139,P109,2026-05-27,1,4,재구매입니다. 향이 세지 않아서 좋아요. 인천 수성동 사는데 근처 매장에도 있더라고요.,1
O0688,C140,P133,2025-07-15,1,5,재구매입니다. 향이 세지 않아서 좋아요. 용인 사는 임지아입니다. 배송 빨랐어요.,0
O0689,C140,P189,2025-10-03,1,3,가격 생각하면 이 정도는 하는 것 같아요. 속건조가 덜하다는 게 느껴져요.,0
O0690,C140,P009,2025-10-19,1,3,무난해요. 약산성 아미노산 들어간 거 찾다가 샀는데 만족합니다.,0
O0691,C140,P002,2026-04-17,1,4,재구매입니다. 건성인데 자극 없이 잘 썼어요.,1
O0692,C141,P145,2025-08-05,1,5,재구매입니다. 중성인데 자극 없이 잘 썼어요.,0
O0693,C141,P193,2025-08-21,1,3,무난해요. 약산성 아미노산 들어간 거 찾다가 샀는데 만족합니다.,0
O0694,C141,P133,2025-09-27,1,5,친구가 좋다고 해서 샀는데 만족해요. 약산성 아미노산 들어간 거 찾다가 샀는데 만족합니다.,0
O0695,C141,P103,2025-10-22,1,3,나쁘진 않은데 특별하진 않네요. 향이 세지 않아서 좋아요.,0
O0696,C141,P144,2025-10-26,1,1,다음엔 다른 거 살 것 같아요. 탱탱한 느낌이 오래간다는 잘 모르겠어요.,0
O0697,C141,P089,2025-12-16,3,4,두 통째 쓰는 중이에요. 향이 세지 않아서 좋아요.,0
O0698,C141,P082,2026-01-03,1,5,고민하다 샀는데 잘 산 것 같아요. 녹차 들어간 거 찾다가 샀는데 만족합니다. 샘플 문의는 jungwoo98@example.com 로 주세요.,0
O0699,C141,P191,2026-04-25,1,5,친구가 좋다고 해서 샀는데 만족해요. 향이 세지 않아서 좋아요.,0
O0700,C141,P173,2026-07-10,1,1,다음엔 다른 거 살 것 같아요. 생각보다 끈적여서 아침엔 못 쓰겠어요. 저는 임정우인데 벌써 세 번째 재구매예요.,0
O0701,C141,P135,2026-08-05,1,5,친구가 좋다고 해서 샀는데 만족해요. 비타민C 들어간 거 찾다가 샀는데 만족합니다.,1
O0702,C142,P199,2025-08-11,1,2,저랑은 안 맞았어요. 건성이라 그런지 발랐더니 조금 따가웠어요.,0
O0703,C142,P043,2025-08-14,1,5,고민하다 샀는데 잘 산 것 같아요. 탱탱한 느낌이 오래간다는 게 느껴져요.,0
O0704,C142,P166,2025-09-20,1,1,저랑은 안 맞았어요. 건성이라 그런지 발랐더니 조금 따가웠어요.,0
O0705,C142,P141,2025-10-21,1,1,다음엔 다른 거 살 것 같아요. 향이 저한테는 좀 강했어요. 공구 원하시면 01020849373 연락주세요.,0
O0706,C142,P092,2025-11-29,1,3,가격 생각하면 이 정도는 하는 것 같아요. 향이 세지 않아서 좋아요.,0
O0707,C142,P172,2026-01-17,1,3,나쁘진 않은데 특별하진 않네요. 프로폴리스 들어간 거 찾다가 샀는데 만족합니다. 샘플 문의는 jungwoo78@example.com 로 주세요.,0
O0708,C142,P118,2026-03-30,1,4,재구매입니다. 얼굴이 한 톤 밝아 보인다는 게 느껴져요.,0
O0709,C142,P031,2026-04-30,1,3,무난해요. 가볍게 스미는 제형이라 아침에 쓰기 좋아요. 부산 구월동 사는데 근처 매장에도 있더라고요.,1
O0710,C143,P009,2025-09-30,1,4,고민하다 샀는데 잘 산 것 같아요. 가볍게 스미는 제형이라 아침에 쓰기 좋아요.,0
O0711,C143,P088,2025-10-18,1,1,광고를 너무 믿었나 봐요. 용량 대비 가격이 아쉬워요.,0
O0712,C143,P014,2026-04-04,1,5,재구매입니다. 물처럼 묽은 제형이라 아침에 쓰기 좋아요.,0
O0713,C143,P158,2026-04-14,1,1,다음엔 다른 거 살 것 같아요. 얼굴이 한 톤 밝아 보인다는 잘 모르겠어요.,1
O0714,C144,P101,2025-11-15,1,4,샘플 써보고 본품 구매했어요. 향이 세지 않아서 좋아요. 광주 수지구 사는데 근처 매장에도 있더라고요.,0
O0715,C144,P071,2026-03-26,1,4,재구매입니다. 약산성 아미노산 들어간 거 찾다가 샀는데 만족합니다.,0
O0716,C144,P193,2026-04-23,1,3,가격 생각하면 이 정도는 하는 것 같아요. 향이 세지 않아서 좋아요.,0
O0717,C144,P164,2026-04-23,2,5,친구가 좋다고 해서 샀는데 만족해요. 건성인데 자극 없이 잘 썼어요. 임우진 언니가 쓰는 거 보고 따라 샀습니다.,0
O0718,C144,P168,2026-07-27,1,5,친구가 좋다고 해서 샀는데 만족해요. 향이 세지 않아서 좋아요.,1
O0719,C145,P194,2025-11-15,1,5,두 통째 쓰는 중이에요. 녹차 들어간 거 찾다가 샀는데 만족합니다.,0
O0720,C145,P049,2025-12-29,1,4,고민하다 샀는데 잘 산 것 같아요. 세라마이드 들어간 거 찾다가 샀는데 만족합니다.,0
O0721,C145,P152,2026-05-10,1,3,나쁘진 않은데 특별하진 않네요. 붉은 기가 빨리 가라앉는다는 게 느껴져요.,0
O0722,C145,P133,2026-06-07,1,5,두 통째 쓰는 중이에요. 얼굴이 한 톤 밝아 보인다는 게 느껴져요. 공구 원하시면 01033881863 연락주세요.,0
O0723,C145,P113,2026-06-10,1,4,두 통째 쓰는 중이에요. 지성인데 자극 없이 잘 썼어요.,1
O0724,C146,P198,2025-07-08,1,4,샘플 써보고 본품 구매했어요. 물처럼 묽은 제형이라 아침에 쓰기 좋아요.,0
O0725,C146,P108,2025-07-17,1,4,고민하다 샀는데 잘 산 것 같아요. 향이 세지 않아서 좋아요. 권미연 언니가 쓰는 거 보고 따라 샀습니다.,0
O0726,C146,P116,2025-10-27,1,3,나쁘진 않은데 특별하진 않네요. 젤 같은 제형이라 아침에 쓰기 좋아요. 저는 송다은인데 벌써 세 번째 재구매예요.,0
O0727,C146,P176,2025-11-10,1,5,두 통째 쓰는 중이에요. 눈가가 덜 접힌다는 게 느껴져요. 대전 사는 송다은입니다. 배송 빨랐어요.,0
O0728,C146,P136,2026-05-30,1,4,친구가 좋다고 해서 샀는데 만족해요. 건성인데 자극 없이 잘 썼어요.,0
O0729,C146,P092,2026-06-21,1,5,두 통째 쓰는 중이에요. 쌀겨 들어간 거 찾다가 샀는데 만족합니다.,0
O0730,C146,P155,2026-07-26,1,2,환불 고민 중입니다. 붉은 기가 빨리 가라앉는다는 잘 모르겠어요. 샘플 문의는 daeun78@example.com 로 주세요.,1
O0731,C147,P062,2025-07-10,1,5,재구매입니다. 촉촉하게 감싸는 제형이라 아침에 쓰기 좋아요.,0
O0732,C147,P002,2025-07-20,1,4,고민하다 샀는데 잘 산 것 같아요. 향이 세지 않아서 좋아요.,0
O0733,C147,P070,2026-04-20,1,3,기대가 컸나 봐요. 촉촉하게 감싸는 제형이라 아침에 쓰기 좋아요. 샘플 문의는 bomin92@example.com 로 주세요.,0
O0734,C147,P106,2026-04-23,1,3,기대가 컸나 봐요. 촉촉하게 감싸는 제형이라 아침에 쓰기 좋아요.,1
O0735,C148,P102,2025-08-24,2,4,고민하다 샀는데 잘 산 것 같아요. 향이 세지 않아서 좋아요.,0
O0736,C148,P106,2025-10-18,1,5,재구매입니다. 향이 세지 않아서 좋아요. 인천 영통동 사는데 근처 매장에도 있더라고요.,0
O0737,C148,P023,2025-10-19,1,5,고민하다 샀는데 잘 산 것 같아요. 가볍게 스미는 제형이라 아침에 쓰기 좋아요. 카톡 아이디 minjun73 입니다.,0
O0738,C148,P143,2026-04-14,1,4,두 통째 쓰는 중이에요. 물처럼 묽은 제형이라 아침에 쓰기 좋아요. 인천 영통동 사는데 근처 매장에도 있더라고요.,1
O0739,C149,P006,2025-11-26,2,3,무난해요. 판테놀 들어간 거 찾다가 샀는데 만족합니다.,0
O0740,C149,P179,2026-05-05,1,5,친구가 좋다고 해서 샀는데 만족해요. 향이 세지 않아서 좋아요. 샘플 문의는 subin78@example.com 로 주세요.,0
O0741,C149,P066,2026-07-07,1,5,재구매입니다. 건성인데 자극 없이 잘 썼어요.,1
O0742,C150,P063,2025-08-02,1,5,재구매입니다. 복합성인데 자극 없이 잘 썼어요.,0
O0743,C150,P087,2025-11-18,1,4,고민하다 샀는데 잘 산 것 같아요. 붉은 기가 빨리 가라앉는다는 게 느껴져요.,0
O0744,C150,P123,2025-11-23,1,1,환불 고민 중입니다. 생각보다 끈적여서 아침엔 못 쓰겠어요. 재고 문의는 010 6179 2116 로 부탁드려요.,0
O0745,C150,P154,2026-01-26,1,5,샘플 써보고 본품 구매했어요. 히알루론산 들어간 거 찾다가 샀는데 만족합니다. 용인 사는 박하윤입니다. 배송 빨랐어요.,0
O0746,C150,P004,2026-06-01,1,4,친구가 좋다고 해서 샀는데 만족해요. 콜라겐 들어간 거 찾다가 샀는데 만족합니다.,0
O0747,C150,P169,2026-07-19,1,5,고민하다 샀는데 잘 산 것 같아요. 눈가가 덜 접힌다는 게 느껴져요. 강예지님이 추천해줘서 샀어요.,1
O0748,C151,P072,2025-08-03,1,5,"재구매입니다. 판테놀 들어간 거 찾다가 샀는데 만족합니다. 김하윤이라고 하고요, 매장 직원분이 친절했어요.",0
O0749,C151,P001,2025-09-02,1,2,다음엔 다른 거 살 것 같아요. 중성이라 그런지 발랐더니 조금 따가웠어요.,0
O0750,C151,P078,2026-03-07,1,4,재구매입니다. 산뜻한 제형이라 아침에 쓰기 좋아요.,0
O0751,C151,P105,2026-03-15,1,2,저랑은 안 맞았어요. 용량 대비 가격이 아쉬워요.,0
O0752,C151,P061,2026-05-18,1,5,두 통째 쓰는 중이에요. 향이 세지 않아서 좋아요.,0
O0753,C151,P172,2026-06-06,1,4,고민하다 샀는데 잘 산 것 같아요. 프로폴리스 들어간 거 찾다가 샀는데 만족합니다.,1
O0754,C152,P149,2025-09-04,2,4,재구매입니다. 향이 세지 않아서 좋아요. 강시우 언니가 쓰는 거 보고 따라 샀습니다.,0
O0755,C152,P024,2025-11-30,1,5,친구가 좋다고 해서 샀는데 만족해요. 가볍게 스미는 제형이라 아침에 쓰기 좋아요. 오다은님이 추천해줘서 샀어요.,0
O0756,C152,P052,2025-12-16,1,5,두 통째 쓰는 중이에요. 복합성인데 자극 없이 잘 썼어요.,0
O0757,C152,P034,2026-02-08,1,4,샘플 써보고 본품 구매했어요. 향이 세지 않아서 좋아요.,0
O0758,C152,P126,2026-03-30,1,3,기대가 컸나 봐요. 붉은 기가 빨리 가라앉는다는 게 느껴져요. 카톡 아이디 soyul89 입니다.,0
O0759,C152,P016,2026-07-29,1,5,샘플 써보고 본품 구매했어요. 병풀 들어간 거 찾다가 샀는데 만족합니다.,1
O0760,C153,P034,2025-08-17,1,4,재구매입니다. 복합성인데 자극 없이 잘 썼어요.,0
O0761,C153,P029,2025-12-03,1,4,친구가 좋다고 해서 샀는데 만족해요. 향이 세지 않아서 좋아요.,0
O0762,C153,P170,2026-01-08,1,5,두 통째 쓰는 중이에요. 꾸덕한 제형이라 아침에 쓰기 좋아요. 광주 사는 이다은입니다. 배송 빨랐어요.,1
O0763,C154,P168,2025-08-22,1,4,재구매입니다. 꾸덕한 제형이라 아침에 쓰기 좋아요.,0
O0764,C154,P025,2026-01-03,3,3,무난해요. 꾸덕한 제형이라 아침에 쓰기 좋아요.,0
O0765,C154,P072,2026-02-04,1,5,친구가 좋다고 해서 샀는데 만족해요. 향이 세지 않아서 좋아요. 궁금하신 분은 010-5271-4229으로 문자주세요.,0
O0766,C154,P156,2026-06-11,2,5,재구매입니다. 약산성 아미노산 들어간 거 찾다가 샀는데 만족합니다.,0
O0767,C154,P079,2026-07-17,1,2,환불 고민 중입니다. 생각보다 끈적여서 아침엔 못 쓰겠어요.,1
O0768,C155,P191,2025-10-14,3,2,광고를 너무 믿었나 봐요. 생각보다 끈적여서 아침엔 못 쓰겠어요.,0
O0769,C155,P168,2025-10-22,1,1,다음엔 다른 거 살 것 같아요. 생각보다 끈적여서 아침엔 못 쓰겠어요.,0
O0770,C155,P091,2025-12-01,2,4,고민하다 샀는데 잘 산 것 같아요. 쌀겨 들어간 거 찾다가 샀는데 만족합니다.,0
O0771,C155,P047,2025-12-18,1,4,두 통째 쓰는 중이에요. 올라오던 게 덜하다는 게 느껴져요.,0
O0772,C155,P080,2026-03-15,1,5,고민하다 샀는데 잘 산 것 같아요. 향이 세지 않아서 좋아요.,0
O0773,C155,P107,2026-05-12,1,4,고민하다 샀는데 잘 산 것 같아요. 촉촉하게 감싸는 제형이라 아침에 쓰기 좋아요.,0
O0774,C155,P113,2026-06-24,1,4,고민하다 샀는데 잘 산 것 같아요. 향이 세지 않아서 좋아요.,0
O0775,C155,P169,2026-07-27,1,4,친구가 좋다고 해서 샀는데 만족해요. 녹차 들어간 거 찾다가 샀는데 만족합니다. 샘플 문의는 yeji68@example.com 로 주세요.,1
O0776,C156,P165,2025-08-15,1,5,재구매입니다. 쌀겨 들어간 거 찾다가 샀는데 만족합니다. 저는 한태윤인데 벌써 세 번째 재구매예요.,0
O0777,C156,P161,2025-08-26,1,4,재구매입니다. 눈가가 덜 접힌다는 게 느껴져요.,0
O0778,C156,P123,2025-11-06,2,3,가격 생각하면 이 정도는 하는 것 같아요. 녹차 들어간 거 찾다가 샀는데 만족합니다. 김유진 언니가 쓰는 거 보고 따라 샀습니다.,0
O0779,C156,P037,2026-01-28,1,3,"무난해요. 건성인데 자극 없이 잘 썼어요. 한태윤이라고 하고요, 매장 직원분이 친절했어요.",0
O0780,C156,P132,2026-01-31,1,5,친구가 좋다고 해서 샀는데 만족해요. 가볍게 스미는 제형이라 아침에 쓰기 좋아요. 재고 문의는 010 7947 9964 로 부탁드려요.,0
O0781,C156,P186,2026-02-16,1,4,친구가 좋다고 해서 샀는데 만족해요. 나이아신아마이드 들어간 거 찾다가 샀는데 만족합니다. 재고 문의는 010 7947 9964 로 부탁드려요.,0
O0782,C156,P042,2026-02-17,1,5,"친구가 좋다고 해서 샀는데 만족해요. 속건조가 덜하다는 게 느껴져요. 한태윤이라고 하고요, 매장 직원분이 친절했어요.",0
O0783,C156,P116,2026-02-21,1,4,두 통째 쓰는 중이에요. 건성인데 자극 없이 잘 썼어요. 공구 원하시면 01079479964 연락주세요.,1
O0784,C157,P037,2025-08-18,1,4,고민하다 샀는데 잘 산 것 같아요. 녹차 들어간 거 찾다가 샀는데 만족합니다.,0
O0785,C157,P080,2025-09-25,1,4,재구매입니다. 탱탱한 느낌이 오래간다는 게 느껴져요.,0
O0786,C157,P039,2025-10-25,1,3,기대가 컸나 봐요. 향이 세지 않아서 좋아요. 샘플 문의는 gaeun13@example.com 로 주세요.,0
O0787,C157,P137,2026-02-05,1,3,가격 생각하면 이 정도는 하는 것 같아요. 속건조가 덜하다는 게 느껴져요.,0
O0788,C157,P055,2026-03-19,3,4,샘플 써보고 본품 구매했어요. 물처럼 묽은 제형이라 아침에 쓰기 좋아요.,1
O0789,C158,P137,2025-09-08,1,5,재구매입니다. 레티놀 들어간 거 찾다가 샀는데 만족합니다. 재고 문의는 010 1395 8728 로 부탁드려요.,0
O0790,C158,P022,2025-10-31,1,5,두 통째 쓰는 중이에요. 산뜻한 제형이라 아침에 쓰기 좋아요. 공구 원하시면 01013958728 연락주세요.,0
O0791,C158,P034,2025-11-21,1,2,환불 고민 중입니다. 용량 대비 가격이 아쉬워요.,0
O0792,C158,P149,2026-04-12,1,3,기대가 컸나 봐요. 물처럼 묽은 제형이라 아침에 쓰기 좋아요.,0
O0793,C158,P082,2026-06-13,1,4,"두 통째 쓰는 중이에요. 지성인데 자극 없이 잘 썼어요. 강가은이라고 하고요, 매장 직원분이 친절했어요.",1
O0794,C159,P199,2025-12-14,1,4,두 통째 쓰는 중이에요. 약산성 아미노산 들어간 거 찾다가 샀는데 만족합니다.,0
O0795,C159,P123,2026-01-06,1,3,가격 생각하면 이 정도는 하는 것 같아요. 녹차 들어간 거 찾다가 샀는데 만족합니다.,0
O0796,C159,P154,2026-02-23,1,5,샘플 써보고 본품 구매했어요. 젤 같은 제형이라 아침에 쓰기 좋아요.,0
O0797,C159,P066,2026-04-30,1,3,나쁘진 않은데 특별하진 않네요. 약산성 아미노산 들어간 거 찾다가 샀는데 만족합니다. 공구 원하시면 01011401519 연락주세요.,1
O0798,C160,P057,2025-09-21,1,4,재구매입니다. 탱탱한 느낌이 오래간다는 게 느껴져요.,0
O0799,C160,P135,2025-09-22,1,5,고민하다 샀는데 잘 산 것 같아요. 향이 세지 않아서 좋아요.,0
O0800,C160,P029,2025-11-16,1,3,무난해요. 콜라겐 들어간 거 찾다가 샀는데 만족합니다.,0
O0801,C160,P195,2026-03-22,1,5,재구매입니다. 히알루론산 들어간 거 찾다가 샀는데 만족합니다.,0
O0802,C160,P091,2026-05-15,1,5,두 통째 쓰는 중이에요. 올라오던 게 덜하다는 게 느껴져요. 카톡 아이디 jungwoo49 입니다.,0
O0803,C160,P126,2026-05-17,1,2,환불 고민 중입니다. 향이 저한테는 좀 강했어요.,0
O0804,C160,P139,2026-06-08,1,5,친구가 좋다고 해서 샀는데 만족해요. 히알루론산 들어간 거 찾다가 샀는데 만족합니다.,0
O0805,C160,P093,2026-08-05,1,4,재구매입니다. 가볍게 스미는 제형이라 아침에 쓰기 좋아요. 용인 사는 김현우입니다. 배송 빨랐어요.,1
O0806,C161,P136,2025-09-05,1,4,"고민하다 샀는데 잘 산 것 같아요. 산뜻한 제형이라 아침에 쓰기 좋아요. 정시우이라고 하고요, 매장 직원분이 친절했어요.",0
O0807,C161,P059,2026-02-04,1,5,샘플 써보고 본품 구매했어요. 향이 세지 않아서 좋아요.,0
O0808,C161,P002,2026-03-25,1,1,광고를 너무 믿었나 봐요. 향이 저한테는 좀 강했어요. 천안 사는 정시우입니다. 배송 빨랐어요.,1
O0809,C162,P118,2026-03-30,1,3,나쁘진 않은데 특별하진 않네요. 히알루론산 들어간 거 찾다가 샀는데 만족합니다.,0
O0810,C162,P031,2026-06-13,1,5,고민하다 샀는데 잘 산 것 같아요. 젤 같은 제형이라 아침에 쓰기 좋아요. 대구 사는 조유진입니다. 배송 빨랐어요.,1
O0811,C163,P109,2025-07-20,1,5,재구매입니다. 얼굴이 한 톤 밝아 보인다는 게 느껴져요. 재고 문의는 010 5314 6472 로 부탁드려요.,0
O0812,C163,P185,2025-11-04,1,5,친구가 좋다고 해서 샀는데 만족해요. 알로에 들어간 거 찾다가 샀는데 만족합니다. 샘플 문의는 jaemin24@example.com 로 주세요.,0
O0813,C163,P077,2025-12-18,1,2,환불 고민 중입니다. 용량 대비 가격이 아쉬워요. 송하윤 언니가 쓰는 거 보고 따라 샀습니다.,1
O0814,C164,P131,2025-10-24,1,3,기대가 컸나 봐요. 올라오던 게 덜하다는 게 느껴져요.,0
O0815,C164,P196,2026-06-17,1,5,두 통째 쓰는 중이에요. 쌀겨 들어간 거 찾다가 샀는데 만족합니다.,0
O0816,C164,P101,2026-08-02,1,5,샘플 써보고 본품 구매했어요. 젤 같은 제형이라 아침에 쓰기 좋아요. 저는 정은수인데 벌써 세 번째 재구매예요.,1
O0817,C165,P163,2025-07-21,1,5,두 통째 쓰는 중이에요. 민감성인데 자극 없이 잘 썼어요.,0
O0818,C165,P153,2025-11-02,1,2,다음엔 다른 거 살 것 같아요. 얼굴이 한 톤 밝아 보인다는 잘 모르겠어요.,0
O0819,C165,P142,2025-12-04,1,4,두 통째 쓰는 중이에요. 어성초 들어간 거 찾다가 샀는데 만족합니다.,0
O0820,C165,P161,2025-12-11,1,4,친구가 좋다고 해서 샀는데 만족해요. 눈가가 덜 접힌다는 게 느껴져요.,0
O0821,C165,P089,2026-07-22,1,5,샘플 써보고 본품 구매했어요. 민감성인데 자극 없이 잘 썼어요.,0
O0822,C165,P143,2026-07-31,1,3,기대가 컸나 봐요. 속건조가 덜하다는 게 느껴져요.,1
O0823,C166,P169,2025-11-06,1,4,재구매입니다. 눈가가 덜 접힌다는 게 느껴져요.,0
O0824,C166,P196,2026-01-19,1,4,고민하다 샀는데 잘 산 것 같아요. 물처럼 묽은 제형이라 아침에 쓰기 좋아요. 인천 불당동 사는데 근처 매장에도 있더라고요.,0
O0825,C166,P191,2026-01-25,1,3,기대가 컸나 봐요. 복합성인데 자극 없이 잘 썼어요.,0
O0826,C166,P029,2026-04-05,1,5,고민하다 샀는데 잘 산 것 같아요. 콜라겐 들어간 거 찾다가 샀는데 만족합니다.,1
O0827,C167,P158,2025-11-15,1,4,친구가 좋다고 해서 샀는데 만족해요. 어성초 들어간 거 찾다가 샀는데 만족합니다. 대전 영통동 사는데 근처 매장에도 있더라고요.,0
O0828,C167,P109,2025-12-09,1,4,두 통째 쓰는 중이에요. 꾸덕한 제형이라 아침에 쓰기 좋아요.,0
O0829,C167,P138,2026-05-19,1,4,고민하다 샀는데 잘 산 것 같아요. 복합성인데 자극 없이 잘 썼어요.,0
O0830,C167,P117,2026-06-01,1,5,샘플 써보고 본품 구매했어요. 탱탱한 느낌이 오래간다는 게 느껴져요. 카톡 아이디 hyewon88 입니다.,1
O0831,C168,P123,2025-09-10,1,1,광고를 너무 믿었나 봐요. 생각보다 끈적여서 아침엔 못 쓰겠어요.,0
O0832,C168,P080,2025-11-17,1,4,두 통째 쓰는 중이에요. 촉촉하게 감싸는 제형이라 아침에 쓰기 좋아요.,0
O0833,C168,P085,2025-12-05,1,5,두 통째 쓰는 중이에요. 탱탱한 느낌이 오래간다는 게 느껴져요.,0
O0834,C168,P179,2026-02-15,1,4,친구가 좋다고 해서 샀는데 만족해요. 결이 정돈된 느낌이 든다는 게 느껴져요.,0
O0835,C168,P100,2026-07-31,1,4,두 통째 쓰는 중이에요. 올라오던 게 덜하다는 게 느껴져요. 샘플 문의는 jieun57@example.com 로 주세요.,1
O0836,C169,P137,2025-08-24,1,4,친구가 좋다고 해서 샀는데 만족해요. 향이 세지 않아서 좋아요. 송민준님이 추천해줘서 샀어요.,0
O0837,C169,P176,2025-10-02,1,5,재구매입니다. 물처럼 묽은 제형이라 아침에 쓰기 좋아요.,0
O0838,C169,P105,2026-02-16,1,4,친구가 좋다고 해서 샀는데 만족해요. 지성인데 자극 없이 잘 썼어요. 장준서님이 추천해줘서 샀어요.,0
O0839,C169,P141,2026-06-16,1,4,두 통째 쓰는 중이에요. 지성인데 자극 없이 잘 썼어요.,0
O0840,C169,P183,2026-07-02,1,2,다음엔 다른 거 살 것 같아요. 얼굴이 한 톤 밝아 보인다는 잘 모르겠어요.,1
O0841,C170,P090,2025-11-14,1,5,친구가 좋다고 해서 샀는데 만족해요. 콜라겐 들어간 거 찾다가 샀는데 만족합니다. 공구 원하시면 01080328698 연락주세요.,0
O0842,C170,P153,2026-02-15,2,3,기대가 컸나 봐요. 판테놀 들어간 거 찾다가 샀는데 만족합니다.,0
O0843,C170,P005,2026-03-19,1,4,샘플 써보고 본품 구매했어요. 나이아신아마이드 들어간 거 찾다가 샀는데 만족합니다. 권지아 언니가 쓰는 거 보고 따라 샀습니다.,1
O0844,C171,P155,2025-08-04,1,3,나쁘진 않은데 특별하진 않네요. 세라마이드 들어간 거 찾다가 샀는데 만족합니다. 조지은 언니가 쓰는 거 보고 따라 샀습니다.,0
O0845,C171,P061,2025-09-18,1,5,재구매입니다. 중성인데 자극 없이 잘 썼어요. 재고 문의는 010 7817 5057 로 부탁드려요.,0
O0846,C171,P147,2025-10-02,1,4,샘플 써보고 본품 구매했어요. 올라오던 게 덜하다는 게 느껴져요. 신정우 언니가 쓰는 거 보고 따라 샀습니다.,0
O0847,C171,P042,2025-10-05,1,3,나쁘진 않은데 특별하진 않네요. 콜라겐 들어간 거 찾다가 샀는데 만족합니다. 카톡 아이디 jihoon75 입니다.,0
O0848,C171,P068,2026-01-24,1,5,재구매입니다. 중성인데 자극 없이 잘 썼어요.,0
O0849,C171,P183,2026-04-19,1,1,환불 고민 중입니다. 중성이라 그런지 발랐더니 조금 따가웠어요. 대구 일산동 사는데 근처 매장에도 있더라고요.,0
O0850,C171,P137,2026-07-11,1,4,재구매입니다. 향이 세지 않아서 좋아요.,0
O0851,C171,P130,2026-07-30,2,4,샘플 써보고 본품 구매했어요. 올라오던 게 덜하다는 게 느껴져요. 대구 일산동 사는데 근처 매장에도 있더라고요.,1
O0852,C172,P057,2025-12-18,1,5,재구매입니다. 지성인데 자극 없이 잘 썼어요.,0
O0853,C172,P194,2026-02-18,1,3,무난해요. 향이 세지 않아서 좋아요. 궁금하신 분은 010-1288-2157으로 문자주세요.,0
O0854,C172,P099,2026-04-14,1,4,두 통째 쓰는 중이에요. 프로폴리스 들어간 거 찾다가 샀는데 만족합니다.,1
O0855,C173,P154,2026-03-03,1,5,고민하다 샀는데 잘 산 것 같아요. 향이 세지 않아서 좋아요.,0
O0856,C173,P138,2026-05-08,2,4,샘플 써보고 본품 구매했어요. 겉돌던 게 없어졌다는 게 느껴져요.,0
O0857,C173,P180,2026-06-03,1,4,재구매입니다. 복합성인데 자극 없이 잘 썼어요.,1
O0858,C174,P011,2026-02-16,2,5,두 통째 쓰는 중이에요. 세라마이드 들어간 거 찾다가 샀는데 만족합니다. 궁금하신 분은 010-5066-3285으로 문자주세요.,0
O0859,C174,P033,2026-03-10,1,3,가격 생각하면 이 정도는 하는 것 같아요. 히알루론산 들어간 거 찾다가 샀는데 만족합니다.,0
O0860,C174,P174,2026-03-11,1,4,샘플 써보고 본품 구매했어요. 중성인데 자극 없이 잘 썼어요. 카톡 아이디 jungwoo42 입니다.,0
O0861,C174,P023,2026-03-29,1,1,환불 고민 중입니다. 생각보다 끈적여서 아침엔 못 쓰겠어요.,1
O0862,C175,P195,2025-07-15,1,4,고민하다 샀는데 잘 산 것 같아요. 향이 세지 않아서 좋아요.,0
O0863,C175,P014,2025-12-10,1,3,나쁘진 않은데 특별하진 않네요. 올라오던 게 덜하다는 게 느껴져요. 저는 조하윤인데 벌써 세 번째 재구매예요.,0
O0864,C175,P158,2026-02-08,1,5,친구가 좋다고 해서 샀는데 만족해요. 어성초 들어간 거 찾다가 샀는데 만족합니다.,0
O0865,C175,P113,2026-07-07,1,3,나쁘진 않은데 특별하진 않네요. 탱탱한 느낌이 오래간다는 게 느껴져요.,1
O0866,C176,P059,2025-07-19,1,2,다음엔 다른 거 살 것 같아요. 결이 정돈된 느낌이 든다는 잘 모르겠어요.,0
O0867,C176,P188,2025-09-28,2,4,두 통째 쓰는 중이에요. 히알루론산 들어간 거 찾다가 샀는데 만족합니다.,0
O0868,C176,P012,2025-11-09,1,3,무난해요. 촉촉하게 감싸는 제형이라 아침에 쓰기 좋아요.,0
O0869,C176,P033,2025-12-15,1,4,샘플 써보고 본품 구매했어요. 물처럼 묽은 제형이라 아침에 쓰기 좋아요.,0
O0870,C176,P079,2026-02-22,1,5,"친구가 좋다고 해서 샀는데 만족해요. 판테놀 들어간 거 찾다가 샀는데 만족합니다. 권다은이라고 하고요, 매장 직원분이 친절했어요.",0
O0871,C176,P117,2026-04-27,1,5,재구매입니다. 탱탱한 느낌이 오래간다는 게 느껴져요. 김가은 언니가 쓰는 거 보고 따라 샀습니다.,1
O0872,C177,P156,2025-07-07,1,1,저랑은 안 맞았어요. 용량 대비 가격이 아쉬워요.,0
O0873,C177,P155,2026-03-29,1,5,샘플 써보고 본품 구매했어요. 붉은 기가 빨리 가라앉는다는 게 느껴져요.,0
O0874,C177,P145,2026-07-31,1,2,환불 고민 중입니다. 용량 대비 가격이 아쉬워요. 카톡 아이디 siwoo89 입니다.,1
O0875,C178,P153,2025-12-21,1,2,저랑은 안 맞았어요. 생각보다 끈적여서 아침엔 못 쓰겠어요. 재고 문의는 010 3540 9316 로 부탁드려요.,0
O0876,C178,P117,2026-01-23,1,3,나쁘진 않은데 특별하진 않네요. 탱탱한 느낌이 오래간다는 게 느껴져요. 저는 정도현인데 벌써 세 번째 재구매예요.,0
O0877,C178,P191,2026-02-15,1,5,고민하다 샀는데 잘 산 것 같아요. 얼굴이 한 톤 밝아 보인다는 게 느껴져요. 카톡 아이디 donghyun44 입니다.,0
O0878,C178,P167,2026-03-28,1,4,두 통째 쓰는 중이에요. 쌀겨 들어간 거 찾다가 샀는데 만족합니다.,1
O0879,C179,P032,2025-09-01,1,5,친구가 좋다고 해서 샀는데 만족해요. 세라마이드 들어간 거 찾다가 샀는데 만족합니다.,0
O0880,C179,P192,2025-10-07,1,4,두 통째 쓰는 중이에요. 향이 세지 않아서 좋아요.,0
O0881,C179,P010,2025-11-30,1,5,샘플 써보고 본품 구매했어요. 건성인데 자극 없이 잘 썼어요. 공구 원하시면 01074254433 연락주세요.,0
O0882,C179,P128,2026-02-14,1,3,"가격 생각하면 이 정도는 하는 것 같아요. 향이 세지 않아서 좋아요. 안미연이라고 하고요, 매장 직원분이 친절했어요.",0
O0883,C179,P166,2026-02-19,1,4,두 통째 쓰는 중이에요. 향이 세지 않아서 좋아요. 궁금하신 분은 010-7425-4433으로 문자주세요.,0
O0884,C179,P068,2026-07-14,1,4,샘플 써보고 본품 구매했어요. 세라마이드 들어간 거 찾다가 샀는데 만족합니다.,0
O0885,C179,P033,2026-07-30,1,4,샘플 써보고 본품 구매했어요. 향이 세지 않아서 좋아요.,1
O0886,C180,P006,2025-07-10,1,5,두 통째 쓰는 중이에요. 올라오던 게 덜하다는 게 느껴져요.,0
O0887,C180,P049,2025-12-24,1,4,친구가 좋다고 해서 샀는데 만족해요. 지성인데 자극 없이 잘 썼어요.,0
O0888,C180,P172,2026-01-17,2,1,광고를 너무 믿었나 봐요. 생각보다 끈적여서 아침엔 못 쓰겠어요.,0
O0889,C180,P187,2026-02-26,1,5,두 통째 쓰는 중이에요. 얼굴이 한 톤 밝아 보인다는 게 느껴져요.,0
O0890,C180,P043,2026-05-07,2,5,샘플 써보고 본품 구매했어요. 가볍게 스미는 제형이라 아침에 쓰기 좋아요. 재고 문의는 010 4706 9160 로 부탁드려요.,1
O0891,C181,P170,2025-08-02,1,5,친구가 좋다고 해서 샀는데 만족해요. 세라마이드 들어간 거 찾다가 샀는데 만족합니다. 샘플 문의는 yerin55@example.com 로 주세요.,0
O0892,C181,P024,2025-08-22,1,1,환불 고민 중입니다. 지성이라 그런지 발랐더니 조금 따가웠어요.,0
O0893,C181,P194,2025-10-15,2,3,나쁘진 않은데 특별하진 않네요. 지성인데 자극 없이 잘 썼어요.,0
O0894,C181,P011,2025-12-27,1,5,고민하다 샀는데 잘 산 것 같아요. 향이 세지 않아서 좋아요. 재고 문의는 010 1159 8256 로 부탁드려요.,0
O0895,C181,P190,2026-02-17,1,5,샘플 써보고 본품 구매했어요. 향이 세지 않아서 좋아요.,0
O0896,C181,P168,2026-03-28,1,5,친구가 좋다고 해서 샀는데 만족해요. 결이 정돈된 느낌이 든다는 게 느껴져요. 궁금하신 분은 010-1159-8256으로 문자주세요.,0
O0897,C181,P063,2026-04-25,1,5,친구가 좋다고 해서 샀는데 만족해요. 병풀 들어간 거 찾다가 샀는데 만족합니다. 저는 임예린인데 벌써 세 번째 재구매예요.,0
O0898,C181,P090,2026-05-17,1,5,친구가 좋다고 해서 샀는데 만족해요. 지성인데 자극 없이 잘 썼어요.,0
O0899,C181,P001,2026-07-22,1,5,샘플 써보고 본품 구매했어요. 산뜻한 제형이라 아침에 쓰기 좋아요. 카톡 아이디 donghyun47 입니다.,1
O0900,C182,P176,2025-08-03,1,5,고민하다 샀는데 잘 산 것 같아요. 눈가가 덜 접힌다는 게 느껴져요.,0
O0901,C182,P048,2025-12-02,1,5,고민하다 샀는데 잘 산 것 같아요. 민감성인데 자극 없이 잘 썼어요.,0
O0902,C182,P070,2026-01-20,1,2,저랑은 안 맞았어요. 민감성이라 그런지 발랐더니 조금 따가웠어요.,0
O0903,C182,P053,2026-02-07,2,4,샘플 써보고 본품 구매했어요. 산뜻한 제형이라 아침에 쓰기 좋아요.,0
O0904,C182,P177,2026-03-19,1,5,고민하다 샀는데 잘 산 것 같아요. 민감성인데 자극 없이 잘 썼어요. 궁금하신 분은 010-4146-6953으로 문자주세요.,0
O0905,C182,P166,2026-04-02,1,4,두 통째 쓰는 중이에요. 민감성인데 자극 없이 잘 썼어요.,0
O0906,C182,P082,2026-07-04,1,4,두 통째 쓰는 중이에요. 얼굴이 한 톤 밝아 보인다는 게 느껴져요. 천안 사는 장유진입니다. 배송 빨랐어요.,1
O0907,C183,P043,2025-08-06,1,5,고민하다 샀는데 잘 산 것 같아요. 세라마이드 들어간 거 찾다가 샀는데 만족합니다.,0
O0908,C183,P086,2025-12-03,1,2,환불 고민 중입니다. 탱탱한 느낌이 오래간다는 잘 모르겠어요.,0
O0909,C183,P108,2026-06-10,1,5,친구가 좋다고 해서 샀는데 만족해요. 세라마이드 들어간 거 찾다가 샀는데 만족합니다. 공구 원하시면 01018696254 연락주세요.,1
O0910,C184,P108,2025-07-12,1,4,두 통째 쓰는 중이에요. 눈가가 덜 접힌다는 게 느껴져요. 임상우 언니가 쓰는 거 보고 따라 샀습니다.,0
O0911,C184,P178,2026-02-04,1,5,재구매입니다. 가볍게 스미는 제형이라 아침에 쓰기 좋아요.,0
O0912,C184,P081,2026-04-21,1,4,샘플 써보고 본품 구매했어요. 판테놀 들어간 거 찾다가 샀는데 만족합니다.,0
O0913,C184,P112,2026-07-16,1,4,고민하다 샀는데 잘 산 것 같아요. 어성초 들어간 거 찾다가 샀는데 만족합니다. 궁금하신 분은 010-9490-1562으로 문자주세요.,0
O0914,C184,P144,2026-07-31,1,5,재구매입니다. 건성인데 자극 없이 잘 썼어요.,1
O0915,C185,P176,2026-02-27,1,4,샘플 써보고 본품 구매했어요. 콜라겐 들어간 거 찾다가 샀는데 만족합니다.,0
O0916,C185,P129,2026-05-06,1,5,샘플 써보고 본품 구매했어요. 향이 세지 않아서 좋아요.,1
O0917,C186,P041,2025-10-31,3,3,가격 생각하면 이 정도는 하는 것 같아요. 복합성인데 자극 없이 잘 썼어요. 샘플 문의는 chaewon53@example.com 로 주세요.,0
O0918,C186,P013,2026-03-11,2,1,다음엔 다른 거 살 것 같아요. 붉은 기가 빨리 가라앉는다는 잘 모르겠어요.,0
O0919,C186,P012,2026-05-18,1,1,저랑은 안 맞았어요. 용량 대비 가격이 아쉬워요. 광주 구월동 사는데 근처 매장에도 있더라고요.,0
O0920,C186,P115,2026-07-20,1,5,두 통째 쓰는 중이에요. 향이 세지 않아서 좋아요. 저는 임채원인데 벌써 세 번째 재구매예요.,1
O0921,C187,P096,2025-11-09,1,5,고민하다 샀는데 잘 산 것 같아요. 레티놀 들어간 거 찾다가 샀는데 만족합니다.,0
O0922,C187,P144,2026-03-19,1,5,"친구가 좋다고 해서 샀는데 만족해요. 중성인데 자극 없이 잘 썼어요. 장다은이라고 하고요, 매장 직원분이 친절했어요.",0
O0923,C187,P188,2026-04-18,1,4,재구매입니다. 히알루론산 들어간 거 찾다가 샀는데 만족합니다.,0
O0924,C187,P149,2026-04-22,1,3,나쁘진 않은데 특별하진 않네요. 탱탱한 느낌이 오래간다는 게 느껴져요. 궁금하신 분은 010-3551-6475으로 문자주세요.,0
O0925,C187,P103,2026-06-05,1,4,재구매입니다. 가볍게 스미는 제형이라 아침에 쓰기 좋아요. 재고 문의는 010 3551 6475 로 부탁드려요.,0
O0926,C187,P095,2026-07-07,1,3,가격 생각하면 이 정도는 하는 것 같아요. 얼굴이 한 톤 밝아 보인다는 게 느껴져요. 카톡 아이디 jaemin18 입니다.,0
O0927,C187,P173,2026-07-08,1,5,고민하다 샀는데 잘 산 것 같아요. 향이 세지 않아서 좋아요.,0
O0928,C187,P126,2026-07-17,1,5,재구매입니다. 판테놀 들어간 거 찾다가 샀는데 만족합니다.,1
O0929,C188,P139,2025-07-27,1,5,재구매입니다. 젤 같은 제형이라 아침에 쓰기 좋아요. 카톡 아이디 soyul25 입니다.,0
O0930,C188,P149,2025-09-15,1,4,샘플 써보고 본품 구매했어요. 중성인데 자극 없이 잘 썼어요. 저는 한지훈인데 벌써 세 번째 재구매예요.,0
O0931,C188,P126,2025-10-09,1,2,환불 고민 중입니다. 중성이라 그런지 발랐더니 조금 따가웠어요.,0
O0932,C188,P196,2025-12-25,1,4,고민하다 샀는데 잘 산 것 같아요. 속건조가 덜하다는 게 느껴져요.,0
O0933,C188,P014,2026-04-02,1,3,무난해요. 촉촉하게 감싸는 제형이라 아침에 쓰기 좋아요.,1
O0934,C189,P152,2025-12-11,1,4,친구가 좋다고 해서 샀는데 만족해요. 중성인데 자극 없이 잘 썼어요. 궁금하신 분은 010-3349-3205으로 문자주세요.,0
O0935,C189,P072,2026-03-04,1,4,재구매입니다. 향이 세지 않아서 좋아요. 재고 문의는 010 3349 3205 로 부탁드려요.,0
O0936,C189,P055,2026-05-01,1,4,두 통째 쓰는 중이에요. 촉촉하게 감싸는 제형이라 아침에 쓰기 좋아요.,0
O0937,C189,P174,2026-06-07,1,3,무난해요. 중성인데 자극 없이 잘 썼어요. 궁금하신 분은 010-3349-3205으로 문자주세요.,1
O0938,C190,P078,2025-07-26,1,4,두 통째 쓰는 중이에요. 병풀 들어간 거 찾다가 샀는데 만족합니다. 조다은님이 추천해줘서 샀어요.,0
O0939,C190,P079,2026-01-20,1,4,재구매입니다. 중성인데 자극 없이 잘 썼어요.,0
O0940,C190,P140,2026-01-28,1,4,재구매입니다. 향이 세지 않아서 좋아요.,0
O0941,C190,P126,2026-02-01,2,3,무난해요. 산뜻한 제형이라 아침에 쓰기 좋아요. 천안 사는 안미연입니다. 배송 빨랐어요.,0
O0942,C190,P170,2026-04-14,1,5,고민하다 샀는데 잘 산 것 같아요. 향이 세지 않아서 좋아요.,0
O0943,C190,P129,2026-05-22,1,1,다음엔 다른 거 살 것 같아요. 용량 대비 가격이 아쉬워요.,0
O0944,C190,P057,2026-08-05,1,4,샘플 써보고 본품 구매했어요. 히알루론산 들어간 거 찾다가 샀는데 만족합니다.,1
O0945,C191,P147,2025-11-06,1,5,두 통째 쓰는 중이에요. 올라오던 게 덜하다는 게 느껴져요.,0
O0946,C191,P161,2026-01-09,1,4,친구가 좋다고 해서 샀는데 만족해요. 건성인데 자극 없이 잘 썼어요. 고양 수성동 사는데 근처 매장에도 있더라고요.,0
O0947,C191,P078,2026-02-27,1,4,친구가 좋다고 해서 샀는데 만족해요. 건성인데 자극 없이 잘 썼어요.,0
O0948,C191,P089,2026-05-16,2,5,샘플 써보고 본품 구매했어요. 건성인데 자극 없이 잘 썼어요.,0
O0949,C191,P044,2026-07-20,1,4,"고민하다 샀는데 잘 산 것 같아요. 향이 세지 않아서 좋아요. 김예린이라고 하고요, 매장 직원분이 친절했어요.",1
O0950,C192,P071,2025-08-28,1,1,저랑은 안 맞았어요. 붉은 기가 빨리 가라앉는다는 잘 모르겠어요.,0
O0951,C192,P037,2025-10-27,1,5,재구매입니다. 얼굴이 한 톤 밝아 보인다는 게 느껴져요.,0
O0952,C192,P080,2026-04-03,1,3,나쁘진 않은데 특별하진 않네요. 촉촉하게 감싸는 제형이라 아침에 쓰기 좋아요.,1
O0953,C193,P070,2025-07-07,1,5,샘플 써보고 본품 구매했어요. 약산성 아미노산 들어간 거 찾다가 샀는데 만족합니다.,0
O0954,C193,P039,2025-08-31,1,5,두 통째 쓰는 중이에요. 눈가가 덜 접힌다는 게 느껴져요.,0
O0955,C193,P167,2025-09-19,1,4,친구가 좋다고 해서 샀는데 만족해요. 민감성인데 자극 없이 잘 썼어요.,0
O0956,C193,P080,2025-11-21,1,4,재구매입니다. 레티놀 들어간 거 찾다가 샀는데 만족합니다. 김지훈 언니가 쓰는 거 보고 따라 샀습니다.,0
O0957,C193,P033,2026-03-01,2,2,광고를 너무 믿었나 봐요. 향이 저한테는 좀 강했어요.,0
O0958,C193,P063,2026-04-06,1,5,재구매입니다. 민감성인데 자극 없이 잘 썼어요.,0
O0959,C193,P042,2026-04-28,1,5,친구가 좋다고 해서 샀는데 만족해요. 민감성인데 자극 없이 잘 썼어요. 카톡 아이디 junseo32 입니다.,0
O0960,C193,P104,2026-06-11,1,4,"샘플 써보고 본품 구매했어요. 향이 세지 않아서 좋아요. 한채원이라고 하고요, 매장 직원분이 친절했어요.",0
O0961,C193,P085,2026-07-30,1,2,환불 고민 중입니다. 민감성이라 그런지 발랐더니 조금 따가웠어요.,1
O0962,C194,P082,2025-09-14,1,5,샘플 써보고 본품 구매했어요. 향이 세지 않아서 좋아요.,0
O0963,C194,P128,2025-11-04,1,3,나쁘진 않은데 특별하진 않네요. 향이 세지 않아서 좋아요. 궁금하신 분은 010-3492-6679으로 문자주세요.,0
O0964,C194,P097,2026-01-03,1,4,샘플 써보고 본품 구매했어요. 올라오던 게 덜하다는 게 느껴져요.,0
O0965,C194,P166,2026-02-21,1,5,"친구가 좋다고 해서 샀는데 만족해요. 탱탱한 느낌이 오래간다는 게 느껴져요. 오지훈이라고 하고요, 매장 직원분이 친절했어요.",1
O0966,C195,P096,2025-08-19,1,3,무난해요. 복합성인데 자극 없이 잘 썼어요.,0
O0967,C195,P113,2025-10-27,1,5,샘플 써보고 본품 구매했어요. 향이 세지 않아서 좋아요. 재고 문의는 010 5279 9730 로 부탁드려요.,0
O0968,C195,P138,2025-12-01,1,5,친구가 좋다고 해서 샀는데 만족해요. 향이 세지 않아서 좋아요.,0
O0969,C195,P043,2026-01-04,1,5,친구가 좋다고 해서 샀는데 만족해요. 세라마이드 들어간 거 찾다가 샀는데 만족합니다.,0
O0970,C195,P008,2026-01-13,1,1,환불 고민 중입니다. 복합성이라 그런지 발랐더니 조금 따가웠어요.,0
O0971,C195,P152,2026-04-02,1,1,광고를 너무 믿었나 봐요. 복합성이라 그런지 발랐더니 조금 따가웠어요.,0
O0972,C195,P067,2026-07-16,1,5,두 통째 쓰는 중이에요. 콜라겐 들어간 거 찾다가 샀는데 만족합니다. 샘플 문의는 gaeun52@example.com 로 주세요.,0
O0973,C195,P029,2026-07-24,1,4,고민하다 샀는데 잘 산 것 같아요. 겉돌던 게 없어졌다는 게 느껴져요.,1
O0974,C196,P096,2025-11-02,1,5,고민하다 샀는데 잘 산 것 같아요. 지성인데 자극 없이 잘 썼어요. 신소율님이 추천해줘서 샀어요.,0
O0975,C196,P008,2025-12-13,1,3,기대가 컸나 봐요. 결이 정돈된 느낌이 든다는 게 느껴져요. 성남 사는 박가은입니다. 배송 빨랐어요.,0
O0976,C196,P099,2025-12-24,1,4,고민하다 샀는데 잘 산 것 같아요. 향이 세지 않아서 좋아요.,0
O0977,C196,P053,2026-03-06,1,4,고민하다 샀는데 잘 산 것 같아요. 판테놀 들어간 거 찾다가 샀는데 만족합니다.,0
O0978,C196,P137,2026-07-01,1,4,고민하다 샀는데 잘 산 것 같아요. 속건조가 덜하다는 게 느껴져요.,1
O0979,C197,P165,2025-08-18,2,4,두 통째 쓰는 중이에요. 젤 같은 제형이라 아침에 쓰기 좋아요. 궁금하신 분은 010-9713-1457으로 문자주세요.,0
O0980,C197,P093,2026-02-10,1,5,고민하다 샀는데 잘 산 것 같아요. 콜라겐 들어간 거 찾다가 샀는데 만족합니다.,0
O0981,C197,P023,2026-03-27,2,5,두 통째 쓰는 중이에요. 향이 세지 않아서 좋아요. 저는 오지아인데 벌써 세 번째 재구매예요.,0
O0982,C197,P140,2026-07-10,1,5,두 통째 쓰는 중이에요. 향이 세지 않아서 좋아요. 임미연 언니가 쓰는 거 보고 따라 샀습니다.,0
O0983,C197,P162,2026-07-11,1,5,두 통째 쓰는 중이에요. 녹차 들어간 거 찾다가 샀는데 만족합니다. 재고 문의는 010 9713 1457 로 부탁드려요.,0
O0984,C197,P096,2026-08-06,1,3,가격 생각하면 이 정도는 하는 것 같아요. 향이 세지 않아서 좋아요. 신준서님이 추천해줘서 샀어요.,1
O0985,C198,P140,2025-11-15,1,4,고민하다 샀는데 잘 산 것 같아요. 복합성인데 자극 없이 잘 썼어요. 강우진 언니가 쓰는 거 보고 따라 샀습니다.,0
O0986,C198,P123,2026-02-20,1,5,고민하다 샀는데 잘 산 것 같아요. 복합성인데 자극 없이 잘 썼어요. 청주 일산동 사는데 근처 매장에도 있더라고요.,0
O0987,C198,P053,2026-04-22,1,4,샘플 써보고 본품 구매했어요. 복합성인데 자극 없이 잘 썼어요.,1
O0988,C199,P165,2025-08-19,1,4,두 통째 쓰는 중이에요. 물처럼 묽은 제형이라 아침에 쓰기 좋아요. 재고 문의는 010 4383 4140 로 부탁드려요.,0
O0989,C199,P183,2025-08-24,1,5,친구가 좋다고 해서 샀는데 만족해요. 얼굴이 한 톤 밝아 보인다는 게 느껴져요.,0
O0990,C199,P103,2026-04-11,1,5,샘플 써보고 본품 구매했어요. 물처럼 묽은 제형이라 아침에 쓰기 좋아요. 공구 원하시면 01043834140 연락주세요.,0
O0991,C199,P075,2026-04-22,1,5,친구가 좋다고 해서 샀는데 만족해요. 향이 세지 않아서 좋아요.,0
O0992,C199,P050,2026-07-02,1,5,고민하다 샀는데 잘 산 것 같아요. 물처럼 묽은 제형이라 아침에 쓰기 좋아요.,1
O0993,C200,P151,2025-08-14,2,5,재구매입니다. 향이 세지 않아서 좋아요. 송도현님이 추천해줘서 샀어요.,0
O0994,C200,P149,2025-09-03,1,3,가격 생각하면 이 정도는 하는 것 같아요. 향이 세지 않아서 좋아요.,0
O0995,C200,P036,2025-11-03,1,4,샘플 써보고 본품 구매했어요. 향이 세지 않아서 좋아요.,0
O0996,C200,P105,2025-12-22,1,2,환불 고민 중입니다. 향이 저한테는 좀 강했어요. 공구 원하시면 01062738006 연락주세요.,0
O0997,C200,P084,2026-06-23,1,1,광고를 너무 믿었나 봐요. 용량 대비 가격이 아쉬워요. 공구 원하시면 01062738006 연락주세요.,1
O0998,C201,P051,2025-08-22,1,3,나쁘진 않은데 특별하진 않네요. 지성인데 자극 없이 잘 썼어요.,0
O0999,C201,P149,2025-10-09,2,2,다음엔 다른 거 살 것 같아요. 지성이라 그런지 발랐더니 조금 따가웠어요. 광주 해운대 사는데 근처 매장에도 있더라고요.,0
O1000,C201,P063,2026-02-08,1,5,샘플 써보고 본품 구매했어요. 지성인데 자극 없이 잘 썼어요.,0
O1001,C201,P075,2026-03-08,1,4,친구가 좋다고 해서 샀는데 만족해요. 향이 세지 않아서 좋아요.,0
O1002,C201,P077,2026-04-11,1,1,환불 고민 중입니다. 지성이라 그런지 발랐더니 조금 따가웠어요. 광주 사는 최가은입니다. 배송 빨랐어요.,0
O1003,C201,P049,2026-04-11,1,4,고민하다 샀는데 잘 산 것 같아요. 물처럼 묽은 제형이라 아침에 쓰기 좋아요.,0
O1004,C201,P147,2026-05-26,1,3,무난해요. 지성인데 자극 없이 잘 썼어요. 황동현 언니가 쓰는 거 보고 따라 샀습니다.,1
O1005,C202,P174,2025-11-12,1,5,고민하다 샀는데 잘 산 것 같아요. 물처럼 묽은 제형이라 아침에 쓰기 좋아요. 조다은 언니가 쓰는 거 보고 따라 샀습니다.,0
O1006,C202,P141,2025-12-06,1,3,나쁘진 않은데 특별하진 않네요. 복합성인데 자극 없이 잘 썼어요.,0
O1007,C202,P017,2025-12-24,1,5,재구매입니다. 복합성인데 자극 없이 잘 썼어요.,0
O1008,C202,P161,2026-01-02,3,3,기대가 컸나 봐요. 향이 세지 않아서 좋아요. 수원 사는 조예린입니다. 배송 빨랐어요.,0
O1009,C202,P030,2026-03-05,1,5,두 통째 쓰는 중이에요. 산뜻한 제형이라 아침에 쓰기 좋아요.,0
O1010,C202,P197,2026-04-15,1,3,기대가 컸나 봐요. 향이 세지 않아서 좋아요. 궁금하신 분은 010-8297-7555으로 문자주세요.,0
O1011,C202,P010,2026-06-24,1,5,두 통째 쓰는 중이에요. 콜라겐 들어간 거 찾다가 샀는데 만족합니다.,1
O1012,C203,P022,2025-12-12,1,4,친구가 좋다고 해서 샀는데 만족해요. 건성인데 자극 없이 잘 썼어요.,0
O1013,C203,P139,2026-03-31,1,5,두 통째 쓰는 중이에요. 꾸덕한 제형이라 아침에 쓰기 좋아요.,0
O1014,C203,P064,2026-05-06,1,5,샘플 써보고 본품 구매했어요. 나이아신아마이드 들어간 거 찾다가 샀는데 만족합니다.,1
O1015,C204,P157,2025-07-27,1,3,기대가 컸나 봐요. 눈가가 덜 접힌다는 게 느껴져요.,0
O1016,C204,P195,2025-08-22,1,3,기대가 컸나 봐요. 중성인데 자극 없이 잘 썼어요.,0
O1017,C204,P170,2026-06-16,2,3,가격 생각하면 이 정도는 하는 것 같아요. 올라오던 게 덜하다는 게 느껴져요. 샘플 문의는 minjun62@example.com 로 주세요.,0
O1018,C204,P121,2026-07-10,1,4,"두 통째 쓰는 중이에요. 젤 같은 제형이라 아침에 쓰기 좋아요. 이민준이라고 하고요, 매장 직원분이 친절했어요.",1
O1019,C205,P125,2025-09-07,1,2,환불 고민 중입니다. 속건조가 덜하다는 잘 모르겠어요.,0
O1020,C205,P047,2025-09-11,1,1,저랑은 안 맞았어요. 생각보다 끈적여서 아침엔 못 쓰겠어요. 부산 사는 박도현입니다. 배송 빨랐어요.,0
O1021,C205,P016,2025-12-11,1,4,재구매입니다. 향이 세지 않아서 좋아요.,0
O1022,C205,P163,2026-01-15,1,4,두 통째 쓰는 중이에요. 향이 세지 않아서 좋아요.,0
O1023,C205,P117,2026-02-08,3,4,고민하다 샀는데 잘 산 것 같아요. 나이아신아마이드 들어간 거 찾다가 샀는데 만족합니다.,0
O1024,C205,P007,2026-07-06,2,5,고민하다 샀는데 잘 산 것 같아요. 복합성인데 자극 없이 잘 썼어요.,0
O1025,C205,P130,2026-07-09,1,5,재구매입니다. 콜라겐 들어간 거 찾다가 샀는데 만족합니다.,1
O1026,C206,P145,2025-07-21,1,4,고민하다 샀는데 잘 산 것 같아요. 비타민C 들어간 거 찾다가 샀는데 만족합니다.,0
O1027,C206,P144,2025-08-23,1,2,광고를 너무 믿었나 봐요. 생각보다 끈적여서 아침엔 못 쓰겠어요. 저는 신수빈인데 벌써 세 번째 재구매예요.,0
O1028,C206,P199,2025-09-20,1,3,기대가 컸나 봐요. 탱탱한 느낌이 오래간다는 게 느껴져요.,0
O1029,C206,P132,2025-09-28,1,5,두 통째 쓰는 중이에요. 촉촉하게 감싸는 제형이라 아침에 쓰기 좋아요.,0
O1030,C206,P097,2026-04-10,1,4,재구매입니다. 향이 세지 않아서 좋아요. 임우진님이 추천해줘서 샀어요.,0
O1031,C206,P028,2026-04-28,1,4,고민하다 샀는데 잘 산 것 같아요. 향이 세지 않아서 좋아요. 샘플 문의는 subin10@example.com 로 주세요.,0
O1032,C206,P045,2026-06-02,1,5,재구매입니다. 향이 세지 않아서 좋아요.,0
O1033,C206,P069,2026-06-29,1,2,다음엔 다른 거 살 것 같아요. 용량 대비 가격이 아쉬워요.,1
O1034,C207,P132,2025-08-16,1,1,다음엔 다른 거 살 것 같아요. 향이 저한테는 좀 강했어요.,0
O1035,C207,P196,2025-08-27,1,4,친구가 좋다고 해서 샀는데 만족해요. 산뜻한 제형이라 아침에 쓰기 좋아요. 카톡 아이디 siwoo62 입니다.,0
O1036,C207,P142,2025-11-23,1,4,샘플 써보고 본품 구매했어요. 어성초 들어간 거 찾다가 샀는데 만족합니다. 공구 원하시면 01074533587 연락주세요.,0
O1037,C207,P158,2026-01-31,1,5,재구매입니다. 얼굴이 한 톤 밝아 보인다는 게 느껴져요.,0
O1038,C207,P002,2026-02-10,1,5,친구가 좋다고 해서 샀는데 만족해요. 올라오던 게 덜하다는 게 느껴져요.,0
O1039,C207,P011,2026-06-13,1,5,고민하다 샀는데 잘 산 것 같아요. 산뜻한 제형이라 아침에 쓰기 좋아요.,1
O1040,C208,P058,2025-07-18,1,2,환불 고민 중입니다. 용량 대비 가격이 아쉬워요. 천안 사는 오수빈입니다. 배송 빨랐어요.,0
O1041,C208,P107,2025-07-24,1,4,재구매입니다. 알로에 들어간 거 찾다가 샀는데 만족합니다. 이지훈님이 추천해줘서 샀어요.,0
O1042,C208,P129,2025-08-19,1,4,친구가 좋다고 해서 샀는데 만족해요. 얼굴이 한 톤 밝아 보인다는 게 느껴져요. 공구 원하시면 01024684610 연락주세요.,0
O1043,C208,P139,2025-10-07,1,5,친구가 좋다고 해서 샀는데 만족해요. 겉돌던 게 없어졌다는 게 느껴져요.,0
O1044,C208,P196,2025-12-30,1,5,샘플 써보고 본품 구매했어요. 속건조가 덜하다는 게 느껴져요.,0
O1045,C208,P159,2026-02-15,1,4,샘플 써보고 본품 구매했어요. 꾸덕한 제형이라 아침에 쓰기 좋아요.,0
O1046,C208,P088,2026-06-03,1,5,고민하다 샀는데 잘 산 것 같아요. 어성초 들어간 거 찾다가 샀는데 만족합니다.,1
O1047,C209,P011,2025-11-16,1,5,고민하다 샀는데 잘 산 것 같아요. 향이 세지 않아서 좋아요.,0
O1048,C209,P117,2025-12-30,1,3,무난해요. 가볍게 스미는 제형이라 아침에 쓰기 좋아요.,0
O1049,C209,P102,2026-02-09,1,1,환불 고민 중입니다. 용량 대비 가격이 아쉬워요.,1
O1050,C210,P058,2025-08-25,1,2,환불 고민 중입니다. 용량 대비 가격이 아쉬워요. 재고 문의는 010 7429 8975 로 부탁드려요.,0
O1051,C210,P041,2025-09-06,1,2,저랑은 안 맞았어요. 건성이라 그런지 발랐더니 조금 따가웠어요.,0
O1052,C210,P132,2026-03-16,1,4,고민하다 샀는데 잘 산 것 같아요. 촉촉하게 감싸는 제형이라 아침에 쓰기 좋아요.,0
O1053,C210,P029,2026-06-26,1,4,두 통째 쓰는 중이에요. 건성인데 자극 없이 잘 썼어요. 샘플 문의는 donghyun10@example.com 로 주세요.,1
O1054,C211,P102,2026-03-17,1,5,고민하다 샀는데 잘 산 것 같아요. 가볍게 스미는 제형이라 아침에 쓰기 좋아요.,0
O1055,C211,P006,2026-04-14,1,5,두 통째 쓰는 중이에요. 판테놀 들어간 거 찾다가 샀는데 만족합니다.,0
O1056,C211,P153,2026-05-19,1,4,재구매입니다. 향이 세지 않아서 좋아요.,1
O1057,C212,P056,2026-02-27,1,5,고민하다 샀는데 잘 산 것 같아요. 꾸덕한 제형이라 아침에 쓰기 좋아요. 천안 행신동 사는데 근처 매장에도 있더라고요.,0
O1058,C212,P141,2026-05-15,1,4,두 통째 쓰는 중이에요. 복합성인데 자극 없이 잘 썼어요.,0
O1059,C212,P154,2026-07-10,1,5,두 통째 쓰는 중이에요. 복합성인데 자극 없이 잘 썼어요.,1
O1060,C213,P014,2025-08-02,2,5,친구가 좋다고 해서 샀는데 만족해요. 가볍게 스미는 제형이라 아침에 쓰기 좋아요.,0
O1061,C213,P115,2025-09-19,1,4,샘플 써보고 본품 구매했어요. 비타민C 들어간 거 찾다가 샀는데 만족합니다.,0
O1062,C213,P091,2025-10-02,1,4,샘플 써보고 본품 구매했어요. 올라오던 게 덜하다는 게 느껴져요. 재고 문의는 010 4707 3108 로 부탁드려요.,0
O1063,C213,P118,2026-02-05,2,4,두 통째 쓰는 중이에요. 산뜻한 제형이라 아침에 쓰기 좋아요.,0
O1064,C213,P176,2026-02-22,1,5,샘플 써보고 본품 구매했어요. 눈가가 덜 접힌다는 게 느껴져요. 수원 사는 김하윤입니다. 배송 빨랐어요.,1
O1065,C214,P138,2025-07-25,1,2,다음엔 다른 거 살 것 같아요. 향이 저한테는 좀 강했어요. 궁금하신 분은 010-8951-1405으로 문자주세요.,0
O1066,C214,P013,2025-10-04,1,4,고민하다 샀는데 잘 산 것 같아요. 향이 세지 않아서 좋아요. 용인 영통동 사는데 근처 매장에도 있더라고요.,1
O1067,C215,P025,2025-10-25,1,5,두 통째 쓰는 중이에요. 속건조가 덜하다는 게 느껴져요.,0
O1068,C215,P064,2025-11-04,1,3,기대가 컸나 봐요. 가볍게 스미는 제형이라 아침에 쓰기 좋아요.,0
O1069,C215,P087,2026-07-29,1,3,가격 생각하면 이 정도는 하는 것 같아요. 붉은 기가 빨리 가라앉는다는 게 느껴져요. 공구 원하시면 01099898005 연락주세요.,1
O1070,C216,P110,2025-09-09,1,4,샘플 써보고 본품 구매했어요. 향이 세지 않아서 좋아요.,0
O1071,C216,P075,2025-09-16,2,5,"재구매입니다. 향이 세지 않아서 좋아요. 송하윤이라고 하고요, 매장 직원분이 친절했어요.",0
O1072,C216,P124,2026-03-29,1,4,샘플 써보고 본품 구매했어요. 겉돌던 게 없어졌다는 게 느껴져요.,1
O1073,C217,P197,2025-07-27,1,5,친구가 좋다고 해서 샀는데 만족해요. 향이 세지 않아서 좋아요. 카톡 아이디 sangwoo92 입니다.,0
O1074,C217,P149,2025-09-21,1,4,"친구가 좋다고 해서 샀는데 만족해요. 탱탱한 느낌이 오래간다는 게 느껴져요. 강은수이라고 하고요, 매장 직원분이 친절했어요.",0
O1075,C217,P115,2025-11-19,2,3,가격 생각하면 이 정도는 하는 것 같아요. 올라오던 게 덜하다는 게 느껴져요.,0
O1076,C217,P001,2025-12-04,3,5,재구매입니다. 민감성인데 자극 없이 잘 썼어요.,0
O1077,C217,P137,2026-03-12,1,3,나쁘진 않은데 특별하진 않네요. 젤 같은 제형이라 아침에 쓰기 좋아요. 궁금하신 분은 010-3077-3835으로 문자주세요.,0
O1078,C217,P072,2026-04-22,1,5,고민하다 샀는데 잘 산 것 같아요. 판테놀 들어간 거 찾다가 샀는데 만족합니다. 대전 영통동 사는데 근처 매장에도 있더라고요.,0
O1079,C217,P107,2026-06-28,1,4,친구가 좋다고 해서 샀는데 만족해요. 꾸덕한 제형이라 아침에 쓰기 좋아요.,1
O1080,C218,P084,2026-03-05,1,5,샘플 써보고 본품 구매했어요. 산뜻한 제형이라 아침에 쓰기 좋아요. 서상우 언니가 쓰는 거 보고 따라 샀습니다.,0
O1081,C218,P102,2026-04-14,2,4,고민하다 샀는데 잘 산 것 같아요. 겉돌던 게 없어졌다는 게 느껴져요.,0
O1082,C218,P162,2026-05-08,1,3,나쁘진 않은데 특별하진 않네요. 물처럼 묽은 제형이라 아침에 쓰기 좋아요.,1
O1083,C219,P113,2025-09-24,1,5,샘플 써보고 본품 구매했어요. 탱탱한 느낌이 오래간다는 게 느껴져요. 수원 불당동 사는데 근처 매장에도 있더라고요.,0
O1084,C219,P159,2026-03-28,1,4,샘플 써보고 본품 구매했어요. 산뜻한 제형이라 아침에 쓰기 좋아요.,0
O1085,C219,P140,2026-05-11,1,3,무난해요. 꾸덕한 제형이라 아침에 쓰기 좋아요.,1
O1086,C220,P004,2025-07-16,1,3,나쁘진 않은데 특별하진 않네요. 꾸덕한 제형이라 아침에 쓰기 좋아요.,0
O1087,C220,P100,2025-11-12,1,2,다음엔 다른 거 살 것 같아요. 향이 저한테는 좀 강했어요.,0
O1088,C220,P157,2026-01-22,1,5,샘플 써보고 본품 구매했어요. 향이 세지 않아서 좋아요.,0
O1089,C220,P038,2026-02-20,1,4,고민하다 샀는데 잘 산 것 같아요. 향이 세지 않아서 좋아요. 샘플 문의는 jaemin13@example.com 로 주세요.,0
O1090,C220,P185,2026-02-20,3,4,두 통째 쓰는 중이에요. 건성인데 자극 없이 잘 썼어요.,0
O1091,C220,P199,2026-02-27,1,5,재구매입니다. 향이 세지 않아서 좋아요.,0
O1092,C220,P115,2026-04-21,1,5,두 통째 쓰는 중이에요. 올라오던 게 덜하다는 게 느껴져요.,0
O1093,C220,P090,2026-05-15,1,5,두 통째 쓰는 중이에요. 가볍게 스미는 제형이라 아침에 쓰기 좋아요.,1
O1094,C221,P133,2025-09-01,1,1,저랑은 안 맞았어요. 복합성이라 그런지 발랐더니 조금 따가웠어요.,0
O1095,C221,P169,2026-03-09,1,3,나쁘진 않은데 특별하진 않네요. 녹차 들어간 거 찾다가 샀는데 만족합니다.,0
O1096,C221,P179,2026-06-01,1,1,광고를 너무 믿었나 봐요. 생각보다 끈적여서 아침엔 못 쓰겠어요.,1
O1097,C222,P149,2025-07-08,1,3,"기대가 컸나 봐요. 가볍게 스미는 제형이라 아침에 쓰기 좋아요. 임유진이라고 하고요, 매장 직원분이 친절했어요.",0
O1098,C222,P073,2025-09-24,1,5,고민하다 샀는데 잘 산 것 같아요. 눈가가 덜 접힌다는 게 느껴져요. 박채원 언니가 쓰는 거 보고 따라 샀습니다.,0
O1099,C222,P038,2025-11-29,1,5,두 통째 쓰는 중이에요. 눈가가 덜 접힌다는 게 느껴져요.,0
O1100,C222,P134,2026-05-27,1,5,친구가 좋다고 해서 샀는데 만족해요. 히알루론산 들어간 거 찾다가 샀는데 만족합니다. 샘플 문의는 yujin6@example.com 로 주세요.,1
O1101,C223,P052,2025-11-03,1,3,"기대가 컸나 봐요. 향이 세지 않아서 좋아요. 신수빈이라고 하고요, 매장 직원분이 친절했어요.",0
O1102,C223,P003,2025-11-14,1,5,고민하다 샀는데 잘 산 것 같아요. 향이 세지 않아서 좋아요.,0
O1103,C223,P155,2026-03-20,1,4,샘플 써보고 본품 구매했어요. 향이 세지 않아서 좋아요.,0
O1104,C223,P046,2026-04-21,1,3,나쁘진 않은데 특별하진 않네요. 젤 같은 제형이라 아침에 쓰기 좋아요.,0
O1105,C223,P159,2026-06-11,1,5,두 통째 쓰는 중이에요. 중성인데 자극 없이 잘 썼어요.,0
O1106,C223,P118,2026-08-01,1,4,재구매입니다. 히알루론산 들어간 거 찾다가 샀는데 만족합니다. 재고 문의는 010 2437 5330 로 부탁드려요.,1
O1107,C224,P149,2025-09-28,1,4,친구가 좋다고 해서 샀는데 만족해요. 탱탱한 느낌이 오래간다는 게 느껴져요.,0
O1108,C224,P090,2025-11-11,1,5,고민하다 샀는데 잘 산 것 같아요. 올라오던 게 덜하다는 게 느껴져요. 재고 문의는 010 7381 2449 로 부탁드려요.,0
O1109,C224,P134,2025-12-09,1,4,재구매입니다. 올라오던 게 덜하다는 게 느껴져요. 청주 해운대 사는데 근처 매장에도 있더라고요.,0
O1110,C224,P131,2026-07-10,1,4,친구가 좋다고 해서 샀는데 만족해요. 지성인데 자극 없이 잘 썼어요.,1
O1111,C225,P199,2025-08-06,1,4,재구매입니다. 탱탱한 느낌이 오래간다는 게 느껴져요. 황보민 언니가 쓰는 거 보고 따라 샀습니다.,0
O1112,C225,P145,2025-11-04,1,4,샘플 써보고 본품 구매했어요. 결이 정돈된 느낌이 든다는 게 느껴져요.,0
O1113,C225,P197,2025-12-29,1,5,두 통째 쓰는 중이에요. 알로에 들어간 거 찾다가 샀는데 만족합니다. 수원 사는 오지은입니다. 배송 빨랐어요.,0
O1114,C225,P192,2026-02-03,1,2,환불 고민 중입니다. 속건조가 덜하다는 잘 모르겠어요.,0
O1115,C225,P136,2026-04-09,1,5,고민하다 샀는데 잘 산 것 같아요. 속건조가 덜하다는 게 느껴져요.,0
O1116,C225,P181,2026-04-11,1,4,고민하다 샀는데 잘 산 것 같아요. 향이 세지 않아서 좋아요.,0
O1117,C225,P037,2026-06-19,1,4,고민하다 샀는데 잘 산 것 같아요. 얼굴이 한 톤 밝아 보인다는 게 느껴져요.,1
O1118,C226,P048,2025-07-09,2,2,광고를 너무 믿었나 봐요. 향이 저한테는 좀 강했어요.,0
O1119,C226,P006,2025-11-28,1,5,두 통째 쓰는 중이에요. 판테놀 들어간 거 찾다가 샀는데 만족합니다. 강가은 언니가 쓰는 거 보고 따라 샀습니다.,0
O1120,C226,P196,2025-12-01,1,4,친구가 좋다고 해서 샀는데 만족해요. 쌀겨 들어간 거 찾다가 샀는데 만족합니다. 궁금하신 분은 010-6540-9902으로 문자주세요.,0
O1121,C226,P188,2026-03-04,1,4,샘플 써보고 본품 구매했어요. 결이 정돈된 느낌이 든다는 게 느껴져요.,0
O1122,C226,P177,2026-04-03,1,5,두 통째 쓰는 중이에요. 향이 세지 않아서 좋아요.,0
O1123,C226,P028,2026-05-09,1,4,고민하다 샀는데 잘 산 것 같아요. 꾸덕한 제형이라 아침에 쓰기 좋아요.,1
O1124,C227,P119,2025-07-26,1,2,환불 고민 중입니다. 용량 대비 가격이 아쉬워요. 용인 수지구 사는데 근처 매장에도 있더라고요.,0
O1125,C227,P047,2025-09-19,1,3,가격 생각하면 이 정도는 하는 것 같아요. 꾸덕한 제형이라 아침에 쓰기 좋아요.,0
O1126,C227,P046,2025-12-27,1,4,친구가 좋다고 해서 샀는데 만족해요. 물처럼 묽은 제형이라 아침에 쓰기 좋아요.,0
O1127,C227,P080,2026-05-19,1,4,두 통째 쓰는 중이에요. 탱탱한 느낌이 오래간다는 게 느껴져요.,1
O1128,C228,P017,2025-11-06,1,5,고민하다 샀는데 잘 산 것 같아요. 향이 세지 않아서 좋아요.,0
O1129,C228,P116,2026-04-07,1,4,친구가 좋다고 해서 샀는데 만족해요. 알로에 들어간 거 찾다가 샀는데 만족합니다.,0
O1130,C228,P151,2026-04-10,1,5,재구매입니다. 콜라겐 들어간 거 찾다가 샀는데 만족합니다. 샘플 문의는 jia88@example.com 로 주세요.,0
O1131,C228,P081,2026-06-18,1,5,고민하다 샀는데 잘 산 것 같아요. 물처럼 묽은 제형이라 아침에 쓰기 좋아요.,0
O1132,C228,P106,2026-07-20,1,4,샘플 써보고 본품 구매했어요. 향이 세지 않아서 좋아요. 카톡 아이디 dohyun47 입니다.,1
O1133,C229,P054,2025-10-20,1,5,친구가 좋다고 해서 샀는데 만족해요. 레티놀 들어간 거 찾다가 샀는데 만족합니다.,0
O1134,C229,P178,2025-10-31,1,4,친구가 좋다고 해서 샀는데 만족해요. 병풀 들어간 거 찾다가 샀는데 만족합니다.,0
O1135,C229,P100,2026-01-28,1,5,고민하다 샀는데 잘 산 것 같아요. 젤 같은 제형이라 아침에 쓰기 좋아요.,0
O1136,C229,P074,2026-02-17,1,4,친구가 좋다고 해서 샀는데 만족해요. 민감성인데 자극 없이 잘 썼어요.,0
O1137,C229,P041,2026-02-24,1,5,샘플 써보고 본품 구매했어요. 향이 세지 않아서 좋아요. 샘플 문의는 daeun47@example.com 로 주세요.,0
O1138,C229,P108,2026-04-13,1,5,고민하다 샀는데 잘 산 것 같아요. 산뜻한 제형이라 아침에 쓰기 좋아요.,0
O1139,C229,P194,2026-06-07,1,5,"고민하다 샀는데 잘 산 것 같아요. 향이 세지 않아서 좋아요. 권다은이라고 하고요, 매장 직원분이 친절했어요.",0
O1140,C229,P080,2026-06-26,1,4,고민하다 샀는데 잘 산 것 같아요. 촉촉하게 감싸는 제형이라 아침에 쓰기 좋아요.,1
O1141,C230,P093,2025-08-03,1,4,재구매입니다. 콜라겐 들어간 거 찾다가 샀는데 만족합니다. 재고 문의는 010 2010 1518 로 부탁드려요.,0
O1142,C230,P185,2025-12-24,1,5,친구가 좋다고 해서 샀는데 만족해요. 향이 세지 않아서 좋아요.,0
O1143,C230,P029,2026-02-04,1,5,재구매입니다. 복합성인데 자극 없이 잘 썼어요.,0
O1144,C230,P073,2026-03-12,1,5,고민하다 샀는데 잘 산 것 같아요. 산뜻한 제형이라 아침에 쓰기 좋아요. 카톡 아이디 hayoon81 입니다.,0
O1145,C230,P090,2026-05-26,1,5,재구매입니다. 젤 같은 제형이라 아침에 쓰기 좋아요.,1
O1146,C231,P066,2025-09-15,1,4,친구가 좋다고 해서 샀는데 만족해요. 향이 세지 않아서 좋아요.,0
O1147,C231,P047,2026-05-06,1,4,고민하다 샀는데 잘 산 것 같아요. 향이 세지 않아서 좋아요.,0
O1148,C231,P155,2026-07-29,1,5,두 통째 쓰는 중이에요. 중성인데 자극 없이 잘 썼어요.,1
O1149,C232,P116,2025-07-07,1,5,친구가 좋다고 해서 샀는데 만족해요. 복합성인데 자극 없이 잘 썼어요.,0
O1150,C232,P164,2025-08-01,1,5,두 통째 쓰는 중이에요. 프로폴리스 들어간 거 찾다가 샀는데 만족합니다. 궁금하신 분은 010-1822-4737으로 문자주세요.,0
O1151,C232,P110,2025-08-29,1,2,다음엔 다른 거 살 것 같아요. 올라오던 게 덜하다는 잘 모르겠어요.,0
O1152,C232,P197,2025-09-28,1,4,고민하다 샀는데 잘 산 것 같아요. 알로에 들어간 거 찾다가 샀는데 만족합니다. 수원 사는 황서연입니다. 배송 빨랐어요.,0
O1153,C232,P118,2025-10-23,1,5,샘플 써보고 본품 구매했어요. 향이 세지 않아서 좋아요.,0
O1154,C232,P012,2025-12-10,1,3,기대가 컸나 봐요. 비타민C 들어간 거 찾다가 샀는데 만족합니다.,0
O1155,C232,P023,2026-03-03,1,1,다음엔 다른 거 살 것 같아요. 생각보다 끈적여서 아침엔 못 쓰겠어요. 조은수 언니가 쓰는 거 보고 따라 샀습니다.,0
O1156,C232,P059,2026-03-31,1,3,나쁘진 않은데 특별하진 않네요. 촉촉하게 감싸는 제형이라 아침에 쓰기 좋아요.,1
O1157,C233,P017,2025-09-14,3,3,기대가 컸나 봐요. 건성인데 자극 없이 잘 썼어요.,0
O1158,C233,P026,2025-12-09,1,4,고민하다 샀는데 잘 산 것 같아요. 산뜻한 제형이라 아침에 쓰기 좋아요.,0
O1159,C233,P094,2026-01-18,1,5,샘플 써보고 본품 구매했어요. 붉은 기가 빨리 가라앉는다는 게 느껴져요. 수원 행신동 사는데 근처 매장에도 있더라고요.,1
O1160,C234,P179,2025-10-22,1,5,친구가 좋다고 해서 샀는데 만족해요. 민감성인데 자극 없이 잘 썼어요.,0
O1161,C234,P053,2025-11-14,1,5,두 통째 쓰는 중이에요. 붉은 기가 빨리 가라앉는다는 게 느껴져요. 샘플 문의는 sangwoo96@example.com 로 주세요.,0
O1162,C234,P131,2026-02-13,1,5,고민하다 샀는데 잘 산 것 같아요. 어성초 들어간 거 찾다가 샀는데 만족합니다. 송현우 언니가 쓰는 거 보고 따라 샀습니다.,0
O1163,C234,P008,2026-04-19,1,4,친구가 좋다고 해서 샀는데 만족해요. 가볍게 스미는 제형이라 아침에 쓰기 좋아요.,1
O1164,C235,P063,2025-09-22,1,5,고민하다 샀는데 잘 산 것 같아요. 눈가가 덜 접힌다는 게 느껴져요. 재고 문의는 010 9427 9854 로 부탁드려요.,0
O1165,C235,P106,2025-10-19,1,5,샘플 써보고 본품 구매했어요. 꾸덕한 제형이라 아침에 쓰기 좋아요.,0
O1166,C235,P043,2025-12-09,1,5,재구매입니다. 물처럼 묽은 제형이라 아침에 쓰기 좋아요.,0
O1167,C235,P157,2026-04-25,2,3,가격 생각하면 이 정도는 하는 것 같아요. 병풀 들어간 거 찾다가 샀는데 만족합니다.,1
O1168,C236,P069,2025-08-23,2,4,고민하다 샀는데 잘 산 것 같아요. 결이 정돈된 느낌이 든다는 게 느껴져요.,0
O1169,C236,P133,2026-01-18,1,3,기대가 컸나 봐요. 물처럼 묽은 제형이라 아침에 쓰기 좋아요.,0
O1170,C236,P171,2026-02-14,1,5,샘플 써보고 본품 구매했어요. 향이 세지 않아서 좋아요.,0
O1171,C236,P143,2026-07-25,1,5,친구가 좋다고 해서 샀는데 만족해요. 가볍게 스미는 제형이라 아침에 쓰기 좋아요.,1
O1172,C237,P059,2025-08-14,1,5,재구매입니다. 결이 정돈된 느낌이 든다는 게 느껴져요.,0
O1173,C237,P165,2025-11-01,1,5,두 통째 쓰는 중이에요. 향이 세지 않아서 좋아요. 오서연님이 추천해줘서 샀어요.,0
O1174,C237,P108,2026-02-28,1,3,무난해요. 건성인데 자극 없이 잘 썼어요.,0
O1175,C237,P164,2026-04-27,1,3,나쁘진 않은데 특별하진 않네요. 결이 정돈된 느낌이 든다는 게 느껴져요.,0
O1176,C237,P050,2026-06-09,1,2,다음엔 다른 거 살 것 같아요. 탱탱한 느낌이 오래간다는 잘 모르겠어요. 성남 사는 송수빈입니다. 배송 빨랐어요.,0
O1177,C237,P092,2026-06-28,2,4,샘플 써보고 본품 구매했어요. 쌀겨 들어간 거 찾다가 샀는데 만족합니다.,1
O1178,C238,P026,2025-08-22,1,5,고민하다 샀는데 잘 산 것 같아요. 가볍게 스미는 제형이라 아침에 쓰기 좋아요.,0
O1179,C238,P067,2025-10-15,1,5,두 통째 쓰는 중이에요. 향이 세지 않아서 좋아요.,0
O1180,C238,P053,2026-01-05,1,3,가격 생각하면 이 정도는 하는 것 같아요. 물처럼 묽은 제형이라 아침에 쓰기 좋아요.,0
O1181,C238,P031,2026-01-12,1,5,고민하다 샀는데 잘 산 것 같아요. 건성인데 자극 없이 잘 썼어요. 용인 사는 최수빈입니다. 배송 빨랐어요.,0
O1182,C238,P069,2026-02-17,1,5,두 통째 쓰는 중이에요. 판테놀 들어간 거 찾다가 샀는데 만족합니다.,0
O1183,C238,P196,2026-02-27,1,5,고민하다 샀는데 잘 산 것 같아요. 속건조가 덜하다는 게 느껴져요.,0
O1184,C238,P039,2026-05-30,1,4,고민하다 샀는데 잘 산 것 같아요. 물처럼 묽은 제형이라 아침에 쓰기 좋아요.,1
O1185,C239,P122,2026-02-17,1,5,두 통째 쓰는 중이에요. 민감성인데 자극 없이 잘 썼어요.,0
O1186,C239,P130,2026-04-08,1,2,광고를 너무 믿었나 봐요. 민감성이라 그런지 발랐더니 조금 따가웠어요.,0
O1187,C239,P164,2026-05-04,1,5,"친구가 좋다고 해서 샀는데 만족해요. 결이 정돈된 느낌이 든다는 게 느껴져요. 서서연이라고 하고요, 매장 직원분이 친절했어요.",1
O1188,C240,P187,2025-10-23,1,3,나쁘진 않은데 특별하진 않네요. 어성초 들어간 거 찾다가 샀는데 만족합니다.,0
O1189,C240,P002,2025-12-15,1,2,환불 고민 중입니다. 향이 저한테는 좀 강했어요.,0
O1190,C240,P064,2026-06-04,1,5,재구매입니다. 복합성인데 자극 없이 잘 썼어요. 광주 사는 송시우입니다. 배송 빨랐어요.,1
O1191,C241,P179,2025-11-05,1,1,다음엔 다른 거 살 것 같아요. 생각보다 끈적여서 아침엔 못 쓰겠어요. 궁금하신 분은 010-6930-9184으로 문자주세요.,0
O1192,C241,P133,2025-12-05,1,4,두 통째 쓰는 중이에요. 물처럼 묽은 제형이라 아침에 쓰기 좋아요.,0
O1193,C241,P160,2025-12-16,1,4,재구매입니다. 촉촉하게 감싸는 제형이라 아침에 쓰기 좋아요.,0
O1194,C241,P046,2026-01-02,3,4,고민하다 샀는데 잘 산 것 같아요. 젤 같은 제형이라 아침에 쓰기 좋아요.,0
O1195,C241,P144,2026-05-26,1,5,고민하다 샀는데 잘 산 것 같아요. 촉촉하게 감싸는 제형이라 아침에 쓰기 좋아요.,1
O1196,C242,P186,2025-08-12,1,5,재구매입니다. 건성인데 자극 없이 잘 썼어요.,0
O1197,C242,P045,2025-12-03,1,5,재구매입니다. 젤 같은 제형이라 아침에 쓰기 좋아요.,0
O1198,C242,P035,2026-05-24,1,4,고민하다 샀는데 잘 산 것 같아요. 향이 세지 않아서 좋아요.,0
O1199,C242,P033,2026-07-01,1,5,두 통째 쓰는 중이에요. 건성인데 자극 없이 잘 썼어요.,1
O1200,C243,P175,2025-08-17,1,4,샘플 써보고 본품 구매했어요. 속건조가 덜하다는 게 느껴져요.,0
O1201,C243,P105,2025-11-02,1,4,친구가 좋다고 해서 샀는데 만족해요. 향이 세지 않아서 좋아요.,0
O1202,C243,P004,2025-12-02,1,5,샘플 써보고 본품 구매했어요. 콜라겐 들어간 거 찾다가 샀는데 만족합니다. 샘플 문의는 seoyeon72@example.com 로 주세요.,0
O1203,C243,P113,2025-12-29,1,5,친구가 좋다고 해서 샀는데 만족해요. 젤 같은 제형이라 아침에 쓰기 좋아요.,0
O1204,C243,P008,2026-03-02,1,3,가격 생각하면 이 정도는 하는 것 같아요. 산뜻한 제형이라 아침에 쓰기 좋아요.,0
O1205,C243,P003,2026-04-28,1,5,고민하다 샀는데 잘 산 것 같아요. 꾸덕한 제형이라 아침에 쓰기 좋아요.,0
O1206,C243,P155,2026-06-18,1,4,고민하다 샀는데 잘 산 것 같아요. 세라마이드 들어간 거 찾다가 샀는데 만족합니다.,1
O1207,C244,P183,2025-10-01,1,4,고민하다 샀는데 잘 산 것 같아요. 향이 세지 않아서 좋아요.,0
O1208,C244,P061,2025-11-19,1,3,나쁘진 않은데 특별하진 않네요. 민감성인데 자극 없이 잘 썼어요. 대구 사는 최유진입니다. 배송 빨랐어요.,0
O1209,C244,P044,2026-06-11,2,2,다음엔 다른 거 살 것 같아요. 용량 대비 가격이 아쉬워요.,1
O1210,C245,P190,2025-07-28,1,5,두 통째 쓰는 중이에요. 어성초 들어간 거 찾다가 샀는데 만족합니다. 카톡 아이디 hayoon28 입니다.,0
O1211,C245,P174,2025-10-05,1,5,재구매입니다. 눈가가 덜 접힌다는 게 느껴져요. 서울 사는 서성현입니다. 배송 빨랐어요.,0
O1212,C245,P095,2026-01-01,1,5,재구매입니다. 얼굴이 한 톤 밝아 보인다는 게 느껴져요.,0
O1213,C245,P154,2026-01-29,1,5,샘플 써보고 본품 구매했어요. 젤 같은 제형이라 아침에 쓰기 좋아요. 카톡 아이디 bomin28 입니다.,0
O1214,C245,P181,2026-03-12,1,4,재구매입니다. 올라오던 게 덜하다는 게 느껴져요.,0
O1215,C245,P179,2026-03-22,1,3,가격 생각하면 이 정도는 하는 것 같아요. 약산성 아미노산 들어간 거 찾다가 샀는데 만족합니다.,0
O1216,C245,P119,2026-05-23,1,5,두 통째 쓰는 중이에요. 향이 세지 않아서 좋아요.,0
O1217,C245,P127,2026-06-27,1,5,두 통째 쓰는 중이에요. 민감성인데 자극 없이 잘 썼어요.,1
O1218,C246,P030,2025-08-20,1,5,샘플 써보고 본품 구매했어요. 병풀 들어간 거 찾다가 샀는데 만족합니다.,0
O1219,C246,P032,2025-12-13,1,4,샘플 써보고 본품 구매했어요. 젤 같은 제형이라 아침에 쓰기 좋아요.,0
O1220,C246,P161,2026-02-13,1,5,두 통째 쓰는 중이에요. 녹차 들어간 거 찾다가 샀는데 만족합니다.,0
O1221,C246,P050,2026-03-14,1,4,"샘플 써보고 본품 구매했어요. 쌀겨 들어간 거 찾다가 샀는데 만족합니다. 신채원이라고 하고요, 매장 직원분이 친절했어요.",0
O1222,C246,P188,2026-04-25,2,5,두 통째 쓰는 중이에요. 향이 세지 않아서 좋아요.,0
O1223,C246,P133,2026-06-27,1,1,저랑은 안 맞았어요. 생각보다 끈적여서 아침엔 못 쓰겠어요.,1
O1224,C247,P159,2025-07-13,1,4,고민하다 샀는데 잘 산 것 같아요. 비타민C 들어간 거 찾다가 샀는데 만족합니다.,0
O1225,C247,P073,2025-10-14,3,5,친구가 좋다고 해서 샀는데 만족해요. 지성인데 자극 없이 잘 썼어요.,0
O1226,C247,P083,2026-01-02,3,5,샘플 써보고 본품 구매했어요. 산뜻한 제형이라 아침에 쓰기 좋아요.,0
O1227,C247,P096,2026-02-19,1,5,고민하다 샀는데 잘 산 것 같아요. 젤 같은 제형이라 아침에 쓰기 좋아요. 정다은님이 추천해줘서 샀어요.,0
O1228,C247,P172,2026-03-05,1,5,고민하다 샀는데 잘 산 것 같아요. 붉은 기가 빨리 가라앉는다는 게 느껴져요.,0
O1229,C247,P189,2026-04-23,1,4,친구가 좋다고 해서 샀는데 만족해요. 비타민C 들어간 거 찾다가 샀는데 만족합니다.,0
O1230,C247,P095,2026-06-01,1,5,친구가 좋다고 해서 샀는데 만족해요. 세라마이드 들어간 거 찾다가 샀는데 만족합니다.,0
O1231,C247,P115,2026-06-20,1,5,샘플 써보고 본품 구매했어요. 지성인데 자극 없이 잘 썼어요.,1
O1232,C248,P158,2025-10-13,1,5,재구매입니다. 복합성인데 자극 없이 잘 썼어요. 재고 문의는 010 1866 3257 로 부탁드려요.,0
O1233,C248,P072,2025-10-27,1,4,두 통째 쓰는 중이에요. 속건조가 덜하다는 게 느껴져요. 조소율 언니가 쓰는 거 보고 따라 샀습니다.,0
O1234,C248,P084,2025-11-06,1,4,샘플 써보고 본품 구매했어요. 향이 세지 않아서 좋아요.,0
O1235,C248,P029,2026-01-08,1,3,가격 생각하면 이 정도는 하는 것 같아요. 겉돌던 게 없어졌다는 게 느껴져요.,0
O1236,C248,P159,2026-01-08,1,5,고민하다 샀는데 잘 산 것 같아요. 젤 같은 제형이라 아침에 쓰기 좋아요.,0
O1237,C248,P184,2026-02-27,1,2,저랑은 안 맞았어요. 용량 대비 가격이 아쉬워요. 공구 원하시면 01018663257 연락주세요.,0
O1238,C248,P002,2026-04-20,1,5,친구가 좋다고 해서 샀는데 만족해요. 나이아신아마이드 들어간 거 찾다가 샀는데 만족합니다.,1
O1239,C249,P109,2025-10-17,1,4,재구매입니다. 향이 세지 않아서 좋아요.,0
O1240,C249,P171,2025-11-27,1,5,친구가 좋다고 해서 샀는데 만족해요. 약산성 아미노산 들어간 거 찾다가 샀는데 만족합니다. 임채원 언니가 쓰는 거 보고 따라 샀습니다.,0
O1241,C249,P152,2026-03-06,1,5,샘플 써보고 본품 구매했어요. 향이 세지 않아서 좋아요. 김수빈 언니가 쓰는 거 보고 따라 샀습니다.,0
O1242,C249,P105,2026-05-30,1,5,친구가 좋다고 해서 샀는데 만족해요. 가볍게 스미는 제형이라 아침에 쓰기 좋아요. 재고 문의는 010 8254 2634 로 부탁드려요.,1
O1243,C250,P048,2025-08-11,1,4,고민하다 샀는데 잘 산 것 같아요. 민감성인데 자극 없이 잘 썼어요.,0
O1244,C250,P182,2025-09-28,1,4,두 통째 쓰는 중이에요. 물처럼 묽은 제형이라 아침에 쓰기 좋아요.,0
O1245,C250,P040,2025-11-05,1,4,고민하다 샀는데 잘 산 것 같아요. 겉돌던 게 없어졌다는 게 느껴져요.,0
O1246,C250,P099,2025-11-07,1,5,친구가 좋다고 해서 샀는데 만족해요. 민감성인데 자극 없이 잘 썼어요.,0
O1247,C250,P170,2026-03-06,1,5,재구매입니다. 향이 세지 않아서 좋아요. 재고 문의는 010 7956 4724 로 부탁드려요.,0
O1248,C250,P161,2026-03-26,1,5,고민하다 샀는데 잘 산 것 같아요. 물처럼 묽은 제형이라 아침에 쓰기 좋아요.,0
O1249,C250,P067,2026-06-18,1,5,고민하다 샀는데 잘 산 것 같아요. 속건조가 덜하다는 게 느껴져요.,0
O1250,C250,P051,2026-06-27,1,4,샘플 써보고 본품 구매했어요. 향이 세지 않아서 좋아요. 재고 문의는 010 7956 4724 로 부탁드려요.,0
O1251,C250,P033,2026-07-30,1,4,친구가 좋다고 해서 샀는데 만족해요. 붉은 기가 빨리 가라앉는다는 게 느껴져요.,1
O1252,C251,P197,2025-10-03,1,2,저랑은 안 맞았어요. 지성이라 그런지 발랐더니 조금 따가웠어요. 궁금하신 분은 010-8662-2406으로 문자주세요.,0
O1253,C251,P044,2025-10-19,1,2,저랑은 안 맞았어요. 향이 저한테는 좀 강했어요. 궁금하신 분은 010-8662-2406으로 문자주세요.,0
O1254,C251,P097,2025-11-03,1,5,고민하다 샀는데 잘 산 것 같아요. 산뜻한 제형이라 아침에 쓰기 좋아요.,0
O1255,C251,P158,2026-02-10,1,5,친구가 좋다고 해서 샀는데 만족해요. 지성인데 자극 없이 잘 썼어요.,0
O1256,C251,P160,2026-06-01,1,4,고민하다 샀는데 잘 산 것 같아요. 지성인데 자극 없이 잘 썼어요.,0
O1257,C251,P185,2026-06-04,2,1,광고를 너무 믿었나 봐요. 향이 저한테는 좀 강했어요.,0
O1258,C251,P038,2026-07-02,1,4,재구매입니다. 눈가가 덜 접힌다는 게 느껴져요.,0
O1259,C251,P099,2026-07-10,1,3,무난해요. 향이 세지 않아서 좋아요.,1
O1260,C252,P058,2025-07-31,1,4,친구가 좋다고 해서 샀는데 만족해요. 향이 세지 않아서 좋아요.,0
O1261,C252,P059,2025-08-02,1,5,재구매입니다. 향이 세지 않아서 좋아요. 재고 문의는 010 2300 4992 로 부탁드려요.,0
O1262,C252,P029,2026-01-26,1,5,친구가 좋다고 해서 샀는데 만족해요. 콜라겐 들어간 거 찾다가 샀는데 만족합니다. 샘플 문의는 jaemin64@example.com 로 주세요.,0
O1263,C252,P040,2026-01-27,1,4,"고민하다 샀는데 잘 산 것 같아요. 촉촉하게 감싸는 제형이라 아침에 쓰기 좋아요. 박재민이라고 하고요, 매장 직원분이 친절했어요.",0
O1264,C252,P156,2026-04-11,1,2,광고를 너무 믿었나 봐요. 생각보다 끈적여서 아침엔 못 쓰겠어요. 저는 박재민인데 벌써 세 번째 재구매예요.,0
O1265,C252,P139,2026-07-04,1,5,고민하다 샀는데 잘 산 것 같아요. 향이 세지 않아서 좋아요.,1
O1266,C253,P091,2025-10-31,1,1,환불 고민 중입니다. 올라오던 게 덜하다는 잘 모르겠어요.,0
O1267,C253,P178,2025-11-06,2,3,가격 생각하면 이 정도는 하는 것 같아요. 복합성인데 자극 없이 잘 썼어요.,0
O1268,C253,P121,2025-11-23,1,5,재구매입니다. 물처럼 묽은 제형이라 아침에 쓰기 좋아요. 서울 사는 정수빈입니다. 배송 빨랐어요.,0
O1269,C253,P016,2025-11-27,2,4,고민하다 샀는데 잘 산 것 같아요. 향이 세지 않아서 좋아요.,0
O1270,C253,P153,2025-11-29,1,4,재구매입니다. 가볍게 스미는 제형이라 아침에 쓰기 좋아요. 서울 상무지구 사는데 근처 매장에도 있더라고요.,0
O1271,C253,P002,2025-12-08,1,1,다음엔 다른 거 살 것 같아요. 용량 대비 가격이 아쉬워요.,0
O1272,C253,P165,2026-03-02,1,5,재구매입니다. 쌀겨 들어간 거 찾다가 샀는데 만족합니다.,0
O1273,C253,P125,2026-05-12,1,5,샘플 써보고 본품 구매했어요. 병풀 들어간 거 찾다가 샀는데 만족합니다. 카톡 아이디 seoyeon66 입니다.,1
O1274,C254,P011,2025-08-15,1,4,친구가 좋다고 해서 샀는데 만족해요. 세라마이드 들어간 거 찾다가 샀는데 만족합니다.,0
O1275,C254,P196,2025-10-22,1,4,두 통째 쓰는 중이에요. 촉촉하게 감싸는 제형이라 아침에 쓰기 좋아요.,0
O1276,C254,P073,2025-12-11,2,5,샘플 써보고 본품 구매했어요. 향이 세지 않아서 좋아요.,0
O1277,C254,P121,2026-01-31,1,2,환불 고민 중입니다. 생각보다 끈적여서 아침엔 못 쓰겠어요. 수원 사는 한소율입니다. 배송 빨랐어요.,0
O1278,C254,P136,2026-03-31,1,5,재구매입니다. 속건조가 덜하다는 게 느껴져요. 수원 복대동 사는데 근처 매장에도 있더라고요.,1
O1279,C255,P196,2025-08-10,2,5,샘플 써보고 본품 구매했어요. 속건조가 덜하다는 게 느껴져요. 샘플 문의는 soyul96@example.com 로 주세요.,0
O1280,C255,P096,2026-02-17,1,4,고민하다 샀는데 잘 산 것 같아요. 촉촉하게 감싸는 제형이라 아침에 쓰기 좋아요.,0
O1281,C255,P037,2026-03-24,1,4,두 통째 쓰는 중이에요. 건성인데 자극 없이 잘 썼어요. 샘플 문의는 soyul96@example.com 로 주세요.,0
O1282,C255,P136,2026-04-01,1,3,기대가 컸나 봐요. 쌀겨 들어간 거 찾다가 샀는데 만족합니다.,0
O1283,C255,P118,2026-05-18,1,5,샘플 써보고 본품 구매했어요. 히알루론산 들어간 거 찾다가 샀는데 만족합니다.,0
O1284,C255,P092,2026-06-17,1,5,두 통째 쓰는 중이에요. 향이 세지 않아서 좋아요. 장상우 언니가 쓰는 거 보고 따라 샀습니다.,0
O1285,C255,P061,2026-07-03,1,4,샘플 써보고 본품 구매했어요. 건성인데 자극 없이 잘 썼어요.,1
O1286,C256,P129,2025-07-19,1,5,고민하다 샀는데 잘 산 것 같아요. 향이 세지 않아서 좋아요.,0
O1287,C256,P072,2025-08-01,1,2,환불 고민 중입니다. 생각보다 끈적여서 아침엔 못 쓰겠어요.,0
O1288,C256,P034,2025-10-11,1,4,친구가 좋다고 해서 샀는데 만족해요. 레티놀 들어간 거 찾다가 샀는데 만족합니다.,0
O1289,C256,P087,2025-11-18,1,5,"두 통째 쓰는 중이에요. 향이 세지 않아서 좋아요. 박예린이라고 하고요, 매장 직원분이 친절했어요.",0
O1290,C256,P121,2026-02-19,1,3,무난해요. 향이 세지 않아서 좋아요.,0
O1291,C256,P002,2026-04-02,1,4,고민하다 샀는데 잘 산 것 같아요. 지성인데 자극 없이 잘 썼어요.,0
O1292,C256,P111,2026-05-12,1,5,샘플 써보고 본품 구매했어요. 나이아신아마이드 들어간 거 찾다가 샀는데 만족합니다.,0
O1293,C256,P075,2026-07-12,1,4,친구가 좋다고 해서 샀는데 만족해요. 프로폴리스 들어간 거 찾다가 샀는데 만족합니다.,1
O1294,C257,P158,2025-07-09,1,5,두 통째 쓰는 중이에요. 얼굴이 한 톤 밝아 보인다는 게 느껴져요. 샘플 문의는 junseo58@example.com 로 주세요.,0
O1295,C257,P084,2025-09-15,1,4,재구매입니다. 속건조가 덜하다는 게 느껴져요.,0
O1296,C257,P052,2026-02-16,1,5,친구가 좋다고 해서 샀는데 만족해요. 복합성인데 자극 없이 잘 썼어요.,0
O1297,C257,P002,2026-03-28,1,4,재구매입니다. 복합성인데 자극 없이 잘 썼어요.,0
O1298,C257,P072,2026-04-09,1,5,두 통째 쓰는 중이에요. 복합성인데 자극 없이 잘 썼어요.,0
O1299,C257,P085,2026-07-19,1,3,무난해요. 향이 세지 않아서 좋아요.,1
O1300,C258,P104,2025-07-13,1,2,다음엔 다른 거 살 것 같아요. 향이 저한테는 좀 강했어요.,0
O1301,C258,P186,2025-08-29,1,5,재구매입니다. 중성인데 자극 없이 잘 썼어요.,0
O1302,C258,P045,2025-10-16,1,4,샘플 써보고 본품 구매했어요. 중성인데 자극 없이 잘 썼어요.,0
O1303,C258,P180,2026-02-17,1,2,환불 고민 중입니다. 생각보다 끈적여서 아침엔 못 쓰겠어요. 재고 문의는 010 7968 3470 로 부탁드려요.,0
O1304,C258,P189,2026-05-15,1,2,저랑은 안 맞았어요. 향이 저한테는 좀 강했어요.,1
O1305,C259,P053,2025-12-29,1,4,샘플 써보고 본품 구매했어요. 향이 세지 않아서 좋아요. 카톡 아이디 hyunwoo80 입니다.,0
O1306,C259,P165,2026-06-25,1,5,샘플 써보고 본품 구매했어요. 향이 세지 않아서 좋아요. 송도현님이 추천해줘서 샀어요.,1
O1307,C260,P092,2026-02-01,1,5,고민하다 샀는데 잘 산 것 같아요. 쌀겨 들어간 거 찾다가 샀는데 만족합니다.,0
O1308,C260,P038,2026-03-12,1,3,가격 생각하면 이 정도는 하는 것 같아요. 향이 세지 않아서 좋아요. 샘플 문의는 jihoon44@example.com 로 주세요.,0
O1309,C260,P076,2026-03-16,1,1,환불 고민 중입니다. 향이 저한테는 좀 강했어요.,0
O1310,C260,P041,2026-04-12,1,5,두 통째 쓰는 중이에요. 향이 세지 않아서 좋아요.,0
O1311,C260,P075,2026-06-11,2,5,샘플 써보고 본품 구매했어요. 프로폴리스 들어간 거 찾다가 샀는데 만족합니다. 수원 구월동 사는데 근처 매장에도 있더라고요.,1
O1312,C261,P125,2025-08-11,1,3,기대가 컸나 봐요. 향이 세지 않아서 좋아요. 저는 윤채원인데 벌써 세 번째 재구매예요.,0
O1313,C261,P183,2025-08-30,1,5,샘플 써보고 본품 구매했어요. 건성인데 자극 없이 잘 썼어요. 황민준님이 추천해줘서 샀어요.,0
O1314,C261,P138,2025-10-15,1,3,무난해요. 건성인데 자극 없이 잘 썼어요. 이예지 언니가 쓰는 거 보고 따라 샀습니다.,0
O1315,C261,P011,2026-02-02,1,4,샘플 써보고 본품 구매했어요. 세라마이드 들어간 거 찾다가 샀는데 만족합니다.,0
O1316,C261,P068,2026-02-04,1,1,다음엔 다른 거 살 것 같아요. 건성이라 그런지 발랐더니 조금 따가웠어요.,0
O1317,C261,P032,2026-07-23,1,5,두 통째 쓰는 중이에요. 향이 세지 않아서 좋아요.,1
O1318,C262,P068,2026-05-04,1,4,재구매입니다. 세라마이드 들어간 거 찾다가 샀는데 만족합니다. 저는 서가은인데 벌써 세 번째 재구매예요.,0
O1319,C262,P021,2026-06-11,1,5,두 통째 쓰는 중이에요. 향이 세지 않아서 좋아요.,1
O1320,C263,P160,2025-07-19,1,1,저랑은 안 맞았어요. 용량 대비 가격이 아쉬워요.,0
O1321,C263,P170,2025-08-20,1,5,샘플 써보고 본품 구매했어요. 복합성인데 자극 없이 잘 썼어요.,1
O1322,C264,P044,2025-09-01,1,3,나쁘진 않은데 특별하진 않네요. 지성인데 자극 없이 잘 썼어요.,0
O1323,C264,P107,2025-10-11,1,5,두 통째 쓰는 중이에요. 결이 정돈된 느낌이 든다는 게 느껴져요. 송정우 언니가 쓰는 거 보고 따라 샀습니다.,1
O1324,C265,P060,2026-05-17,1,4,두 통째 쓰는 중이에요. 꾸덕한 제형이라 아침에 쓰기 좋아요.,0
O1325,C265,P114,2026-07-25,1,4,재구매입니다. 향이 세지 않아서 좋아요.,1
O1326,C266,P051,2025-08-02,1,4,친구가 좋다고 해서 샀는데 만족해요. 녹차 들어간 거 찾다가 샀는데 만족합니다.,0
O1327,C266,P146,2025-08-02,1,2,다음엔 다른 거 살 것 같아요. 생각보다 끈적여서 아침엔 못 쓰겠어요.,0
O1328,C266,P133,2025-09-15,1,3,나쁘진 않은데 특별하진 않네요. 향이 세지 않아서 좋아요.,0
O1329,C266,P179,2025-10-21,1,3,무난해요. 약산성 아미노산 들어간 거 찾다가 샀는데 만족합니다.,0
O1330,C266,P177,2025-12-06,1,3,기대가 컸나 봐요. 겉돌던 게 없어졌다는 게 느껴져요. 수원 둔산동 사는데 근처 매장에도 있더라고요.,0
O1331,C266,P171,2026-05-07,1,4,재구매입니다. 복합성인데 자극 없이 잘 썼어요. 카톡 아이디 taeyoon85 입니다.,1
O1332,C267,P136,2025-08-28,1,5,두 통째 쓰는 중이에요. 산뜻한 제형이라 아침에 쓰기 좋아요.,0
O1333,C267,P044,2026-01-12,3,5,친구가 좋다고 해서 샀는데 만족해요. 탱탱한 느낌이 오래간다는 게 느껴져요.,0
O1334,C267,P015,2026-02-20,1,5,친구가 좋다고 해서 샀는데 만족해요. 물처럼 묽은 제형이라 아침에 쓰기 좋아요.,0
O1335,C267,P160,2026-03-26,1,4,고민하다 샀는데 잘 산 것 같아요. 건성인데 자극 없이 잘 썼어요. 재고 문의는 010 8789 2213 로 부탁드려요.,0
O1336,C267,P089,2026-05-04,1,3,무난해요. 비타민C 들어간 거 찾다가 샀는데 만족합니다.,0
O1337,C267,P174,2026-06-19,1,5,고민하다 샀는데 잘 산 것 같아요. 촉촉하게 감싸는 제형이라 아침에 쓰기 좋아요. 궁금하신 분은 010-8789-2213으로 문자주세요.,0
O1338,C267,P046,2026-08-03,1,3,가격 생각하면 이 정도는 하는 것 같아요. 탱탱한 느낌이 오래간다는 게 느껴져요. 저는 김미연인데 벌써 세 번째 재구매예요.,1
O1339,C268,P038,2025-07-31,1,4,친구가 좋다고 해서 샀는데 만족해요. 물처럼 묽은 제형이라 아침에 쓰기 좋아요. 카톡 아이디 seoyeon54 입니다.,0
O1340,C268,P158,2025-10-25,1,1,저랑은 안 맞았어요. 향이 저한테는 좀 강했어요. 고양 수지구 사는데 근처 매장에도 있더라고요.,0
O1341,C268,P162,2026-03-26,1,4,재구매입니다. 젤 같은 제형이라 아침에 쓰기 좋아요. 윤가은님이 추천해줘서 샀어요.,0
O1342,C268,P169,2026-04-19,1,5,친구가 좋다고 해서 샀는데 만족해요. 복합성인데 자극 없이 잘 썼어요.,1
O1343,C269,P053,2025-07-07,2,3,나쁘진 않은데 특별하진 않네요. 붉은 기가 빨리 가라앉는다는 게 느껴져요.,0
O1344,C269,P165,2025-07-19,1,4,샘플 써보고 본품 구매했어요. 쌀겨 들어간 거 찾다가 샀는데 만족합니다.,0
O1345,C269,P157,2025-08-15,1,5,고민하다 샀는데 잘 산 것 같아요. 민감성인데 자극 없이 잘 썼어요.,0
O1346,C269,P097,2026-01-08,1,1,저랑은 안 맞았어요. 민감성이라 그런지 발랐더니 조금 따가웠어요.,0
O1347,C269,P001,2026-07-14,2,5,재구매입니다. 산뜻한 제형이라 아침에 쓰기 좋아요.,1
O1348,C270,P168,2025-07-23,1,4,친구가 좋다고 해서 샀는데 만족해요. 물처럼 묽은 제형이라 아침에 쓰기 좋아요. 김도현님이 추천해줘서 샀어요.,0
O1349,C270,P078,2025-09-06,1,3,나쁘진 않은데 특별하진 않네요. 향이 세지 않아서 좋아요.,0
O1350,C270,P091,2026-02-22,1,2,다음엔 다른 거 살 것 같아요. 생각보다 끈적여서 아침엔 못 쓰겠어요.,0
O1351,C270,P119,2026-05-28,1,5,샘플 써보고 본품 구매했어요. 복합성인데 자극 없이 잘 썼어요.,1
O1352,C271,P191,2025-08-14,1,1,광고를 너무 믿었나 봐요. 용량 대비 가격이 아쉬워요.,0
O1353,C271,P104,2025-11-08,1,4,고민하다 샀는데 잘 산 것 같아요. 향이 세지 않아서 좋아요.,0
O1354,C271,P071,2026-01-07,1,3,무난해요. 약산성 아미노산 들어간 거 찾다가 샀는데 만족합니다.,0
O1355,C271,P153,2026-02-11,1,1,광고를 너무 믿었나 봐요. 향이 저한테는 좀 강했어요.,0
O1356,C271,P043,2026-03-01,1,5,두 통째 쓰는 중이에요. 탱탱한 느낌이 오래간다는 게 느껴져요.,0
O1357,C271,P167,2026-03-28,1,2,저랑은 안 맞았어요. 올라오던 게 덜하다는 잘 모르겠어요.,0
O1358,C271,P008,2026-08-06,1,3,나쁘진 않은데 특별하진 않네요. 결이 정돈된 느낌이 든다는 게 느껴져요.,1
O1359,C272,P099,2025-10-04,1,4,고민하다 샀는데 잘 산 것 같아요. 향이 세지 않아서 좋아요. 공구 원하시면 01030946172 연락주세요.,0
O1360,C272,P166,2026-03-21,1,5,재구매입니다. 산뜻한 제형이라 아침에 쓰기 좋아요. 궁금하신 분은 010-3094-6172으로 문자주세요.,0
O1361,C272,P041,2026-04-25,1,5,고민하다 샀는데 잘 산 것 같아요. 녹차 들어간 거 찾다가 샀는데 만족합니다.,1
O1362,C273,P145,2025-08-29,1,5,샘플 써보고 본품 구매했어요. 비타민C 들어간 거 찾다가 샀는데 만족합니다.,0
O1363,C273,P192,2025-10-15,1,4,샘플 써보고 본품 구매했어요. 복합성인데 자극 없이 잘 썼어요.,0
O1364,C273,P010,2025-11-28,1,2,광고를 너무 믿었나 봐요. 용량 대비 가격이 아쉬워요.,0
O1365,C273,P099,2026-05-01,1,4,재구매입니다. 프로폴리스 들어간 거 찾다가 샀는데 만족합니다. 저는 조다은인데 벌써 세 번째 재구매예요.,0
O1366,C273,P013,2026-05-26,1,3,기대가 컸나 봐요. 비타민C 들어간 거 찾다가 샀는데 만족합니다.,0
O1367,C273,P165,2026-07-01,1,3,무난해요. 쌀겨 들어간 거 찾다가 샀는데 만족합니다. 공구 원하시면 01059329408 연락주세요.,1
O1368,C274,P025,2025-07-07,1,5,두 통째 쓰는 중이에요. 나이아신아마이드 들어간 거 찾다가 샀는데 만족합니다.,0
O1369,C274,P127,2025-07-27,1,5,친구가 좋다고 해서 샀는데 만족해요. 어성초 들어간 거 찾다가 샀는데 만족합니다. 재고 문의는 010 3191 6405 로 부탁드려요.,0
O1370,C274,P144,2025-09-30,1,5,재구매입니다. 물처럼 묽은 제형이라 아침에 쓰기 좋아요.,0
O1371,C274,P036,2025-10-04,1,5,고민하다 샀는데 잘 산 것 같아요. 가볍게 스미는 제형이라 아침에 쓰기 좋아요. 샘플 문의는 eunsu3@example.com 로 주세요.,0
O1372,C274,P117,2026-02-06,1,5,두 통째 쓰는 중이에요. 향이 세지 않아서 좋아요. 임지은님이 추천해줘서 샀어요.,0
O1373,C274,P188,2026-03-17,1,3,무난해요. 히알루론산 들어간 거 찾다가 샀는데 만족합니다. 윤미연님이 추천해줘서 샀어요.,0
O1374,C274,P068,2026-03-23,1,1,광고를 너무 믿었나 봐요. 향이 저한테는 좀 강했어요.,0
O1375,C274,P044,2026-04-12,1,3,무난해요. 탱탱한 느낌이 오래간다는 게 느껴져요. 공구 원하시면 01031916405 연락주세요.,1
O1376,C275,P135,2026-02-12,1,4,고민하다 샀는데 잘 산 것 같아요. 향이 세지 않아서 좋아요.,0
O1377,C275,P143,2026-02-20,1,3,가격 생각하면 이 정도는 하는 것 같아요. 물처럼 묽은 제형이라 아침에 쓰기 좋아요.,0
O1378,C275,P192,2026-03-28,2,4,친구가 좋다고 해서 샀는데 만족해요. 속건조가 덜하다는 게 느껴져요.,0
O1379,C275,P145,2026-05-30,1,5,고민하다 샀는데 잘 산 것 같아요. 향이 세지 않아서 좋아요. 공구 원하시면 01025902527 연락주세요.,0
O1380,C275,P039,2026-06-03,2,4,친구가 좋다고 해서 샀는데 만족해요. 촉촉하게 감싸는 제형이라 아침에 쓰기 좋아요.,1
O1381,C276,P183,2025-10-22,1,5,두 통째 쓰는 중이에요. 건성인데 자극 없이 잘 썼어요.,0
O1382,C276,P008,2025-11-14,2,5,두 통째 쓰는 중이에요. 향이 세지 않아서 좋아요. 공구 원하시면 01047626260 연락주세요.,0
O1383,C276,P115,2026-06-15,1,2,다음엔 다른 거 살 것 같아요. 생각보다 끈적여서 아침엔 못 쓰겠어요. 안지은님이 추천해줘서 샀어요.,0
O1384,C276,P082,2026-07-22,2,5,두 통째 쓰는 중이에요. 물처럼 묽은 제형이라 아침에 쓰기 좋아요.,1
O1385,C277,P194,2025-08-07,1,3,가격 생각하면 이 정도는 하는 것 같아요. 녹차 들어간 거 찾다가 샀는데 만족합니다.,0
O1386,C277,P176,2025-11-13,1,3,나쁘진 않은데 특별하진 않네요. 산뜻한 제형이라 아침에 쓰기 좋아요. 공구 원하시면 01012292609 연락주세요.,0
O1387,C277,P115,2025-11-19,1,5,고민하다 샀는데 잘 산 것 같아요. 올라오던 게 덜하다는 게 느껴져요.,0
O1388,C277,P057,2025-12-23,1,5,두 통째 쓰는 중이에요. 중성인데 자극 없이 잘 썼어요. 샘플 문의는 donghyun74@example.com 로 주세요.,0
O1389,C277,P107,2026-04-03,1,1,광고를 너무 믿었나 봐요. 용량 대비 가격이 아쉬워요. 윤준서 언니가 쓰는 거 보고 따라 샀습니다.,0
O1390,C277,P139,2026-04-14,3,3,가격 생각하면 이 정도는 하는 것 같아요. 물처럼 묽은 제형이라 아침에 쓰기 좋아요.,0
O1391,C277,P140,2026-07-13,1,5,두 통째 쓰는 중이에요. 중성인데 자극 없이 잘 썼어요.,0
O1392,C277,P126,2026-07-15,1,4,고민하다 샀는데 잘 산 것 같아요. 젤 같은 제형이라 아침에 쓰기 좋아요.,1
O1393,C278,P058,2026-02-17,1,5,두 통째 쓰는 중이에요. 눈가가 덜 접힌다는 게 느껴져요. 카톡 아이디 daeun18 입니다.,0
O1394,C278,P147,2026-03-10,1,5,재구매입니다. 올라오던 게 덜하다는 게 느껴져요.,0
O1395,C278,P090,2026-05-26,1,3,무난해요. 콜라겐 들어간 거 찾다가 샀는데 만족합니다.,0
O1396,C278,P055,2026-06-23,1,2,광고를 너무 믿었나 봐요. 얼굴이 한 톤 밝아 보인다는 잘 모르겠어요.,0
O1397,C278,P013,2026-07-14,1,5,샘플 써보고 본품 구매했어요. 비타민C 들어간 거 찾다가 샀는데 만족합니다.,1
O1398,C279,P006,2025-09-02,1,5,재구매입니다. 판테놀 들어간 거 찾다가 샀는데 만족합니다.,0
O1399,C279,P173,2025-10-03,1,3,나쁘진 않은데 특별하진 않네요. 건성인데 자극 없이 잘 썼어요.,0
O1400,C279,P187,2026-02-04,1,3,가격 생각하면 이 정도는 하는 것 같아요. 향이 세지 않아서 좋아요.,0
O1401,C279,P186,2026-03-09,1,4,고민하다 샀는데 잘 산 것 같아요. 나이아신아마이드 들어간 거 찾다가 샀는데 만족합니다.,0
O1402,C279,P081,2026-04-12,1,5,친구가 좋다고 해서 샀는데 만족해요. 탱탱한 느낌이 오래간다는 게 느껴져요.,0
O1403,C279,P031,2026-06-24,1,4,재구매입니다. 건성인데 자극 없이 잘 썼어요. 카톡 아이디 soyul43 입니다.,1
O1404,C280,P043,2025-09-19,3,5,친구가 좋다고 해서 샀는데 만족해요. 탱탱한 느낌이 오래간다는 게 느껴져요.,0
O1405,C280,P116,2026-01-26,1,5,샘플 써보고 본품 구매했어요. 올라오던 게 덜하다는 게 느껴져요.,0
O1406,C280,P164,2026-01-27,1,5,"두 통째 쓰는 중이에요. 프로폴리스 들어간 거 찾다가 샀는데 만족합니다. 박채원이라고 하고요, 매장 직원분이 친절했어요.",0
O1407,C280,P024,2026-01-30,1,5,친구가 좋다고 해서 샀는데 만족해요. 레티놀 들어간 거 찾다가 샀는데 만족합니다.,0
O1408,C280,P062,2026-02-14,1,5,고민하다 샀는데 잘 산 것 같아요. 젤 같은 제형이라 아침에 쓰기 좋아요.,0
O1409,C280,P008,2026-02-26,1,3,무난해요. 결이 정돈된 느낌이 든다는 게 느껴져요. 고양 사는 박채원입니다. 배송 빨랐어요.,0
O1410,C280,P032,2026-04-26,1,4,친구가 좋다고 해서 샀는데 만족해요. 세라마이드 들어간 거 찾다가 샀는데 만족합니다.,0
O1411,C280,P128,2026-06-11,1,5,샘플 써보고 본품 구매했어요. 속건조가 덜하다는 게 느껴져요.,1
O1412,C281,P001,2025-09-28,2,3,나쁘진 않은데 특별하진 않네요. 중성인데 자극 없이 잘 썼어요.,0
O1413,C281,P047,2025-10-15,1,4,친구가 좋다고 해서 샀는데 만족해요. 젤 같은 제형이라 아침에 쓰기 좋아요.,0
O1414,C281,P163,2025-10-22,1,5,재구매입니다. 물처럼 묽은 제형이라 아침에 쓰기 좋아요.,0
O1415,C281,P112,2026-02-09,1,4,샘플 써보고 본품 구매했어요. 결이 정돈된 느낌이 든다는 게 느껴져요. 카톡 아이디 hyewon40 입니다.,0
O1416,C281,P103,2026-04-30,1,4,두 통째 쓰는 중이에요. 가볍게 스미는 제형이라 아침에 쓰기 좋아요.,1
O1417,C282,P125,2025-07-16,1,5,두 통째 쓰는 중이에요. 향이 세지 않아서 좋아요.,0
O1418,C282,P099,2025-07-22,1,5,두 통째 쓰는 중이에요. 결이 정돈된 느낌이 든다는 게 느껴져요.,0
O1419,C282,P103,2025-09-17,1,2,저랑은 안 맞았어요. 생각보다 끈적여서 아침엔 못 쓰겠어요. 샘플 문의는 naeun33@example.com 로 주세요.,0
O1420,C282,P163,2026-02-17,1,4,재구매입니다. 비타민C 들어간 거 찾다가 샀는데 만족합니다.,1
O1421,C283,P103,2025-08-15,1,4,두 통째 쓰는 중이에요. 중성인데 자극 없이 잘 썼어요. 카톡 아이디 siwoo90 입니다.,0
O1422,C283,P178,2025-09-15,1,1,저랑은 안 맞았어요. 용량 대비 가격이 아쉬워요.,0
O1423,C283,P099,2025-11-29,1,5,두 통째 쓰는 중이에요. 결이 정돈된 느낌이 든다는 게 느껴져요.,1
O1424,C284,P166,2025-10-26,1,4,재구매입니다. 향이 세지 않아서 좋아요. 샘플 문의는 seoyeon21@example.com 로 주세요.,0
O1425,C284,P040,2025-11-07,1,3,무난해요. 향이 세지 않아서 좋아요.,0
O1426,C284,P126,2026-07-01,1,4,샘플 써보고 본품 구매했어요. 향이 세지 않아서 좋아요.,1
O1427,C285,P053,2025-08-24,1,5,고민하다 샀는데 잘 산 것 같아요. 향이 세지 않아서 좋아요. 광주 영통동 사는데 근처 매장에도 있더라고요.,0
O1428,C285,P067,2026-01-31,1,3,무난해요. 속건조가 덜하다는 게 느껴져요.,1
O1429,C286,P143,2025-10-16,1,4,샘플 써보고 본품 구매했어요. 프로폴리스 들어간 거 찾다가 샀는데 만족합니다.,0
O1430,C286,P018,2025-12-29,1,2,광고를 너무 믿었나 봐요. 용량 대비 가격이 아쉬워요.,0
O1431,C286,P040,2026-07-30,3,3,나쁘진 않은데 특별하진 않네요. 지성인데 자극 없이 잘 썼어요.,1
O1432,C287,P033,2025-11-17,1,3,가격 생각하면 이 정도는 하는 것 같아요. 중성인데 자극 없이 잘 썼어요.,0
O1433,C287,P047,2026-02-05,1,4,재구매입니다. 향이 세지 않아서 좋아요. 대전 사는 서서연입니다. 배송 빨랐어요.,0
O1434,C287,P068,2026-04-03,1,2,다음엔 다른 거 살 것 같아요. 향이 저한테는 좀 강했어요.,1
O1435,C288,P165,2025-10-09,1,5,친구가 좋다고 해서 샀는데 만족해요. 지성인데 자극 없이 잘 썼어요. 한가은 언니가 쓰는 거 보고 따라 샀습니다.,0
O1436,C288,P175,2025-12-28,1,5,재구매입니다. 쌀겨 들어간 거 찾다가 샀는데 만족합니다. 공구 원하시면 01091373444 연락주세요.,0
O1437,C288,P116,2026-02-20,1,5,친구가 좋다고 해서 샀는데 만족해요. 올라오던 게 덜하다는 게 느껴져요.,0
O1438,C288,P017,2026-05-07,1,2,환불 고민 중입니다. 지성이라 그런지 발랐더니 조금 따가웠어요. 샘플 문의는 yerin39@example.com 로 주세요.,0
O1439,C288,P018,2026-06-28,1,4,고민하다 샀는데 잘 산 것 같아요. 탱탱한 느낌이 오래간다는 게 느껴져요. 공구 원하시면 01091373444 연락주세요.,1
O1440,C289,P168,2025-09-04,1,4,재구매입니다. 지성인데 자극 없이 잘 썼어요. 저는 임나은인데 벌써 세 번째 재구매예요.,0
O1441,C289,P178,2025-10-06,1,4,친구가 좋다고 해서 샀는데 만족해요. 병풀 들어간 거 찾다가 샀는데 만족합니다.,0
O1442,C289,P172,2025-10-08,1,4,고민하다 샀는데 잘 산 것 같아요. 붉은 기가 빨리 가라앉는다는 게 느껴져요. 공구 원하시면 01037742128 연락주세요.,0
O1443,C289,P023,2025-10-25,1,5,친구가 좋다고 해서 샀는데 만족해요. 눈가가 덜 접힌다는 게 느껴져요.,0
O1444,C289,P021,2026-04-27,1,4,샘플 써보고 본품 구매했어요. 세라마이드 들어간 거 찾다가 샀는데 만족합니다.,0
O1445,C289,P143,2026-07-26,1,2,환불 고민 중입니다. 지성이라 그런지 발랐더니 조금 따가웠어요.,1
O1446,C290,P009,2025-08-26,1,2,환불 고민 중입니다. 속건조가 덜하다는 잘 모르겠어요.,0
O1447,C290,P038,2025-10-26,1,5,친구가 좋다고 해서 샀는데 만족해요. 젤 같은 제형이라 아침에 쓰기 좋아요.,0
O1448,C290,P158,2025-11-21,1,5,샘플 써보고 본품 구매했어요. 촉촉하게 감싸는 제형이라 아침에 쓰기 좋아요. 정시우 언니가 쓰는 거 보고 따라 샀습니다.,1
O1449,C291,P094,2025-09-23,1,3,가격 생각하면 이 정도는 하는 것 같아요. 지성인데 자극 없이 잘 썼어요.,0
O1450,C291,P072,2026-03-23,1,3,기대가 컸나 봐요. 지성인데 자극 없이 잘 썼어요.,0
O1451,C291,P109,2026-04-04,1,4,친구가 좋다고 해서 샀는데 만족해요. 향이 세지 않아서 좋아요. 용인 사는 황다은입니다. 배송 빨랐어요.,0
O1452,C291,P171,2026-05-16,2,5,샘플 써보고 본품 구매했어요. 향이 세지 않아서 좋아요. 궁금하신 분은 010-2809-6158으로 문자주세요.,1
O1453,C292,P007,2025-08-02,1,4,두 통째 쓰는 중이에요. 결이 정돈된 느낌이 든다는 게 느껴져요. 저는 권하윤인데 벌써 세 번째 재구매예요.,0
O1454,C292,P068,2025-09-22,1,4,고민하다 샀는데 잘 산 것 같아요. 향이 세지 않아서 좋아요.,0
O1455,C292,P124,2025-12-03,1,3,가격 생각하면 이 정도는 하는 것 같아요. 꾸덕한 제형이라 아침에 쓰기 좋아요.,0
O1456,C292,P055,2026-01-28,1,5,두 통째 쓰는 중이에요. 얼굴이 한 톤 밝아 보인다는 게 느껴져요.,0
O1457,C292,P043,2026-03-26,1,5,샘플 써보고 본품 구매했어요. 탱탱한 느낌이 오래간다는 게 느껴져요.,1
O1458,C293,P024,2025-07-27,1,5,재구매입니다. 촉촉하게 감싸는 제형이라 아침에 쓰기 좋아요.,0
O1459,C293,P179,2026-06-07,1,5,샘플 써보고 본품 구매했어요. 결이 정돈된 느낌이 든다는 게 느껴져요.,0
O1460,C293,P170,2026-06-15,1,4,재구매입니다. 향이 세지 않아서 좋아요.,0
O1461,C293,P156,2026-06-19,1,2,"저랑은 안 맞았어요. 복합성이라 그런지 발랐더니 조금 따가웠어요. 송정우이라고 하고요, 매장 직원분이 친절했어요.",1
O1462,C294,P130,2025-11-07,1,4,친구가 좋다고 해서 샀는데 만족해요. 콜라겐 들어간 거 찾다가 샀는데 만족합니다.,0
O1463,C294,P142,2025-11-18,1,4,샘플 써보고 본품 구매했어요. 어성초 들어간 거 찾다가 샀는데 만족합니다.,0
O1464,C294,P183,2026-04-06,1,1,저랑은 안 맞았어요. 향이 저한테는 좀 강했어요. 저는 장하윤인데 벌써 세 번째 재구매예요.,0
O1465,C294,P007,2026-06-01,1,5,샘플 써보고 본품 구매했어요. 향이 세지 않아서 좋아요.,1
O1466,C295,P152,2025-07-18,1,3,가격 생각하면 이 정도는 하는 것 같아요. 붉은 기가 빨리 가라앉는다는 게 느껴져요. 권예지 언니가 쓰는 거 보고 따라 샀습니다.,0
O1467,C295,P085,2025-08-05,1,2,환불 고민 중입니다. 건성이라 그런지 발랐더니 조금 따가웠어요. 정시우 언니가 쓰는 거 보고 따라 샀습니다.,0
O1468,C295,P196,2026-03-13,2,5,친구가 좋다고 해서 샀는데 만족해요. 향이 세지 않아서 좋아요. 재고 문의는 010 4525 1509 로 부탁드려요.,0
O1469,C295,P094,2026-05-27,1,4,고민하다 샀는데 잘 산 것 같아요. 건성인데 자극 없이 잘 썼어요.,0
O1470,C295,P072,2026-07-11,1,3,가격 생각하면 이 정도는 하는 것 같아요. 판테놀 들어간 거 찾다가 샀는데 만족합니다.,1
O1471,C296,P035,2025-07-21,1,3,기대가 컸나 봐요. 복합성인데 자극 없이 잘 썼어요.,0
O1472,C296,P122,2026-01-03,1,4,친구가 좋다고 해서 샀는데 만족해요. 향이 세지 않아서 좋아요. 재고 문의는 010 6042 5931 로 부탁드려요.,0
O1473,C296,P198,2026-01-15,1,4,재구매입니다. 속건조가 덜하다는 게 느껴져요.,0
O1474,C296,P080,2026-03-07,1,4,고민하다 샀는데 잘 산 것 같아요. 향이 세지 않아서 좋아요.,0
O1475,C296,P056,2026-06-19,1,4,고민하다 샀는데 잘 산 것 같아요. 복합성인데 자극 없이 잘 썼어요. 공구 원하시면 01060425931 연락주세요.,1
O1476,C297,P030,2025-10-08,1,2,환불 고민 중입니다. 지성이라 그런지 발랐더니 조금 따가웠어요. 카톡 아이디 jungwoo51 입니다.,0
O1477,C297,P054,2025-10-08,3,5,샘플 써보고 본품 구매했어요. 꾸덕한 제형이라 아침에 쓰기 좋아요.,0
O1478,C297,P103,2025-11-27,1,4,샘플 써보고 본품 구매했어요. 지성인데 자극 없이 잘 썼어요. 저는 오수빈인데 벌써 세 번째 재구매예요.,0
O1479,C297,P177,2025-12-06,3,5,고민하다 샀는데 잘 산 것 같아요. 산뜻한 제형이라 아침에 쓰기 좋아요.,0
O1480,C297,P061,2026-01-24,1,5,고민하다 샀는데 잘 산 것 같아요. 가볍게 스미는 제형이라 아침에 쓰기 좋아요.,0
O1481,C297,P123,2026-03-22,1,4,고민하다 샀는데 잘 산 것 같아요. 지성인데 자극 없이 잘 썼어요.,0
O1482,C297,P105,2026-04-22,1,3,나쁘진 않은데 특별하진 않네요. 물처럼 묽은 제형이라 아침에 쓰기 좋아요.,0
O1483,C297,P184,2026-06-10,1,1,광고를 너무 믿었나 봐요. 용량 대비 가격이 아쉬워요.,1
O1484,C298,P189,2025-07-16,1,4,재구매입니다. 속건조가 덜하다는 게 느껴져요.,0
O1485,C298,P035,2025-07-16,1,3,기대가 컸나 봐요. 향이 세지 않아서 좋아요.,0
O1486,C298,P058,2025-07-26,2,4,샘플 써보고 본품 구매했어요. 촉촉하게 감싸는 제형이라 아침에 쓰기 좋아요.,0
O1487,C298,P061,2026-03-03,1,3,무난해요. 건성인데 자극 없이 잘 썼어요.,0
O1488,C298,P064,2026-04-09,1,4,재구매입니다. 향이 세지 않아서 좋아요.,0
O1489,C298,P087,2026-04-24,1,2,광고를 너무 믿었나 봐요. 건성이라 그런지 발랐더니 조금 따가웠어요.,0
O1490,C298,P160,2026-04-30,1,3,나쁘진 않은데 특별하진 않네요. 향이 세지 않아서 좋아요.,1
O1491,C299,P075,2025-08-22,1,5,고민하다 샀는데 잘 산 것 같아요. 지성인데 자극 없이 잘 썼어요.,0
O1492,C299,P043,2025-10-09,2,4,두 통째 쓰는 중이에요. 촉촉하게 감싸는 제형이라 아침에 쓰기 좋아요.,0
O1493,C299,P185,2025-11-05,1,5,샘플 써보고 본품 구매했어요. 올라오던 게 덜하다는 게 느껴져요. 권성현 언니가 쓰는 거 보고 따라 샀습니다.,0
O1494,C299,P003,2025-11-24,1,5,샘플 써보고 본품 구매했어요. 지성인데 자극 없이 잘 썼어요.,0
O1495,C299,P134,2026-02-03,1,5,친구가 좋다고 해서 샀는데 만족해요. 지성인데 자극 없이 잘 썼어요. 저는 윤예린인데 벌써 세 번째 재구매예요.,0
O1496,C299,P139,2026-03-24,1,5,친구가 좋다고 해서 샀는데 만족해요. 겉돌던 게 없어졌다는 게 느껴져요.,0
O1497,C299,P158,2026-05-17,1,5,샘플 써보고 본품 구매했어요. 어성초 들어간 거 찾다가 샀는데 만족합니다.,1
O1498,C300,P005,2025-07-22,1,5,샘플 써보고 본품 구매했어요. 결이 정돈된 느낌이 든다는 게 느껴져요. 조예린 언니가 쓰는 거 보고 따라 샀습니다.,0
O1499,C300,P086,2026-01-28,1,5,재구매입니다. 탱탱한 느낌이 오래간다는 게 느껴져요. 궁금하신 분은 010-9899-1341으로 문자주세요.,0
O1500,C300,P134,2026-07-21,1,4,고민하다 샀는데 잘 산 것 같아요. 히알루론산 들어간 거 찾다가 샀는데 만족합니다. 재고 문의는 010 9899 1341 로 부탁드려요.,1
